path	sentence	gender	name	class
128_11.wav	Ajung pe la douăzeci și opt de grade la Focșani și la Buzău.	masc	Florin Busuioc	pozitiv
48_26.wav	Ieri au fost treizeci și unu de grade, astăzi nu sunt mai mult de douăzeci și patru de grade pe la Râmnicu Vâlcea.	masc	Florin Busuioc	pozitiv
327_1.wav	În Moldova se arată soarele și sunt cam singurele locuri pe unde o să strălucească,	masc	Cosmin Stan	pozitiv
87_20.wav	Nu lipsesc perioadele cu soare, iar cel mai cald va fi în depresiuni,	masc	Cosmin Stan	pozitiv
187_21.wav	În Oltenia se înnorează din când în când și s-ar putea să vină o aversă, două în ansamblu însă avem vreme bună,	masc	Cosmin Stan	negativ
166_32.wav	vântul suflă cu până la cincizeci de kilometri pe oră,	masc	Florin Busuioc	negativ
55_13.wav	Vântul va avea intensificări în estul țării, în Carpații Meridionali și în sudul Banatului.	masc	Cosmin Stan	negativ
325_15.wav	Maximele se vor opri pe la șapte-opt grade la Timișoara.	masc	Cosmin Stan	pozitiv
295_19.wav	Soare și vreme bună găsim și în Transilvania. Acum dimineață e cam frig, mai ales în depresiuni.	masc	Cosmin Stan	pozitiv
174_8.wav	În Moldova sudică și în nordul Munteniei, timpul e frumos, doar izolat așa.	masc	Florin Busuioc	pozitiv
85_3.wav	Maximele pornesc de la douăzeci și unu - douăzeci și două de grade în depresiuni și în nord-vest	masc	Cosmin Stan	pozitiv
152_9.wav	La noapte mai sunt înnorări și ploi în Maramureș, în Crișana și prin Banat, dar și în Oltenia.	masc	Cosmin Stan	negativ
157_12.wav	În sudul Banatului poate să depășească șaptezeci de kilometri pe oră. Aerul rece pătrunde și în Transilvania și maximele pleacă de pe la zece grade la Sibiu	masc	Florin Busuioc	negativ
386_29.wav	La București avem soare, câțiva nori, poate doi-trei fulgi, cel mult două grade la orele prânzului, vântul mai are intensifică și sporește,	masc	Florin Busuioc	negativ
209_24.wav	În această parte vizibilitatea în unele zone este sub cincizeci de metri, mare atenție dacă circulați pe drumurile din această zonă	masc	Florin Busuioc	negativ
3_21.wav	E posibil să formeze vijelii, să cadă grindină.	masc	Florin Busuioc	negativ
43_22.wav	Mai avem ceva înnorării, în sud-vestul provinciei o să fie câteva reprize cu ploi torențiale,	masc	Florin Busuioc	negativ
386_23.wav	Maxime de cel mult zero grade la Târgu Mureș, dar minus șase la Miercurea Ciuc, vedeți?	masc	Florin Busuioc	negativ
92_6.wav	La malul mării sunt douăzeci și unu de grade, în Bărăgan însă vor fi douăzeci și opt pe la Slobozia.	masc	Florin Busuioc	pozitiv
305_1.wav	Norii apar așa, sporadic, însă vântul bate cam nervos în partea estică, sud-estică, în vest și pe la munte.	masc	Florin Busuioc	negativ
13_15.wav	Dar după amiază se cam adună norii și vin mai multe reprize cu ploi torențiale.	masc	Florin Busuioc	negativ
297_9.wav	Mâine se încălzește și vremea frumoasă cuprinde aproape toată țara.	masc	Cosmin Stan	pozitiv
85_27.wav	În București rămânem cu atmosfera caldă și se ating tot treizeci și unu de grade la orele prânzului,	masc	Cosmin Stan	pozitiv
16_16.wav	Cam la fel va fi și în sudul țării, atmosferă foarte plăcută dacă ne gândim la aspect, cu soare toată ziua, dar e zăpușeală foarte mare la amiază, temperaturile vor ajunge la treizeci și cinci de grade Celsius în Lunca Dunării, dar să știți că prin zona Zimnicei e extrem de cald, treizeci și șapte de grade și pe acolo.	masc	Florin Busuioc	pozitiv
389_23.wav	La altitudini mari, rafalele depășesc optzeci-nouăzeci de kilometri pe oră, va fi viscol, vizibilitatea o să scadă foarte mult.	masc	Cosmin Stan	negativ
293_24.wav	Avem soare, câțiva nori, un vânt domol, temperaturile cresc și pe aici ajung pe la nouăsprezece-douăzeci de grade în Lunca Dunării pe la Giurgiu.	masc	Florin Busuioc	pozitiv
115_18.wav	pe anumite cursuri de apă de acolo, e așadar cod roșu de inundații.	masc	Florin Busuioc	negativ
279_28.wav	Temperaturile vor urca până pe la douăzeci și trei de grade, deși acum ar trebui să avem doar paisprezece-cincisprezece grade.	masc	Cosmin Stan	pozitiv
209_18.wav	iar temperaturile ajung la șaisprezece grade prin vestul provinciei la Târgu Mureș	masc	Florin Busuioc	pozitiv
212_23.wav	Poate fi și grindină, puțină grindină în această zonă, însă e mai cald un pic.	masc	Florin Busuioc	negativ
187_24.wav	Vântul adie plăcut, se vor înregistra vreo șaptesprezece grade, poate chiar optsprezece pe alocuri.	masc	Cosmin Stan	pozitiv
243_27.wav	La munte avem încă o zi cu o atmosferă de iarnă, ninge slab în majoritatea masivelor	masc	Florin Busuioc	negativ
141_22.wav	Peste noapte atmosfera se mai liniștește și temperaturile coboară la zece grade.	masc	Florin Busuioc	pozitiv
249_20.wav	Încă sunt temperaturi sub nivelul perioadei, ar trebui să avem vreo șaptesprezece grade, avem cel mult unsprezece pe la Râmnicu Vâlcea.	masc	Florin Busuioc	negativ
144_12.wav	În partea nordică a Transilvaniei și în Maramureș vremea e neplăcută, nori, mulți nori, plouă în mai multe reprize.	masc	Florin Busuioc	negativ
48_30.wav	La București se schimbă vremea, avem și aici ploi.	masc	Florin Busuioc	negativ
71_14.wav	Maximele ajung la douăzeci și cinci de grade și mai pot apărea câteva ploi slabe trecătoare.	masc	Cosmin Stan	negativ
272_6.wav	Dobrogea și Bărăganul, aici se răcește accentuat. Ieri au fost douăzeci și două de grade.	masc	Florin Busuioc	pozitiv
166_7.wav	iar temperaturile rămân scăzute, undeva până în paisprezece grade, pe la Tulcea.	masc	Florin Busuioc	negativ
174_10.wav	Vor ajunge tot pe la douăzeci și două de grade la Galați și la Brăila, în jumătatea nordică a Moldovei și în Bucovina.	masc	Florin Busuioc	pozitiv
186_9.wav	Din când în când se înnorează, iar în zonele de deal și de munte o să vină o aversă-două.	masc	Cosmin Stan	negativ
351_22.wav	Temperaturile se mențin ridicate pentru momentul acesta al anului, iată avem minus un grad în Ceahlău, patru la Predeal și Păltiniș, cinci în Semenic și la Stâna de Vale sunt șapte grade Celsius.	masc	Florin Busuioc	negativ
327_17.wav	În vestul României avem o zi cam mohorâtă, un pic de ceață acum dimineața, câțiva stropi de ploaie mai târziu,	masc	Cosmin Stan	negativ
222_24.wav	În nordul Transilvaniei și în Maramureș vremea e ceva mai bună.	masc	Florin Busuioc	pozitiv
299_19.wav	Și în vestul țării vremea e frumoasă, e rece acum dimineață, pe la amiază însă se mai încălzește,	masc	Florin Busuioc	pozitiv
92_0.wav	Se cam aduna norii astăzi, să știți, și vin ploi perioade destul de multe, cu averse abundente în vest, în nord-vest, în centrul României.	masc	Florin Busuioc	negativ
190_30.wav	Temperaturile rămân un pic sub normal, undeva pe la șaptesprezece, poate optsprezece grade.	masc	Florin Busuioc	negativ
384_13.wav	în rest negative sunt, peste noapte se lasă gerul în zona Transilvaniei, minus zece grade la Bistrița	masc	Florin Busuioc	negativ
366_3.wav	E cam înorat, dar nu sunt semne de precipitații, în rest atmosfera e însorită și un vânt mai insistent	masc	Florin Busuioc	negativ
266_29.wav	O să plouă în mai multe reprize și vântul bate cam nervos pe crestele munților,	masc	Florin Busuioc	negativ
20_43.wav	douăzeci și unu grade la Păltiniș, la Stâna de Vale și la Predeal, douăzeci și trei grade.	masc	Florin Busuioc	pozitiv
157_13.wav	și cu greu ajung la cincisprezece grade pe la Târgu Mureș, ploile apar mai ales pe la munte și vântul bate tare în vestul Carpaților Meridionali,	masc	Florin Busuioc	negativ
81_36.wav	Acolo e rece, dar avem douăzeci și șapte de grade la Giurgiu.	masc	Florin Busuioc	pozitiv
99_36.wav	Iată, unsprezece grade în Ceahlău, șaisprezece în Semenic, șaptesprezece Păltiniș, optsprezece Stâna de Vale, la Predeal nouăsprezece grade.	masc	Florin Busuioc	pozitiv
272_28.wav	Vremea se schimbă radical în centru țării. Temperaturile scad foarte mult.	masc	Florin Busuioc	negativ
46_20.wav	În Oltenia revine vremea frumoasă, temperaturile cresc simțitor, ieri au fost nu mai mult de douăzeci de grade și a plouat toată ziua,	masc	Florin Busuioc	negativ
141_35.wav	O maximă undeva pe la douăzeci și trei de grade. La noapte se mai risipesc norii, temperatură de treisprezece grade.	masc	Florin Busuioc	pozitiv
309_0.wav	Astăzi se răcește în majoritatea zonelor și temperaturile se apropie de normal.	masc	Cosmin Stan	negativ
107_15.wav	Însă, mai pe după prânz, așa către după masă și spre seară, vin mai multe reprize de ploaie, tunete, fulgere.	masc	Florin Busuioc	negativ
187_17.wav	iar maximele nu vor depăși cincisprezece - șaisprezece grade.	masc	Cosmin Stan	negativ
190_19.wav	Mai către seară poate să și plouă puțin pe la munte.	masc	Florin Busuioc	negativ
360_10.wav	și opt, poate chiar nouă grade în sud-estul, dar și în sud-vestul României.	masc	Cosmin Stan	pozitiv
258_3.wav	iar la munte vin precipitații mixte, maximele pleacă de la șase grade la Suceava.	masc	Florin Busuioc	negativ
283_18.wav	După ce se lasă noaptea, apar niște nori de ploaie și în această zonă.	masc	Florin Busuioc	negativ
316_17.wav	Temperaturile mai scad un pic față de ieri, dar încă sunt ridicate pentru luna martie până la șaptesprezece grade la Râmnicu Vâlcea.	masc	Florin Busuioc	pozitiv
393_5.wav	În zonele înalte va fi în continuare viscol cu rafale de peste nouăzeci de kilometri pe oră.	masc	Cosmin Stan	negativ
299_25.wav	Și la capitolul temperaturi stăm mai bine decât ieri și aici, când s-au înregistrat șase grade,	masc	Florin Busuioc	pozitiv
87_21.wav	pe la Sfântu Gheorghe, acolo unde se vor atinge chiar și douăzeci și nouă de grade.	masc	Cosmin Stan	pozitiv
200_14.wav	Mai pe după prânz se vor atinge nouăsprezece grade pe la Iași.	masc	Florin Busuioc	pozitiv
5_5.wav	La noapte cerul va fi senin în majoritatea zonelor, în depresiunile din estul Transilvaniei se face răcoare, se ating zece grade,	masc	Cosmin Stan	pozitiv
275_2.wav	în timp ce în vest cel mult opt-zece grade, deci scad drastic temperaturile pe acolo.	masc	Florin Busuioc	negativ
297_3.wav	Vântul se intensifică în Dobrogea, în Bărăgan, dar și prin sudul Banatului,	masc	Cosmin Stan	negativ
193_9.wav	Nici pe aici nu apare soarele deloc, maxime sub normal undeva până în șaisprezece grade la Buzău și Brăila.	masc	Florin Busuioc	negativ
78_24.wav	pe la douăzeci și cinci de grade, însă în sudul Banatului vor fi cel mult douăzeci de grade.	masc	Cosmin Stan	pozitiv
364_14.wav	Avem două grade Stâna de Vale și în Semenic, patru la Păltiniș și la Predeal și minus trei grade în Ceahlău.	masc	Florin Busuioc	negativ
43_9.wav	Mergem mai departe, în Moldova sudică și nordul Munteniei, unde e soare, vreme bună.	masc	Florin Busuioc	pozitiv
230_18.wav	După ce se lasă noaptea, în vestul provinciei poate că și plouă puțin de tot.	masc	Florin Busuioc	negativ
230_14.wav	În vestul țării atmosfera e însorită, mai cald un pic ca ieri, se face maxime de optsprezece grade, vedeți?	masc	Florin Busuioc	pozitiv
13_13.wav	treizeci și opt de grade la Focșani, la Galați, la Brăila, la Buzău, treizeci și șapte	masc	Florin Busuioc	pozitiv
61_7.wav	Atmosfera e cu soare, la malul mării vântul bat un pic mai nervos și după masă ar fi ceva șanse de ploaie,	masc	Florin Busuioc	negativ
186_5.wav	Pe aici se anunță o zi destul de frumoasă, în special în Bărăgan. În Dobrogea vor fi unele înnorări și cresc șansele de ploaie,	masc	Cosmin Stan	pozitiv
160_14.wav	Două grade în Ceahlău, patru în Semenic, șapte grade la Păltiniș, zece la Predeal, iar la Stâna de Vale astăzi paisprezece grade.	masc	Florin Busuioc	pozitiv
30_0.wav	Cum arată vremea astăzi? E în general instabilă, să știți, cu averse foarte abundente, căderi de grindină, cu vijelii.	masc	Florin Busuioc	negativ
144_5.wav	Pe aici vedem că sunt ceva înnorări, plouă, avem și perioade cu soare pe timpul zilei, nu e chiar mohorâtă complet ziua.	masc	Florin Busuioc	negativ
10_29.wav	Și la București acum dimineață mai plouă un pic, apare după aceea soarele, maxima se oprește, maxima se oprește la treizeci și șapte de grade.	masc	Florin Busuioc	pozitiv
45_4.wav	Maximele pleacă de pe la douăzeci și patru de grade aici în zona depresionară, pe la Miercurea Ciuc, pe la Brașov	masc	Florin Busuioc	pozitiv
327_2.wav	dar în celelalte regiuni iată o zi cam mohorâtă. S-ar putea chiar să și picure trecător.	masc	Cosmin Stan	negativ
255_9.wav	Pot să se strângă și cantăți însemnate de apă și vântul bate cam nervos și maximele cu greu, cu greu ajung la cinci grade.	masc	Florin Busuioc	negativ
386_15.wav	În nordul Transilvaniei și în Maramureș, cerul e senin în mare parte a zilei, dar vremea tot așa rămâne foarte rece,	masc	Florin Busuioc	pozitiv
33_14.wav	Descărcări electrice, vânt intens, mare risc de viituri și inundații. Și grindina poate să creeze probleme. Treizeci și unu de grade pe la Drobeta-Turnu Severin, Sudul țării.	masc	Florin Busuioc	negativ
157_14.wav	încoace și la noapte temperaturile se apropie de zero grade în depresiuni.	masc	Florin Busuioc	negativ
234_15.wav	Ieri au fost optsprezece grade, astăzi nu sunt mai mult de paisprezece grade prin zona Buzăului.	masc	Florin Busuioc	negativ
325_10.wav	Maximele nu mai trec de patru sau cel mult șase grade, iar la Suceava o să fie maximum un grad pe la amiază.	masc	Cosmin Stan	negativ
393_3.wav	dar prin sudul și vestul României o să cadă lapoviță sau o să plouă.	masc	Cosmin Stan	negativ
267_13.wav	Astăzi, maximele ajung la douăsprezece grade la Piatra Neamț și Bacău, iar încălzirea aceasta a vremii se va simți și în nordul Transilvaniei și în Maramureș.	masc	Florin Busuioc	pozitiv
190_23.wav	În Transilvania avem soare cea mai mare parte a zilei.	masc	Florin Busuioc	pozitiv
71_12.wav	În nordul Transilvaniei și în Maramureș avem o dimineață cam mohorâtă, cu un pic de ceață pe la câmpia	masc	Cosmin Stan	negativ
366_1.wav	până la treisprezece grade în sudul și sud-vestul României.	masc	Florin Busuioc	pozitiv
386_20.wav	deci va fi ger și acolo.	masc	Florin Busuioc	negativ
357_33.wav	După care mai târziu apare soarele, se mai răcește, însă în continuare e mai cald decât ar trebui să fie,	masc	Florin Busuioc	negativ
239_13.wav	Maximele ajung la treisprezece, chiar paisprezece grade, norii vin și trec, iar după lăsarea nopții o să plouă puțin prin Maramureș.	masc	Cosmin Stan	negativ
293_5.wav	Soare, poate și în ceva nori, un vânt mai insistent se face mai cald față de ieri.	masc	Florin Busuioc	pozitiv
138_2.wav	Astăzi avem soare în prima parte a zilei, după care mai pe seară apar niște înnorări,	masc	Florin Busuioc	pozitiv
20_21.wav	În partea nordică a Transilvaniei, în zona Maramureșului, ziua e destul de plăcută, însorită.	masc	Florin Busuioc	pozitiv
136_21.wav	În București rămânem cu vremea caldă, vom avea în jur de douăzeci și șapte de grade pe la amiază, soare în prima parte a zilei,	masc	Cosmin Stan	pozitiv
115_19.wav	Deci e foarte gravă situația în acea zonă. Până la ora nouă am zis.	masc	Florin Busuioc	negativ
85_4.wav	și ajung la treizeci și unu de grade prin sud și sud-est.	masc	Cosmin Stan	pozitiv
389_27.wav	Temperaturile sunt în scădere față de ieri și pe aici, dar rămân la valori negative în mare parte din zi.	masc	Cosmin Stan	negativ
157_25.wav	Un grad în Ceahlău, trei în Semenic și la Păltiniș, șapte la Stâna de Vale, la Predeal, nouă grade cel mult.	masc	Florin Busuioc	pozitiv
190_44.wav	Către seară apar și câțiva nori de ploaie în masivele din vest, prin Apuseni pe acolo,	masc	Florin Busuioc	negativ
236_13.wav	Deci, temperaturi modeste pentru perioada asta.	masc	Florin Busuioc	pozitiv
128_18.wav	O să avem și așa ceva și temperaturile scad un pic, cel mult douăzeci și cinci de grade pe la Bistrița.	masc	Florin Busuioc	negativ
157_10.wav	Înnorări persistente, ploi, deci cum nu se poate mai neplăcut. Vestul țării are o răcire simțitoare, cel mult șaisprezece grade pe la prânz.	masc	Florin Busuioc	negativ
101_5.wav	Maximele pornesc de la optsprezece grade în sud-vestul țării și ajung pe la douăzeci și șase - douăzeci și șapte de grade în vestul și în sud-estul României.	masc	Cosmin Stan	pozitiv
243_13.wav	Încă e foarte rece pentru perioada aceasta, sunt zone în care e posibil să și plouă puțin	masc	Florin Busuioc	negativ
218_29.wav	Ploile apar mai ales seara și vin cu descărcări electrice,	masc	Florin Busuioc	negativ
325_8.wav	Norii apar destul de rar și atmosfera devine plăcută după prânz.	masc	Cosmin Stan	pozitiv
144_9.wav	Ploile dacă apar vor fi izolate, vântul suflă moderat pe aici și temperaturile scad un pic, vor fi douăzeci și patru de grade pe la Galați și Brăila.	masc	Florin Busuioc	negativ
162_4.wav	Poate, poate douăzeci de grade în vestul țării Timișoara-Oradea.	masc	Florin Busuioc	pozitiv
327_21.wav	Temperaturile rămân modeste în depresiuni, dar urcă până pe la nouă-zece grade în restul provinciei.	masc	Cosmin Stan	pozitiv
349_11.wav	Cea mai mică temperatură din țară. Apar și niște condiții de ploaie.	masc	Florin Busuioc	negativ
168_19.wav	Aici plouă mai tare, vor fi și descărcări electrice pe acolo.	masc	Florin Busuioc	negativ
45_21.wav	În vestul țării continuă să fie vreme frumoasă, apar norii destul de rar să știți.	masc	Florin Busuioc	pozitiv
389_33.wav	În București se răcește simțitor și maxima se oprește astăzi la un grad Celsius.	masc	Cosmin Stan	negativ
258_10.wav	Vântul bate nervos, din când în când se mai încălzește puțin și pe aici și pe la Brăila vor fi șaptesprezece grade.	masc	Florin Busuioc	negativ
174_30.wav	Se cam înnorează, din când în când, după amiază apar câteva reprize de ploaie, așa.	masc	Florin Busuioc	negativ
3_29.wav	cu fenomene electrice, mai ales în a doua parte a zilei, pe partea vestică a provinciei în special.	masc	Florin Busuioc	negativ
198_17.wav	E înnorat, mai multe reprize cu ploi abundente, cu zece grade mai puțin decât ieri.	masc	Florin Busuioc	negativ
366_0.wav	Astăzi avem vreme caldă în majoritatea regiunilor, maximele undeva de pe la trei grade în depresiuni,	masc	Florin Busuioc	pozitiv
3_10.wav	Mai sus, în Moldova sudică și în Nordul Munteniei, avem o zi cu soare, mult soare	masc	Florin Busuioc	pozitiv
45_37.wav	minima iertați-mă, ajunge la șaisprezece grade. Vremea se încălzește și la munte.	masc	Florin Busuioc	pozitiv
360_5.wav	iar maximele se încadrează între șapte grade în depresiuni și până la șaptesprezece grade în ținuturile sudice.	masc	Cosmin Stan	pozitiv
125_6.wav	Mai ales în zona Bărăganului, acolo plouă mai serios, vântul bate nervos, temperaturile scad față de ieri puțin,	masc	Florin Busuioc	negativ
343_6.wav	La munte treptat vor predomina ninsorile și pe creste va fi viscol.	masc	Florin Busuioc	negativ
309_3.wav	Vântul va avea intensificări în cea mai mare parte a Moldovei, cu viteze de cincizeci și cinci-șaptezeci kilometri pe oră,	masc	Cosmin Stan	negativ
141_39.wav	Iar temperaturile sunt nouă grade în Ceahlău și Semenic.	masc	Florin Busuioc	pozitiv
316_11.wav	Plouă se mai încălzește față de ieri, undeva pe la șaptesprezece grade la Baia Mare și Zalău.	masc	Florin Busuioc	pozitiv
395_25.wav	În Transilvania se anunță o zi foarte rece, ninsori slabe,	masc	Florin Busuioc	negativ
343_35.wav	În sudul țării vremea e ceva mai bună, soare, câțiva nori.	masc	Florin Busuioc	pozitiv
243_17.wav	Trei-patru grade, patru la Timișoara și la Deva și pe aici ninge puțin dimineață	masc	Florin Busuioc	negativ
35_38.wav	Cerul rămâne curat toată ziua, temperaturile se duc până în treizeci de grade pe la Mamaia,	masc	Florin Busuioc	pozitiv
33_15.wav	Aici vin averse care pot să aducă cantăți mari de apă într-un timp foarte scurt. Vântul bate tare în timpul ploilor și avem condiții de grindină. În Lunca Dunării se ating treizeci și cinci de grade pe la Giurgiu.	masc	Florin Busuioc	negativ
144_6.wav	Vântul e mai insistent și mai pe după prânz vor fi undeva pe la douăzeci și patru de grade în zona Tulcea.	masc	Florin Busuioc	negativ
59_15.wav	Temperaturile și aici cresc foarte tare, după prânz se vor atinge treizeci și patru de grade la Bacău,	masc	Florin Busuioc	pozitiv
87_11.wav	Temperaturile cresc față de ieri și ajung la treizeci și unu de grade.	masc	Cosmin Stan	pozitiv
26_5.wav	Temperaturile scad simțitor. Ieri am avut treizeci și trei - treizeci și patru de grade, astăzi vor fi cel mult douăzeci și șapte - douăzeci și opt de grade.	masc	Cosmin Stan	negativ
184_7.wav	Se mai încălzește față de noaptea trecută, minimele se încadrează între zero grade în depresiunile din estul Transilvaniei și nouă-zeci grade în ținuturile sudice și pe litoral.	masc	Cosmin Stan	pozitiv
59_11.wav	Se face foarte cald și în Moldova sudică și nordul Munteniei.	masc	Florin Busuioc	pozitiv
81_34.wav	Pe aici, în restul provinciei, avem și perioade cu soare.	masc	Florin Busuioc	pozitiv
68_29.wav	La mare plouă din când în când, se arată trecător soarele, se face mai răcoare decât ieri.	masc	Florin Busuioc	negativ
74_4.wav	și ajung până la treizeci grade în sud și sud-est.	masc	Cosmin Stan	pozitiv
267_33.wav	La munte e foarte frig acum dimineață, după care mai târziu, spre prânz, așa se mai dezmorțește atmosfera.	masc	Florin Busuioc	negativ
360_6.wav	La noapte înnorările și ploile se extind în aproape toată jumătatea nordică.	masc	Cosmin Stan	negativ
258_17.wav	În vestul țării urmează o zi cu soare, însă vin și câteva ploi slabe, sporadice, vântul bate nervos.	masc	Florin Busuioc	negativ
187_31.wav	Vântul mai are unele intensificări la început de zi, iar temperaturile rămân modeste,	masc	Cosmin Stan	negativ
236_33.wav	La noapte se mențin condițiile de ploaie, avem la noapte șapte grade în centrul orașului și patru la periferia Bucureștiului,	masc	Florin Busuioc	negativ
378_25.wav	Maxime ușor mai mari față de cele care au fost ieri, cinci grade pe la Ploiești, patru pe la Giurgiu, la București avem o dimineață foarte rece,	masc	Florin Busuioc	negativ
144_22.wav	La București astăzi se răcorește, nu avem mai mult de douăzeci și două de grade pe la prânz.	masc	Florin Busuioc	pozitiv
26_13.wav	Și în ținuturile vestice se mai încălzăște puțin, maximele se apropie de pragul de treizeci de grade.	masc	Cosmin Stan	pozitiv
338_34.wav	Zero în Semenic, două la Păltiniș, trei la Stâna de Vale și la Predeal șapte grade Celsius.	masc	Florin Busuioc	pozitiv
110_11.wav	În vestul țării, cerul este senin acum dimineață, însă după prânz se schimbă lucrurile și apar reprize cu ploi torențiale, descărcări electrice, intensificări de vânt, căderi de grindină pot să fie.	masc	Florin Busuioc	negativ
43_13.wav	Uitați-vă, vremea se încălzește și în nordul Transilvaniei și în zona Maramureșului,	masc	Florin Busuioc	pozitiv
218_28.wav	În sud, vremea e ceva mai rece decât ar fi normal, undeva pe la șaisprezece grade la Giurgiu,	masc	Florin Busuioc	negativ
357_23.wav	Avem câteva ploi în zonele joase, la munte precipitațiile vin sub formă de lapoviță și ninsoare,	masc	Florin Busuioc	negativ
48_32.wav	La noapte din nou se adună norii și minima ajunge pe la cincisprezece grade.	masc	Florin Busuioc	negativ
24_6.wav	Ieri am avut douăzeci și cinci - douăzeci și șase de grade, astăzi temperaturile urcă până la treizeci și două de grade.	masc	Cosmin Stan	pozitiv
3_4.wav	Avem perioade cu ploi și cu instabilitate, cantăți destul de mari de apă, poate fi și grindină.	masc	Florin Busuioc	negativ
275_9.wav	Aversele ajung și în această zonă și vor fi însoțite de descărcări electrice.	masc	Florin Busuioc	negativ
234_35.wav	Vântul bate nervos în zona înaltă a meridionalilor și Carpaților de Curbură, aici rafalele depășesc șaptezeci-optzeci de kilometri pe oră,	masc	Florin Busuioc	negativ
212_19.wav	În Transilvania, atmosfera e cam schimbătoare, cel mai mult plouă în zona montană	masc	Florin Busuioc	negativ
285_26.wav	După prânz însă apare soarele în toată provincia și se încălzește simțitor până la șaptesprezece grade la Ploiești.	masc	Florin Busuioc	pozitiv
162_18.wav	În sud-vestul țării, vremea e mohorâtă, închisă, în zonele de deal și de munte sunt ceva ploi slabe, vântul bate nervos,	masc	Florin Busuioc	negativ
258_1.wav	În restul țării temperaturile sunt normale. Ploile apar în zona centrală, prin zonele sud-vestice.	masc	Florin Busuioc	negativ
369_19.wav	Dar vedem că la Târgu Mureș, Miercurea Ciuc și Brașov e cel mai rece din țară, de fapt două grade.	masc	Florin Busuioc	negativ
395_35.wav	Vor fi înnorări, poate și câțiva stropi de ploaie, undeva pe la opt grade la prânz,	masc	Florin Busuioc	negativ
325_14.wav	Un aer mai rece ajunge și în vestul României, se adună norii, o să picure trecător, iar în zonele deluroase vor fi condiții de lapoviță.	masc	Cosmin Stan	negativ
360_0.wav	Astăzi avem vreme caldă în majoritatea regiunilor. Precipitațiile apar mai ales în nord, prin nord-vest, dar și în centru.	masc	Cosmin Stan	pozitiv
1_8.wav	Se vor atinge treizeci și șapte - treizeci și opt de grade pe la Călărași, chiar. Mai cald și la Malul Mării, extraordinar de cald.	masc	Florin Busuioc	pozitiv
119_11.wav	În sudul țării avem perioade cu soare pe timpul zilei. După amiază se adună norii. O să vină și câteva reprize cu ploi torențiale, descărcări electrice, vijelii, grindină.	masc	Florin Busuioc	negativ
30_28.wav	O să vină și la București ploi foarte zgomotoase, abundente, pot să se producă vijelii de asemenea.	masc	Florin Busuioc	negativ
214_27.wav	și mâine în zori, poate că e și un pic de ceață, vor fi șase grade spre dimineață.	masc	Florin Busuioc	negativ
222_18.wav	Vin câteva reprize de ploi abundente, cu tunete, cu fulgere.	masc	Florin Busuioc	negativ
272_22.wav	Și maximele nu trec de șase-șapte grade pe la Baia Mare.	masc	Florin Busuioc	negativ
180_6.wav	În Moldova sudică și în nordul Monteniei e senin, vântul bate domol, temperaturile sunt absolut minunate,	masc	Florin Busuioc	pozitiv
138_10.wav	Vântul bate mai nervos din când în când. În nordul Moldovei și în Bucovina avem o zi cu soare,	masc	Florin Busuioc	pozitiv
24_14.wav	Se mai încălzăște puțin și aici, dar încă avem valori suportabile de douăzeci și opt - douăzeci și nouă de grade.	masc	Cosmin Stan	pozitiv
316_5.wav	Vântul rămâne activ, cerul se umple de nori și mai către seară o să vină și ploile.	masc	Florin Busuioc	negativ
272_19.wav	În nordul Transilvaniei și în Maramureș urmează o zi cam neplăcută.	masc	Florin Busuioc	negativ
389_37.wav	iar în zona înaltă din Meridionali bate foarte tare cu peste nouăzeci de kilometri pe oră,	masc	Cosmin Stan	negativ
349_0.wav	Astăzi avem o răcire în sudul și în estul țării, pe unde mai apar și câteva ploi slabe.	masc	Florin Busuioc	negativ
187_10.wav	Apoi se face puțin mai cald decât ieri, norii apar destul de rar și temperaturile urcă până la șaisprezece grade.	masc	Cosmin Stan	pozitiv
384_0.wav	Astăzi avem tot așa vreme rece, e ger, dimineața în foarte multe zone mai vin ceva ninsori slabe pe jumătatea estică pe aici	masc	Florin Busuioc	negativ
266_25.wav	La noapte vin ploi mai serioase și în această provincie.	masc	Florin Busuioc	negativ
372_21.wav	La prânz, maximele vor ajunge pe la Satu Mare, la șapte grade, acolo e cea mai mare temperatură din regiune.	masc	Florin Busuioc	pozitiv
1_27.wav	La miezul zilei se depășesc treizeci de grade în toată provincia.	masc	Florin Busuioc	negativ
267_34.wav	Vremea frumoasă cuprinde toată zona montană, temperaturile cresc față de ieri.	masc	Florin Busuioc	pozitiv
301_9.wav	până la zece grade la Tulcea.	masc	Florin Busuioc	pozitiv
81_10.wav	Aici vor fi undeva pe la douăzeci și șase de grade. În jumătatea nordică a Moldovei și în Bucovina.	masc	Florin Busuioc	pozitiv
107_20.wav	În vest, instabilitatea va crește treptat. Aversele apar în a doua parte a zilei,	masc	Florin Busuioc	negativ
301_15.wav	La munte ninge și vântul bate cu șaizeci de kilometri pe oră.	masc	Florin Busuioc	negativ
130_2.wav	Maximele pleacă de pe la douăzeci de grade în zona depresionară și la malul mării și vor ajunge la douăzeci și șapte - douăzeci și opt de grade în partea sud-estică, pe la Galați, Buzău, București, probabil și în Bărăgan.	masc	Florin Busuioc	negativ
214_21.wav	pe la Drobeta-Turnu Severin și Râmnicu Vâlcea, o să mai plouă puțin și după ce se lasă noaptea,	masc	Florin Busuioc	negativ
218_8.wav	Temperaturile se duc până în optsprezece grade pe la Tulcea, la Constanța e mai răcoare, paisprezece grade.	masc	Florin Busuioc	pozitiv
275_24.wav	și la noapte cerul se degajează treptat. În schimb, în Sud vremea rămâne călduroasă și astăzi.	masc	Florin Busuioc	pozitiv
386_13.wav	iar în zonele înnalte de munte, vântul viscolește ninsoarea sau spulberă zăpada depusă cu viteze de cincizeci-șaptezeci de kilometri pe oră,	masc	Florin Busuioc	negativ
16_10.wav	În nordul Transilvaniei și în Maramureș, e foarte plăcută vremea în prima parte a zilei, după care de seară și la noapte se adună norii și apar și pe aici câteva averse.	masc	Florin Busuioc	pozitiv
97_19.wav	În zona Bucovinei însă și pe la munte vor fi câteva reprize de ploaie.	masc	Florin Busuioc	negativ
357_30.wav	În sudul țării avem și înnorări, avem și ploi în zona de deal, temperaturile scad,	masc	Florin Busuioc	negativ
222_35.wav	Maximele se opresc pe la optsprezece grade pe la Râmnicu Vâlcea și cam la fel va fi vremea și în sudul țării.	masc	Florin Busuioc	pozitiv
99_12.wav	Și în jumătatea nordică a Moldovei și în zona Bucovinei se face mai cald decât ieri.	masc	Florin Busuioc	pozitiv
366_7.wav	Nici vântul nu pune probleme, iar temperaturile urcă până la zece grade în Bărăgan.	masc	Florin Busuioc	pozitiv
152_12.wav	și cincisprezece grade prin dealurile de vest.	masc	Cosmin Stan	pozitiv
182_27.wav	e posibil să picure puțin, în Oltenia e soare în prima parte a zilei,	masc	Florin Busuioc	pozitiv
43_12.wav	Temperaturile cresc, pe la amiază vor fi peste treizeci de grade în aproape toată provincia.	masc	Florin Busuioc	pozitiv
327_19.wav	Nici în Transilvania nu prea zărim soarele și e posibil să picure trecător.	masc	Cosmin Stan	negativ
198_21.wav	În plus, la altitudini mari, poate fi lapoviță chiar minsoare,	masc	Florin Busuioc	negativ
152_1.wav	Astăzi, temperaturile continuă să crească și se vor apropia de valorile normale.	masc	Cosmin Stan	pozitiv
393_9.wav	La noapte mai vin ceva ninsori în centrul, în sudul și în estul României.	masc	Cosmin Stan	negativ
1_47.wav	Crește și disconfortul termic, atmosferă înăbușitoare.	masc	Florin Busuioc	negativ
255_11.wav	Și în nordul Transilvaniei și în Maramureș urmează o zi neplăcută, foarte neplăcută, cerul e acoperit, precipitații sub toate formele, mult mai frig decât ar fi normal.	masc	Florin Busuioc	negativ
222_16.wav	Însă la malul mării doar treisprezece grade. Acolo e mai răcoare un pic.	masc	Florin Busuioc	pozitiv
333_17.wav	Temperaturile cresc ușor și vremea devine călduroasă pentru momentul acesta al anului.	masc	Florin Busuioc	pozitiv
3_38.wav	Spre dimineață douăzeci de grade, noaptea e senină.	masc	Florin Busuioc	pozitiv
53_12.wav	Dacă aveți de circulat în județul Harghita să aveți mare grijă pentru că e periculos.	masc	Florin Busuioc	negativ
230_24.wav	Mai cald un pic se face, la amiază se ating douăzeci, poate chiar douăzeci și unu de grade prin zona Giurgiului.	masc	Florin Busuioc	pozitiv
214_9.wav	Cerul e acoperit de nori, multă ploaie, temperaturile sunt modeste pentru perioada aceasta, vântul bate cam nervos și pe aici,	masc	Florin Busuioc	negativ
20_3.wav	Astăzi, să știți că se încălzește foarte tare pe vest și pe sud. Amiaza aduce caniculă în unele zone	masc	Florin Busuioc	pozitiv
5_4.wav	Vântul are intensificări ușoare în Dobrogea, iar maximele se încadrează între douăzeci și opt de grade pe litoral și treizeci și opt de grade în Lunca Dunării.	masc	Cosmin Stan	negativ
180_13.wav	Vestul țării are vreme foarte caldă, temperaturile urcă la douăzeci și cinci de grade Celsius,	masc	Florin Busuioc	pozitiv
43_29.wav	pe aici se înmulțesc norii și vin mai multe serii de averse consistente.	masc	Florin Busuioc	negativ
166_36.wav	iar la noapte se mai risipesc norii și minim ajunge pe la șapte grade.	masc	Florin Busuioc	pozitiv
295_31.wav	Dimineața s-ar putea să fie ceață pe văi și în depresiuni, iar la noapte apar ceva înnorări în masivele vestice.	masc	Cosmin Stan	negativ
386_19.wav	Maximele ajung cu greu la zero grade, dar la Deva sub minus două la noapte, temperaturile și pe aici coboară pe la Deva la minus treisprezece grade,	masc	Florin Busuioc	negativ
360_15.wav	și prin cele estice. La altitudini mari, vântul viscolește din soarea cu rafale de peste o sută zece kilometri pe oră.	masc	Cosmin Stan	negativ
92_23.wav	În sudul României avem o zi superbă cu soare, în cea mai mare parte a zilei va fi soare, nu sunt semne de ploaie deloc, însă vântul bate cam nervos și după prânz vor fi undeva pe la douăzeci și șapte de grade.	masc	Florin Busuioc	pozitiv
275_1.wav	Doar pe partea sud-estică mai avem temperaturi foarte ridicate, până în douăzeci și trei de grade,	masc	Florin Busuioc	pozitiv
162_26.wav	Un grad în Ceahlău, patru în Semenic, șapte la Păltiniș, nouă la Predeal, la Stâna de Vale, douăsprezece grade.	masc	Florin Busuioc	pozitiv
48_2.wav	Avem și condiții de grindină și se face mai răcoare decât ar fi normal la final de iunie.	masc	Florin Busuioc	negativ
267_20.wav	În Transilvania este foarte frig la începutul zilei, mai ales în zona depresionară,	masc	Florin Busuioc	negativ
26_19.wav	În sudul țării căldura se mai domolește față de ieri când am avut treizeci și trei - treizeci și patru de grade.	masc	Cosmin Stan	pozitiv
182_33.wav	Și la București tot vreme superbă, frumoasă, temperaturile sunt foarte agreabile,	masc	Florin Busuioc	pozitiv
13_18.wav	La Bacău e cel mai cald, treizeci și cinci de grade.	masc	Florin Busuioc	pozitiv
243_25.wav	La noapte scăpăm de ploi și norii se împrăștie ușor, la București tot așa, vreme rece, temperaturile sunt de martie, unsprezece grade în termometre la prânz	masc	Florin Busuioc	pozitiv
61_24.wav	tot treizeci și patru de grade la umbră, un stres termic foarte pronunțat, după masă avem ceva înnorări, dar nu sunt semne de ploaie, se pare, la noapte se înseninează complet, iată, și temperatura, din nou spre dimineață, ajunge la nouăsprezece grade,	masc	Florin Busuioc	negativ
101_6.wav	Noaptea ne aduce vreme bună în cea mai mare parte a țării. Doar în sud-vest și pe la munte mai apar ceva înnorări, poate și o ploaie de scurtă durată.	masc	Cosmin Stan	pozitiv
279_15.wav	O să plouă în următoarele ore, se întețește și vântul, iar maximele nu mai trec de paisprezece-cincisprezece grade.	masc	Cosmin Stan	negativ
152_18.wav	dar pe crestele Meridionalilor și în sudul Banatului vor fi rafale de optzeci-nouăzeci de kilometri pe oră.	masc	Cosmin Stan	negativ
168_20.wav	În rest, vreme ceva mai bună și un pic de soare și poate câțiva stropi de ploaie.	masc	Florin Busuioc	pozitiv
267_3.wav	Maximele pleacă de pe la șapte grade la Miercurea Ciuc și vor ajunge pe la șaisprezece grade în sudvestul țării, pe la Calafat.	masc	Florin Busuioc	pozitiv
119_9.wav	Pentru județul Harghita aici, vizibilitatea este sub cincizeci de metri. Mare atenție dacă aveți de circulat prin zonă.	masc	Florin Busuioc	negativ
30_30.wav	La munte, atmosfera e cam instabilă, se face răcoare, se intensifică vântul, apar ploi torențiale, cincizeci de litri de apă pe metru pătrat,	masc	Florin Busuioc	negativ
128_1.wav	Mai pe după masă vin ploi și la munte și prin zona Dobrogei.	masc	Florin Busuioc	negativ
3_25.wav	Mai pe seară plouă puțin prin Crișana și prin zona înaltă,	masc	Florin Busuioc	negativ
8_5.wav	După amiaza și seara în zona Meridionalilor, poate și prin regiunile sudice, mai vin câțiva stropi de ploaie.	masc	Cosmin Stan	negativ
333_4.wav	În centru, nord, în vest, avem până la paisprezece grade la Baia Mare.	masc	Florin Busuioc	pozitiv
61_26.wav	Semenic, Păltiniș douăzeci și unu, douăzeci și patru la Predeal, la Stâna de Vale douăzeci și cinci. La mare e soare în cea mai mare parte a zilei, avem douăzeci și cinci până la douăzeci și șapte de grade în Vamă, e cel mai răcoare,	masc	Florin Busuioc	pozitiv
78_21.wav	În vestul țării nu prea vedem soarele.	masc	Florin Busuioc	negativ
125_23.wav	La București, astăzi, avem soare în prima parte a zilei, dar mai târziu se adună norii de ploaie, se mai răcorește un pic, maximă de douăzeci și șase de grade.	masc	Florin Busuioc	negativ
272_40.wav	Cel mult zece grade la Ploiești, Alexandria și Giurgiu. La București se răcește foarte tare.	masc	Florin Busuioc	negativ
351_10.wav	În nordul Transilvaniei și în Maramureș e schimbătoare vremea, e un pic mai rece decât a fost ieri, poate că o să și picure puțin în zona Transilvaniei,	masc	Florin Busuioc	negativ
372_23.wav	Avem un pic de ceață pe la câmpie, dar mai târziu iese soarele.	masc	Florin Busuioc	pozitiv
85_15.wav	În Maramureș se mai răcește, iar maximele ajung cu greu la douăzeci și șase de grade.	masc	Cosmin Stan	negativ
97_30.wav	În Transilvania dimineața e cam rece, mai ales în zona depresionară.	masc	Florin Busuioc	negativ
90_39.wav	Vânt cu intensificări ușoare în prima parte a zilei, iar apa mării va avea undeva între douăzeci și douăzeci și două de grade Celsius.	masc	Florin Busuioc	negativ
190_6.wav	Ziua arată bine, e însorită, sunt temperaturi mai scăzute decât normalul la aceste perioade, cel mult șaisprezece grade pe la Tulcea.	masc	Florin Busuioc	pozitiv
275_25.wav	Temperaturi de nouăsprezece grade pot fi prin zona Giurgiului.	masc	Florin Busuioc	pozitiv
325_21.wav	Și în ținuturile sudice avem o zi destul de plăcută, cu soare și ceva înnorări în apropierea serii.	masc	Cosmin Stan	pozitiv
186_22.wav	Cam la fel va fi și în ținuturile sudice, soare în prima parte a zilei, înnorări și averse locale mai târziu,	masc	Cosmin Stan	negativ
283_25.wav	Vântul e domol și la amiază se ating douăzeci, poate chiar douăzeci și unu de grade.	masc	Florin Busuioc	pozitiv
218_26.wav	Vântul continuă să agite atmosfera și temperaturile rămân la valori scăzute pentru momentul acesta al anului.	masc	Florin Busuioc	negativ
374_3.wav	Cam înnorat în prima parte a zilei, avem și ceva condiții de lapoviță sau ploaie.	masc	Florin Busuioc	negativ
26_6.wav	Și mai sus în Moldova sudică și în nordul Munteniei se intensifică vântul, mai apar ceva înnorări și ploi de scurtă durată și se face mai răcoare decât ieri.	masc	Cosmin Stan	negativ
330_15.wav	Maxime undeva până în zece grade la Târgu Mureș și până la ora zece județul Harghita are cod galben de ceață densă,	masc	Florin Busuioc	negativ
138_9.wav	și ajung tot pe la douăzeci și șapte de grade, pe la Galați, Brăila, e vreme frumoasă,	masc	Florin Busuioc	pozitiv
349_18.wav	Tot acolo în zona montană înaltă se intensifică și vântul, iar în vestul provinciei parcă apare puțin soarele prin zona Târgu Mureș.	masc	Florin Busuioc	pozitiv
85_11.wav	Temperaturile scad față de ziua trecută și se opresc la douăzeci și opt de grade.	masc	Cosmin Stan	pozitiv
20_20.wav	și se pot strânge cantități mari de apă.	masc	Florin Busuioc	negativ
48_0.wav	Astăzi ploile se extind pe jumătatea sud-estică, o să plouă trecător și în cealalte zone.	masc	Florin Busuioc	negativ
92_13.wav	Pot să se strângă peste douăzeci de litri de apă pe metrul pătrat.	masc	Florin Busuioc	negativ
71_8.wav	Se vor strânge cantități mari de apă într-un timp foarte scurt și se pot produce vijelii.	masc	Cosmin Stan	negativ
78_27.wav	Sunt și descărcări electrice, căderi de grindină și vântul bate tare pe timpul ploilor,	masc	Florin Busuioc	negativ
141_30.wav	În sudul țării soare, nori, poate că vine și o ploaie scurtă, așa de scurtă, durată și pe spații mici.	masc	Florin Busuioc	negativ
110_3.wav	Aici continuă să fie vreme frumoasă, temperaturile se apropie de treizeci de grade, în Bărăgan sunt douăzeci și nouă, pe la Slobozia, Călărași, e posibil să atingă chiar treizeci.	masc	Florin Busuioc	pozitiv
243_12.wav	Astăzi apare puțin soarele, se face un pic mai cald ca ieri, vor fi opt grade pe la Iași	masc	Florin Busuioc	pozitiv
166_17.wav	Așa că nu sunt mai mult de șaisprezece grade pe la Baia Mare.	masc	Florin Busuioc	pozitiv
386_9.wav	În Moldova sudică și în nordul Munteniei, temperaturile rămân negative în cea mai mare parte a zilei,	masc	Florin Busuioc	negativ
343_26.wav	Și vântul bate nervos, se răcește față de ieri. Cel mult zece grade pe la Deva.	masc	Florin Busuioc	negativ
372_13.wav	Mai sus, în Moldova sudică și nordul Munteniei, tot așa vreme caldă, din când în când se adună norii,	masc	Florin Busuioc	pozitiv
380_13.wav	Soare și vreme rece și în vestul țării, maximele parcă sunt un pic mai scăzute decât ieri, se opresc pe la două-trei grade, poate, pe la Arad și Timișoara.	masc	Florin Busuioc	negativ
99_22.wav	Mai târziu vin însă și ploile și tot despre averse, descărcări electrice cu grindină vorbim.	masc	Florin Busuioc	negativ
81_24.wav	Apar averse care pot să aducă cantități foarte mari de apă în intervale scurte de timp.	masc	Florin Busuioc	negativ
277_8.wav	Vremea se răcește și în jumătatea nordică a Moldovei și în Bucovina.	masc	Cosmin Stan	negativ
316_13.wav	Și pe aici, maxim, le ajung pe la optsprezece grade în zona Oradei, iar ploile continuă și la noapte.	masc	Florin Busuioc	negativ
1_3.wav	Maximele pleacă de la treizeci de grade prin zona Transilvaniei și prin Bucovina, pe la Cluj, pe la Suceava.	masc	Florin Busuioc	pozitiv
45_32.wav	Văd că și la Ploiești e foarte bine. Avem cer senin în cea mai mare parte zilei, un vânt liniștit.	masc	Florin Busuioc	pozitiv
180_30.wav	iar la Stâna de Vale șaisprezece grade.	masc	Florin Busuioc	pozitiv
272_12.wav	Se vor atinge cel mult unsprezece grade. Probabil că va și picura trecător pe aici.	masc	Florin Busuioc	negativ
162_21.wav	Se încălzește un pic și pe aici, pe la Giurgiu, ajungem cu temperaturile pe la optsprezece grade.	masc	Florin Busuioc	pozitiv
48_1.wav	Pot să se strângă, atenție, douăzeci și cinci de litri de apă pe metru pătrat.	masc	Florin Busuioc	negativ
74_28.wav	În prima parte a zilei s-ar putea să picure trecător, spre seara atmosfera devine instabilă și sunt șanse mari de averse.	masc	Cosmin Stan	negativ
275_8.wav	Temperaturi de douăzeci-douăzeci și unu de grade chiar pe la Brăila. Soarele se arată în prima parte a zilei, după aceea crește instabilitatea.	masc	Florin Busuioc	negativ
138_26.wav	Iar temperaturile se duc până în douăzeci și cinci de grade pe la Târgu Jiu.	masc	Florin Busuioc	pozitiv
239_16.wav	Se înnorează din când în când, iar în Banat apar și câteva reprize de ploaie.	masc	Cosmin Stan	negativ
186_21.wav	S-ar putea să fie și tunete și fulgere, iar temperaturile în creștere față de ieri vor atinge douăzeci și unu grade.	masc	Cosmin Stan	negativ
180_2.wav	până la douăzeci și patru, chiar douăzeci și cinci de grade în zona Olteniei, Banatului și Crișanei.	masc	Florin Busuioc	pozitiv
351_4.wav	În Dobrogea și în Bărăgan găsim o atmosferă așa schimbătoare, poate și câteva ploi slabe mai către seară și după ce se lasă noaptea.	masc	Florin Busuioc	negativ
168_22.wav	Temperaturile vor ajunge în vestul provinciei, pe la Sibiu la optsprezece grade, iar ploile o să apară în toată provincia.	masc	Florin Busuioc	negativ
138_36.wav	Vântul bate destul de nervos pe creste	masc	Florin Busuioc	negativ
174_32.wav	Se arată și soarele pe timpul zilei, vântul se oprește la moderat, douăsprezece grade în Ceahlău și în Semenic,	masc	Florin Busuioc	pozitiv
92_16.wav	care pot să lasă în urmă cantități mari de apă.	masc	Florin Busuioc	negativ
20_11.wav	Temperaturile ajung la treizeci și patru de grade în zona Călărașului.	masc	Florin Busuioc	pozitiv
349_7.wav	Ieri au fost douăsprezece grade, astăzi avem cam aceeași situație, nu trecem de opt grade pe la Brăila.	masc	Florin Busuioc	negativ
255_8.wav	În jumătatea nordică a Moldovei și în Bucovina e o atmosferă de iarnă, foarte scăzute temperaturile, va fi lapoviță, chiar ninsoare în multe zone, nu neapărat în zone înalte.	masc	Florin Busuioc	negativ
255_6.wav	Mai sus în Moldova sudică și nordul Munteniei se răcește foarte tare, maximele nu mai trec de zece grade, pe la Galați e cel mai cald.	masc	Florin Busuioc	negativ
319_8.wav	Sud-vestul țării are o atmosferă cu soare, mult mai cald decât ar fi normal, vânt cu ceva intensificări, după prânz optsprezece grade și pe aici, pe la Drobeta-Turnu Severin.	masc	Florin Busuioc	pozitiv
45_3.wav	unde e posibil să vină câteva ploi de scurtă durată.	masc	Florin Busuioc	negativ
115_15.wav	În Oltenia ploiile apar în a doua parte a zilei, vin cantități mari de apă peste treizeci de litri pe metru pătrat,	masc	Florin Busuioc	negativ
3_23.wav	Vestul țării, la amiază avem soare arzător, zăpușeală foarte mare.	masc	Florin Busuioc	negativ
380_6.wav	La noapte, temperaturile ajung la minus zece grade pe aici prin Bărăgan și pe timpul zilei, cu greu se ating zero grade, vă spuneam la Călărași și pe la Turcea.	masc	Florin Busuioc	negativ
107_17.wav	În nordul Transilvaniei și în Maramureș, atmosfera e foarte plăcută până după amiază.	masc	Florin Busuioc	pozitiv
333_25.wav	Tot pe aici s-ar putea să fie câțiva stropi mici de ploaie, așa,	masc	Florin Busuioc	negativ
33_11.wav	E și grindină și se pot produce și vijelii, douăzeci și opt de grade la Baia Mare și Bistrița, cam la fel și în vest. Plouă mult, fenomene electrice, intensificări de vânt.	masc	Florin Busuioc	negativ
90_38.wav	Pe litoral urmează o zi frumoasă, temperaturile sunt normale pentru perioada aceasta, până în douăzeci și cinci de grade.	masc	Florin Busuioc	pozitiv
33_10.wav	În nordul Transilvaniei și în Maramureș vor fi și perioade cu soare, însă pe parcursul zilei avem averse abundente, tunete, fulgere și în intervale scurte de timp pot să strângă cantități mari de apă, undeva pe la cincizeci de litri pe metru pătrat.	masc	Florin Busuioc	negativ
230_27.wav	Și la munte, parcă e mai cald un pic, temperaturile ajung la normalul acestei perioade.	masc	Florin Busuioc	pozitiv
83_33.wav	Vântul bate puțin mai nervos și temperaturile din stațiuni ajung la douăzeci și șase de grade în aer, iar apa mării va avea undeva pe la douăzeci și două de grade.	masc	Florin Busuioc	pozitiv
218_20.wav	În vestul țării, e o zi mai plăcută în Crișana, unde pot să se atingă optsprezece, chiar nouăsprezece grade.	masc	Florin Busuioc	pozitiv
243_28.wav	Temperaturile se mențin scăzute, ar fi o veste bună că se potolește vântul, pentru că vântul a bătut destul de tare până acum în zona de munte	masc	Florin Busuioc	negativ
35_5.wav	Aici e soare, senin complet, nu avem niciun fel de nor pe cer, căldură foarte puternică,	masc	Florin Busuioc	pozitiv
389_13.wav	Se înnorează, ninge slab aproape peste tot, iar vântul sporește senzația de frig.	masc	Cosmin Stan	negativ
218_24.wav	și temperaturile scad față de ieri vor fi cel mult douăsprezece - treisprezece grade pe la Târgu Mureș.	masc	Florin Busuioc	negativ
46_7.wav	Mai sus în Moldova sudică și nordul Munteniei, după o zi rece cu ploi.	masc	Florin Busuioc	negativ
279_6.wav	Pe litoral însă va fi mai răcoare, se vor înregistra cel mult treisprezece grade.	masc	Cosmin Stan	negativ
55_9.wav	Mai vin câteva averse și în Transilvania și pe la munte, iar în celelalte zone cerul va fi variabil.	masc	Cosmin Stan	negativ
316_7.wav	Nouăsprezece grade pe la Brăila, valori de aprilie și la noapte nouă grade se pot atinge în regiunea aceasta.	masc	Florin Busuioc	pozitiv
71_26.wav	În București avem vreme schimbătoare, înnorări și averse mai spre seară, o maximă de până la douăzeci și opt de grade.	masc	Cosmin Stan	negativ
170_12.wav	Doar aici în sud-vest, pe la Drobeta-Turnu Severin, pe la Craiova vor fi temperaturi mai mari.	masc	Florin Busuioc	pozitiv
333_31.wav	Cer acoperit de nori pe tot parcursul zilei. Vor fi și doi-trei stropi de ploaie.	masc	Florin Busuioc	negativ
115_1.wav	Pe jumătatea sud-vestică a țării, pe acolo vin aceste averse, mai vin câteva ploi slabe și pe partea sud-estică.	masc	Florin Busuioc	negativ
239_22.wav	În ținuturile sudice pătrunde un aer mai cald, temperaturile se apropie de valorile normale,	masc	Cosmin Stan	pozitiv
222_14.wav	Temperaturile au o ușoară scădere față de ieri.	masc	Florin Busuioc	pozitiv
378_28.wav	Presiunea rămâne foarte ridicată, la munte vreme frumoasă, temperaturi scăzute, dimineața e ger în toate masivele,	masc	Florin Busuioc	negativ
78_13.wav	La amiază se vor atinge treizeci de grade pe la Focșani și Brăila. Poate că și plouă prin unele zone.	masc	Florin Busuioc	negativ
162_24.wav	La munte, temperaturile rămân scăzute, chiar dacă să zicem că s-ar mai încălzi puțin, înnorările persistă, plouă slab,	masc	Florin Busuioc	negativ
35_12.wav	iar în jumătatea nordică a Moldovei, temperaturile sunt mai potolite, agreabile în Bucovina,	masc	Florin Busuioc	pozitiv
59_10.wav	Pe litoral vor fi temperaturi douăzeci și șase până la douăzeci și opt de grade, cel mult douăzeci și opt.	masc	Florin Busuioc	pozitiv
357_19.wav	Vântul prinde putere în zonele înalte de munte, șapte grade la Cluj-Napoca.	masc	Florin Busuioc	negativ
1_10.wav	Poate că vine o ploaie zgomotoasă, cu vânt puternic, intens.	masc	Florin Busuioc	negativ
78_19.wav	Însă o să vină și câteva averse zgomotoase, mai ales prin zona aceasta a Transilvaniei, vedeți?	masc	Florin Busuioc	negativ
198_12.wav	Vântul prinde putere și pe aici.	masc	Florin Busuioc	negativ
59_43.wav	Apa mării douăzeci și trei - douăzeci și patru de grade chiar.	masc	Florin Busuioc	pozitiv
144_7.wav	Pe litoral e mai răcoare, optsprezece-nouăsprezece grade.	masc	Florin Busuioc	negativ
138_38.wav	Zece în Semenic, treisprezece grade la Păltiniș, cincisprezece la Stâna de Vale,	masc	Florin Busuioc	pozitiv
85_21.wav	O să plouă destul de mult și în zona Olteniei, în special după-amiaza și la începutul nopții.	masc	Cosmin Stan	negativ
380_10.wav	Vremea rămâne foarte rece și pe la prânz, la noapte temperaturile se apropie de minus douăzeci grade și astăzi la prânz nu se registrează mai mult de minus un grad la Iași și Bacău.	masc	Florin Busuioc	negativ
99_18.wav	Mai cald se face și în vestul țării, să știți, dar mai pe seară se adună și pe aici norii și vin ploi.	masc	Florin Busuioc	negativ
285_24.wav	În sudul țării ieri a plouat, o zi cam rece, au fost unsprezece-douăprezece grade pe la Giurgiu.	masc	Florin Busuioc	negativ
218_23.wav	Pe crestele munților poate fi lapoviță, poate chiar ninsoare	masc	Florin Busuioc	negativ
299_15.wav	Vântul mai are din când în când ceva porniri și în această zonă și în nordul Transilvaniei și în Maramureș,	masc	Florin Busuioc	negativ
222_25.wav	Pe aici avem și scurte perioade cu soare, dar din când în când vin și doi-trei strop de ploaie.	masc	Florin Busuioc	negativ
301_14.wav	pe acolo prin apropiere de Suceava, unde va și ploua sau va fi lapoviță, iată, pe la Suceava e lapoviță,	masc	Florin Busuioc	negativ
138_19.wav	Mai ales la munte plouă ceva mai tare, ieri la Timișoara au fost optsprezece grade.	masc	Florin Busuioc	negativ
267_24.wav	Și în sud-vestul țării apar niște ploi mai pe la noapte așa, până atunci o zi foarte frumoasă, va fi soare,	masc	Florin Busuioc	pozitiv
174_24.wav	În sudul României avem o zi frumoasă, probabil că nu va ploua, se și încălzește.	masc	Florin Busuioc	pozitiv
222_23.wav	Maximele ajung pe la șaisprezece grade la Suceava, la Piatra Neamț, la Iași chiar șaptesprezece, la Bacău tot șaisprezece grade.	masc	Florin Busuioc	pozitiv
61_25.wav	La munte vremea e mai caldă decât a fost ieri, vor fi însă și câteva ploi zgomotoase, mai pe seară atunci vor veni aceste ploi și pot să se strângă cantități mari de apă, avem și condiții de grindină, optsprezece grade în Ceahlău,	masc	Florin Busuioc	negativ
141_34.wav	Poate câțiva nori, câțiva stropi de ploaie să fie vântul activ.	masc	Florin Busuioc	negativ
234_17.wav	Plouă destul de serios, vântul bate tare pe timpul zilei, la munte, la altitudini mari ninge sau e lapoviță	masc	Florin Busuioc	negativ
33_1.wav	Perioade cu ploi torențiale, pot să fie cincizeci de litri de apă pe metru pătrat și într-un timp scurt.	masc	Florin Busuioc	negativ
333_35.wav	La noapte până la două grade, o valoare peste normalul acestei perioade pentru noapte.	masc	Florin Busuioc	pozitiv
372_42.wav	Sigur că va spulbera zăpada depusă.	masc	Florin Busuioc	negativ
184_3.wav	Pot fi și descărcări electrice, iar vântul se întețește în est și în nord-vest.	masc	Cosmin Stan	negativ
234_21.wav	Maximele ajung pe la șaptesprezece grade la Baia Mare.	masc	Florin Busuioc	pozitiv
272_39.wav	Temperaturi cu peste zece grade mai scăzute decât ieri. Plouă slab și pe aici din când în când.	masc	Florin Busuioc	negativ
87_12.wav	În nordul Transilvaniei și în Maramureș găsim vreme instabilă, cu averse însoțite de fenomene electrice.	masc	Cosmin Stan	negativ
186_17.wav	În Transilvania e frig la început de zi, mai ales în depresiuni,	masc	Cosmin Stan	negativ
378_19.wav	Transilvania, acum dimineața e ger cumplit, peste zi temperaturile rămân negative, cer senin,	masc	Florin Busuioc	negativ
99_39.wav	și maximele se opresc pe la douăzeci și două de grade în zona Mamaia, apa mării are undeva pe la douăzeci și unu de grade.	masc	Florin Busuioc	pozitiv
351_15.wav	Minus șase grade pe la Miercurea Ciuc în zona depresionară.	masc	Florin Busuioc	negativ
190_9.wav	Avem soare în general, o atmosferă foarte plăcută, e cam răcoare și aici vântul e insistent,	masc	Florin Busuioc	pozitiv
214_15.wav	Norii se mai risipesc pe timpul nopții, pe la câmpie apare ceața,	masc	Florin Busuioc	negativ
16_14.wav	În Transilvania se face foarte cald, în partea vestică a provinciei se vor atinge treizeci și patru de grade, pe la Alba Iulia e cel mai cald, mai pe după masă, la munte, în vest, pe partea vestică a acestei provincii se adună nori de ploaie și vin averse, zgomotoase și rapide de vară.	masc	Florin Busuioc	negativ
301_21.wav	Vântul e ceva mai insistent și sporește senzația de frig.	masc	Florin Busuioc	negativ
97_23.wav	Poate fi și grindină și se pot strânge peste douăzeci de litri de apă pe metrul pătrat.	masc	Florin Busuioc	negativ
386_18.wav	Atmosferă cu soare și foarte rece va fi și în vestul țării, iar norii o să apară rar, mai pe după prânz așa,	masc	Florin Busuioc	pozitiv
74_20.wav	O să plouă și în zona Transilvaniei, vor fi în general averse unele destul de abundente.	masc	Cosmin Stan	negativ
3_45.wav	Vântul bate nervos din când în când, mai cald un pic față de ieri, treizeci și unu de grade pe plajă.	masc	Florin Busuioc	pozitiv
144_16.wav	și asta pe partea vestică a provinciei, atmosferă cu instabilitate, apar averse consistente, tunete, fulgere, pot fi și vijelii.	masc	Florin Busuioc	negativ
186_2.wav	Vântul are unele intensificări, iar maximele pornesc de la paisprezece grade în Delta Dunării	masc	Cosmin Stan	negativ
26_11.wav	În nordul Transilvaniei și în Maramureș găsim vreme frumoasă și temperaturi un pic mai ridicate decât ieri, se ating douăzeci și șase, chiar douăzeci și șapte de grade.	masc	Cosmin Stan	pozitiv
81_30.wav	Hidrologii au emis cod roșu de inundații pentru râurile din această zonă.	masc	Florin Busuioc	negativ
327_12.wav	Maximele ajung și aici, tot la douăsprezece-treisprezece grade și atmosfera se menține însorită toată ziua.	masc	Cosmin Stan	pozitiv
275_19.wav	Vor fi cantități mari de apă, în special pe la munte, pe creste.	masc	Florin Busuioc	negativ
74_19.wav	Temperaturile lasă mult de dorit, vor fi doar douăzeci, poate douăzeci și unu de grade.	masc	Cosmin Stan	negativ
168_17.wav	Deci rece și pe aici. Vestul țării și aici se face mai răcoare un pic decât ieri.	masc	Florin Busuioc	negativ
182_11.wav	Mai pe după prânz tot douăzeci de grade se înregistrează și pe aici,	masc	Florin Busuioc	pozitiv
239_20.wav	În Oltenia avem o zi cam mohorâtă, cu ploi slabe, trecătoare și temperaturi mai scăzute decât ar trebui.	masc	Cosmin Stan	negativ
330_5.wav	Moldova sudică și nordul Munteniei au parte de o atmosferă cam închisă, dimineață avem și ceva condiții de ceață,	masc	Florin Busuioc	negativ
87_10.wav	dar pe parcursul zilei o să vină și câteva ploi de vară, mai ales în zona Bucovinei și la munte.	masc	Cosmin Stan	negativ
128_21.wav	Mai ales pe la munte, nu este enorm, dar sunt cantități notabile.	masc	Florin Busuioc	negativ
327_27.wav	Se ating și la noi douăsprezece grade, acum ar trebui să fie în jur de opt grade de fapt.	masc	Cosmin Stan	pozitiv
327_13.wav	Cerul se înnorează însă pe timpul nopții când s-ar putea să cadă un pic de lapoviță sau poate chiar să ningă.	masc	Cosmin Stan	negativ
97_3.wav	În rest, vremea e mai bună pe sud, pe est, pe sud-est, pe centru-est.	masc	Florin Busuioc	pozitiv
71_4.wav	Pe aici găsim soare și atmosferă plăcută în prima parte a zilei, apoi se adună norii, o să plouă în mai multe reprize, vor fi descărcări electrice și intensificări de vânt.	masc	Cosmin Stan	negativ
83_11.wav	În jumătatea nordică a Moldovei, astăzi plouă mai ales în zona Bucovinei și prin zonele mai înalte de munte.	masc	Florin Busuioc	negativ
301_24.wav	Tot la munte, vântul prinde putere și temperaturile se vor opri pe la șapte grade prin zona Târgu Mureșului.	masc	Florin Busuioc	negativ
182_38.wav	Pe după-amiază se înorează și o să fie câțiva stropi de ploaie pe suprafețele strânse,	masc	Florin Busuioc	negativ
357_10.wav	În Moldova sudică și în nordul Munteniei, soarele apare doar așa trecător,	masc	Florin Busuioc	pozitiv
372_31.wav	În Oltenia, vremea e bună, soare, vântul e puțintel mai insistent.	masc	Florin Busuioc	pozitiv
74_25.wav	Ploile ajung astăzi și în ținuturile sudice, mai ales după orele amiezii, vor fi însoțite de fenomene electrice și răbufnire ale vântului,	masc	Cosmin Stan	negativ
184_2.wav	Pe spații mici o să picure trecător și în vest, în sud, dar și prin centru.	masc	Cosmin Stan	negativ
157_4.wav	și vântul e mai insistent pe la malul mării pe acolo. Temperaturi scăzute pentru perioada aceasta, cel mult optsprezece-nouăsprezece grade poate pe la Tulcea.	masc	Florin Busuioc	negativ
115_28.wav	Pot să apară vijelii și căderi de grindină.	masc	Florin Busuioc	negativ
369_30.wav	Și vântul bate tare în zona înaltă din Carpații Meridionali.	masc	Florin Busuioc	negativ
55_8.wav	Urmează o noapte cu înnorări persistente și averse în regiunile sudice, dar și în sud-estul României.	masc	Cosmin Stan	negativ
279_29.wav	Vântul devine activ, iar pe seară apar ceva condiții de ploaie. La munte se înnorează, o să plouă,	masc	Cosmin Stan	negativ
26_16.wav	Vântul bate mai tare în zonele montane iar temperaturile ajung la valori agreabile de douăzeci și cinci - douăzeci și șase de grade.	masc	Cosmin Stan	pozitiv
277_6.wav	Și mai sus în Moldova sudică și în nordul Munteniei se adună norii și o să plouă din când în când.	masc	Cosmin Stan	negativ
277_12.wav	Vântul are intensificări trecătoare, iar ploile se extind după lăsarea nopții.	masc	Cosmin Stan	negativ
279_16.wav	Cerul se mai degajează pe timpul nopții și minimele ajung la cinci-șase grade.	masc	Cosmin Stan	pozitiv
198_26.wav	Temperaturile vor ajunge pe la Slatina, la optsprezece grade.	masc	Florin Busuioc	pozitiv
48_36.wav	Douăsprezece în Semenic. Treisprezece la Păltiniș, la Predeal paisprezece, la Stâna de Vale șaisprezece grade.	masc	Florin Busuioc	pozitiv
157_22.wav	La noapte mai sunt ceva condiții de ploaie, iar minima ajunge la opt grade Celsius.	masc	Florin Busuioc	negativ
293_18.wav	Pe la Miercurea Ciuc pe timpul zilei însă avem scurte momente cu soare.	masc	Florin Busuioc	pozitiv
395_38.wav	La munte ninsorile vin mai întâi în masivele vestice, după aceea se extind în toată zona montană,	masc	Florin Busuioc	negativ
374_11.wav	În jumătatea nordică a Moldovei și în Bucovina, ninge acum dimineața.	masc	Florin Busuioc	negativ
24_23.wav	Iar temperaturile ating și depășesc chiar treizeci de grade. Avem treizeci și unu de grade la Ploiești și Alexandria.	masc	Cosmin Stan	pozitiv
325_0.wav	Vremea se racește astăzi, dar doar în jumătatea nordică a țării, pe unde apar și precipitații slabe, trecătoare.	masc	Cosmin Stan	negativ
87_23.wav	În Oltenia găsim vreme ceva mai bună, chiar dacă ploile apar și pe aici,	masc	Cosmin Stan	negativ
85_6.wav	Spre seara e posibil să se adune câțiva nori de ploaie, iar la amiază, maximele ajung la treizeci și unu de grade.	masc	Cosmin Stan	negativ
272_43.wav	La noapte, zero grade în centru orașului, minus trei grade la periferia Bucureștiului.	masc	Florin Busuioc	negativ
48_18.wav	Pe la Satu Mare e cel mai cald, douăzeci și trei de grade. În vest vor fi înnorări trecătoare.	masc	Florin Busuioc	negativ
16_5.wav	Pe litoral e mai bine, cel mult douăzeci și șapte de grade, vedeți la Constanța și temperaturile pe litoral pleacă de pe la douăzeci și cinci de grade, deci e mai răcoare un pic.	masc	Florin Busuioc	pozitiv
222_21.wav	În jumătatea nordică a Moldovei și în Bucovina, atmosfera e tot așa instabilă, cu averse consistente.	masc	Florin Busuioc	negativ
258_24.wav	După prânz vor fi șaptesprezece grade la Giurgiu.	masc	Florin Busuioc	pozitiv
267_36.wav	Minus un grad în Ceahlău, patru grade la Predeal, cinci în Semenic, iar la Stâna de Vale și la Păltiniș, șase grade Celsius.	masc	Florin Busuioc	pozitiv
107_9.wav	Poate vine și o ploaie trecătoare, douăzeci și patru de grade pe litoral.	masc	Florin Busuioc	negativ
230_28.wav	Apar norii doar în treacăt, e posibil să picure în unele masive, în ansamblu însă vremea e bună și vântul e mai intens la altitudini mari.	masc	Florin Busuioc	negativ
83_0.wav	Avem astăzi averse abundente, să știți, care apar în special în vest, în sud, în centru, la munte.	masc	Florin Busuioc	negativ
35_11.wav	și pot să apară și pe aici câteva averse tot așa pe după masă către seară,	masc	Florin Busuioc	negativ
342_4.wav	În ținuturile sudice avem încă o zi neobișnuit de caldă, cu până la douăzeci și unu de grade în Lunca Dunării.	masc	Cosmin Stan	pozitiv
61_0.wav	Astăzi temperaturile mai cresc un pic față de ieri în vestul și sud-vestul țării, crește foarte tare disconfortul termic	masc	Florin Busuioc	negativ
10_12.wav	dar probabil că vor fi treizeci și cinci de grade în stațiunile din nord.	masc	Florin Busuioc	pozitiv
321_36.wav	În masivele din vestul și nordul țării, vremea e cam închisă.	masc	Florin Busuioc	negativ
136_17.wav	Și în Oltenia apar ceva înnorări și averse, mai ales după-amiaza și seara, în unele zone o să plouă destul de mult și nu este exclus să cadă grindină.	masc	Cosmin Stan	negativ
275_17.wav	Cer acoperit toată ziua, continuă să plouă și vântul bate cu putere, sporind senzația de frig.	masc	Florin Busuioc	negativ
1_34.wav	Și sudul țării are temperaturi năucitor de mari.	masc	Florin Busuioc	pozitiv
78_16.wav	Poate pe seară să apară și aici niște nori de ploaie,	masc	Florin Busuioc	negativ
97_6.wav	Maximele pleacă de la douăzeci și unu de grade prin dealurile Crișanei, pe aici e cel mai răcoare,	masc	Florin Busuioc	negativ
190_10.wav	Maxime de cincisprezece-șaisprezece grade pe la Buzău.	masc	Florin Busuioc	pozitiv
71_25.wav	Temperaturile scad față de ziua de ieri.	masc	Cosmin Stan	negativ
45_15.wav	În ansamblu însă, vremea e foarte plăcută, mai cald un pic ca ieri, douăzeci și șase de grade la Suceava,	masc	Florin Busuioc	pozitiv
26_20.wav	O să mai plouă în special la orele dimineții, în unele zone pot să apară și descărcări electrice, maxima zilei treizeci de grade la Ploiești.	masc	Cosmin Stan	negativ
277_15.wav	Și în Transilvania găsim vreme caldă pentru această perioadă, cu cincisprezece grade în vestul provinciei.	masc	Cosmin Stan	pozitiv
186_10.wav	În jumătatea nordică a Moldovei și în Bucovina prindem vreme schimbătoare, cu ceva înnorări și un vânt destul de insistent, se încălzește ușor	masc	Cosmin Stan	pozitiv
154_11.wav	Vântul agită atmosfera în majoritatea regiunilor, cu viteze mai mari în sudul Banatului, șaizeci-șaptezeci de kilometri pe oră, dar și pe crestele Meridionalilor, pe unde vor fi rafale de peste nouăzeci de kilometri pe oră.	masc	Cosmin Stan	negativ
299_27.wav	În sud avem o zi mai plăcută, temperaturile cresc și pe aici, uitați-vă, la Ploiești vor fi treisprezece grade,	masc	Florin Busuioc	pozitiv
330_12.wav	În ținuturile vestice, vremea va fi închisă, se mai răcorește puțin, undeva pe la unsprezece grade vor fi la Oradea.	masc	Florin Busuioc	negativ
209_22.wav	În sudul României mulți nori, plouă local, cresc un pic temperaturile, o să ajungă undeva pe la optsprezece grade la Ploiești, la Giurgiu	masc	Florin Busuioc	negativ
130_20.wav	Unsprezece grade în Ceahlău, cincisprezece în Semenic, șaptesprezece Păltiniș, optsprezece Stâna de Vale și la Predeal nouăsprezece grade.	masc	Florin Busuioc	pozitiv
74_27.wav	În București rămânem cu vremea caldă și temperatura urcă astăzi până la douăzeci și nouă de grade.	masc	Cosmin Stan	pozitiv
301_1.wav	E cam închisă vremea, în sud, sud-est plouă destul de serios.	masc	Florin Busuioc	negativ
395_12.wav	Vor fi și trei grade pe la Brăila, să zicem că acolo-i mai răcoare un pic.	masc	Florin Busuioc	negativ
10_9.wav	Un stres termic extrem de ridicat. Acum dimineață mai sunt înnorări, mai avem și averse,	masc	Florin Busuioc	negativ
214_1.wav	Vântul e mai insistent pe partea estică a României și pe la munte pe creste.	masc	Florin Busuioc	negativ
372_1.wav	În est, de asemeni, maximele ajung pe la zece grade în Oltenia.	masc	Florin Busuioc	pozitiv
90_35.wav	Și se pot strânge peste patruzeci de litri de apă pe metrul pătrat.	masc	Florin Busuioc	negativ
239_1.wav	Mai vin câteva ploi slabe în Banat, în Oltenia și prin dealurile Munteniei,	masc	Cosmin Stan	negativ
48_23.wav	unde pot să se strângă cantități însemnate de apă. În celelalte zone, hai că poate apare un pic și soarele.	masc	Florin Busuioc	negativ
81_43.wav	Plouă pe arii foarte extinse.	masc	Florin Busuioc	negativ
297_12.wav	Amiaza ne aduce soare și atmosferă plăcută în majoritatea zonelor.	masc	Cosmin Stan	pozitiv
241_10.wav	În sud-est mai sunt ceva condiții de ploaie, iar în sudul și în estul României e posibil să apară și ceața.	masc	Cosmin Stan	negativ
10_30.wav	Un stres termic ridicat, mai pe seară se adună norii și poate că va fi o ploaie slabă după masă către seară și vântul devine mai insistent.	masc	Florin Busuioc	negativ
141_11.wav	Pe parcursul zilei se mai înnorează. Poate că vin doi stropi de ploaie.	masc	Florin Busuioc	negativ
176_26.wav	E posibil să fie lapoviță chiar ninsoare, sunt șase grade în Ceahlău, nouă în Semenic, zece la Păltini și la Predeal,	masc	Florin Busuioc	negativ
200_0.wav	Avem astăzi înnorări persistente în majoritatea zonelor.	masc	Florin Busuioc	negativ
343_21.wav	În nordul Transilvania și în Maramureș, cam închisă vremea, vedeți că nu prea apare soarele deloc.	masc	Florin Busuioc	negativ
369_24.wav	Iar la București o zi cu soare, e mai cald decât normalul acestei perioade.	masc	Florin Busuioc	pozitiv
99_15.wav	În nordul Transilvaniei și în Maramureș, atmosferă mai instabilă, mai către seară și după ce se lasă noaptea.	masc	Florin Busuioc	negativ
283_6.wav	Mai sus în Moldova sudică și nordul Munteniei o zi cu soare,	masc	Florin Busuioc	pozitiv
99_7.wav	Pe aici, atmosfera e însorită toată ziua, vântul însă e ceva mai insistent aici, în zona litoralului.	masc	Florin Busuioc	pozitiv
389_0.wav	Dar realitatea nu arată chiar bine astăzi, pentru că o să fie foarte frig, mai ales la noapte. Ger.	masc	Cosmin Stan	negativ
277_23.wav	La noapte mai sunt ceva condiții de ploaie și minima ajunge pe la cinci grade Celsius.	masc	Cosmin Stan	negativ
267_25.wav	Temperaturi mai mari decât ieri.	masc	Florin Busuioc	pozitiv
46_17.wav	În Transilvania dimineața e cam rece, în special în zona depresionară, unde n-avem mai mult de douăzeci, poate douăzeci și unu de grade,	masc	Florin Busuioc	negativ
389_19.wav	Cam la fel va fi vremea și în ținuturile vestice, soare, câțiva nori inofensiv și temperaturi foarte scăzute.	masc	Cosmin Stan	pozitiv
209_11.wav	Plouă pe suprafețe restrânse în Bucovina, se mai încălzește și pe aici, după prânz vor fi șaisprezece grade pe la Bacău	masc	Florin Busuioc	pozitiv
85_20.wav	Vor fi și tunete, fulgere, grindină, se vor forma vijelii, iar maximele se opresc la douăzeci și șase de grade.	masc	Cosmin Stan	negativ
316_9.wav	Mai pe după prânz, așa se ating aceste temperaturi, cerul se norează însă treptat, șansele de ploaie după ce se lasă noaptea vor fi mai mari.	masc	Florin Busuioc	negativ
74_31.wav	iar ploile vor aduce tunete, fulgere, vânt puternic și grindină.	masc	Cosmin Stan	negativ
243_1.wav	Ninge slab la munte, poate un pic de lapoviță și poate și ninsoare pe partea nord-vestică și pe zonele centrale	masc	Florin Busuioc	negativ
374_22.wav	În Transilvania mai sunt ceva ninsori slabe și pe zona înaltă de munte prin Meridionali,	masc	Florin Busuioc	negativ
272_30.wav	La munte ninge viscolit, pe creste cod roșu de vânt.	masc	Florin Busuioc	negativ
81_26.wav	Grindina poate să cadă și se mai răcește față de ieri, cel mult douăzeci și două de grade la Târgu Mureș.	masc	Florin Busuioc	negativ
395_29.wav	Și în Oltenia ninge după ce se lasă noaptea, până atunci avem o atmosferă cam schimbătoare,	masc	Florin Busuioc	negativ
369_11.wav	Soare și vreme bună și prin nordul Transilvaniei și în Maramureș.	masc	Florin Busuioc	pozitiv
333_18.wav	La Baia Mare vor fi paisprezece grade.	masc	Florin Busuioc	pozitiv
301_35.wav	cu viteze de peste șaizeci de kilometri pe oră. Minus șapte grade în Ceahlău, minus patru în Semenic,	masc	Florin Busuioc	negativ
301_36.wav	Minus doi la Păltiniș, Sinaia, Cota o mie cinci sute și Stâna de Vale, zero grade.	masc	Florin Busuioc	negativ
87_25.wav	În rest avem soare, câțiva nori și până la douăzeci și opt de grade la miază.	masc	Cosmin Stan	pozitiv
251_22.wav	În zonele sudice ale țării, mulți nori, plouă sporadic, temperaturile cresc un pic de tot	masc	Florin Busuioc	pozitiv
230_16.wav	La noapte apar niște averse cu descărcări electrice pe aici prin partea aceasta vestică.	masc	Florin Busuioc	negativ
90_7.wav	Pe aici, atmosferă însorită toată ziua. Vântul bate cam nervos pe litoral.	masc	Florin Busuioc	negativ
301_16.wav	În nordul Transilvaniei și în Maramureș, tot așa, vreme închisă, temperaturile de pe la două-trei grade pe la Cluj,	masc	Florin Busuioc	negativ
166_22.wav	Poate și câteva reprize de ploaie pe suprafețe restrânse.	masc	Florin Busuioc	negativ
186_16.wav	și vor fi de nouăsprezece, poate chiar și douăzeci grade pe alocuri.	masc	Cosmin Stan	pozitiv
22_32.wav	În partea sudică a țării, poate că vor veni în nordul Munteniei, pe acolo niște averse.	masc	Florin Busuioc	negativ
198_34.wav	La noapte, persistă înnorările și temperatura ajunge pe la opt grade cu plus.	masc	Florin Busuioc	negativ
168_27.wav	Vântul e mai insistent și ploile continuă și după ce se lasă noaptea.	masc	Florin Busuioc	negativ
144_14.wav	În vestul țării se adună norii, vin și averse, pot să se strângă cantități importante de apă, trecător apare puțin așa și soarele	masc	Florin Busuioc	negativ
128_37.wav	și minima ajunge la șaisprezece grade Celsius.	masc	Florin Busuioc	pozitiv
357_4.wav	Vor fi rafale de peste o sută treizeci de kilometri pe oră, extraordinar de tare bate vântul și vizibilitatea este la zero.	masc	Florin Busuioc	negativ
71_29.wav	O să plouă în mai multe reprize, vor fi tunete, fulgere și rafale puternice de vânt, se mențin condițiile de grindină,	masc	Cosmin Stan	negativ
251_24.wav	În București, atmosferă închisă, rece pentru perioada aceasta, plouă din când în când	masc	Florin Busuioc	negativ
285_11.wav	În jumătatea nordică a Moldovei și în Bucovina o zi frumoasă. E mai cald ca ieri.	masc	Florin Busuioc	pozitiv
101_11.wav	În rest, avem vreme frumoasă și un vânt mai insistent în sudul Banatului și pe crestele montane.	masc	Cosmin Stan	pozitiv
389_8.wav	Maximele de-abia ajung la zero grade Celsius, iată, iar vântul are intensificări și atinge viteze de optzeci kilometri pe oră la malul mării, ceea ce va spori senzația de frig.	masc	Cosmin Stan	negativ
157_1.wav	Avem și ploi tot pe partea vestică, sud-vestică și pe la munte și poate picură un pic, un pic de tot în celelalte regiuni.	masc	Florin Busuioc	negativ
327_23.wav	Acestea sunt valabile până la ora nouă. Vremea se încălzăște mai târziu și temperaturile urcă până pe la paisprezece grade.	masc	Cosmin Stan	pozitiv
81_46.wav	Șaisprezece grade pe litoral. Temperaturile scad, vremea e cam schimbătoare.	masc	Florin Busuioc	negativ
222_37.wav	Temperaturile au o ușoară scădere față de ziua trecută, însă în Lunca Dunării în continuare e cald și se vor atinge douăzeci de grade.	masc	Florin Busuioc	pozitiv
141_21.wav	Dar în Reșița sunt cam șaptesprezece, sub normalul perioadei.	masc	Florin Busuioc	negativ
162_20.wav	În sudul țării apare puțin de tot soarele, prin Lunca Dunării, pe aici, în rest cam plouă, picură, mai ales în zonele de deal și de munte,	masc	Florin Busuioc	negativ
330_4.wav	Pe aici sunt ceva înnorări, poate și ceva ploi slabe izolate, temperaturile ajung la nouă grade pe la Tulcea.	masc	Florin Busuioc	negativ
285_22.wav	Cerul se degajează mai târziu, se face mai cald decât ar fi normal la data la care ne aflăm.	masc	Florin Busuioc	negativ
141_28.wav	Avem temperaturi apropiate de normalul perioadei, douăzeci și trei de grade.	masc	Florin Busuioc	pozitiv
198_25.wav	Cade și grindina și vântul bate cu cincizeci și cinci de kilometri pe oră.	masc	Florin Busuioc	negativ
99_16.wav	Sunt anunțate ploi zgomotoase, pot să fie douăzeci și cinci de litri de apă pe metrul pătrat.	masc	Florin Busuioc	negativ
13_43.wav	Căldura este apăsătoare în cea mai mare parte a zilei.	masc	Florin Busuioc	negativ
85_30.wav	În a doua parte a zilei vin alte reprize de ploi torențiale, care vor lăsa în urmă peste cincizeci de litri de apă pe metru pătrat.	masc	Cosmin Stan	negativ
174_15.wav	Vor fi și câteva reprize de ploaie în apropierea munților, în special.	masc	Florin Busuioc	negativ
309_11.wav	Maximele termice se vor situa între șapte grade în depresiuni și paisprezece grade prin Lunca Dunării.	masc	Cosmin Stan	pozitiv
30_27.wav	În București scăpăm de caniculă, în sfârșit, maxima se oprește la treizeci și unu de grade, însă crește instabilitatea și către seară	masc	Florin Busuioc	negativ
374_30.wav	deci în zonele de deal sunt mai mari temperaturile.	masc	Florin Busuioc	pozitiv
87_27.wav	În regiunile mai înalte, vântul adie plăcut, iar temperaturile urcă până la treizeci de grade.	masc	Cosmin Stan	pozitiv
83_27.wav	La București se adună ceva nori, însă șansele de ploaie sunt foarte reduse, vântul va fi destul de activ,	masc	Florin Busuioc	negativ
97_40.wav	Și la București e aceeași situație, vreme frumoasă,	masc	Florin Busuioc	pozitiv
338_28.wav	Înnorările persistă, vânt activ, ploile apar, mai ales la începutul zilei.	masc	Florin Busuioc	negativ
330_9.wav	În nordul Transilvaniei și în Maramureș, atmosfera e cam închisă, mohorâtă,	masc	Florin Busuioc	negativ
166_41.wav	Șase la Predeal, zece doar la Stâna de Vale, e ceva mai bine, dar și acolo e rece.	masc	Florin Busuioc	negativ
182_22.wav	În Transilvania e cam frig acum dimineață, dar tot în zona depresionată,	masc	Florin Busuioc	negativ
258_13.wav	După ce se lasă noaptea, precipitații vin sub formă de lapoviță și ninsoare, nu doar la munte, și în zonele joase.	masc	Florin Busuioc	negativ
1_35.wav	Se pot atinge treizeci și nouă de grade la Alexandria și la Giurgiu.	masc	Florin Busuioc	pozitiv
305_0.wav	Ziua de astăzi ne aduce vreme foarte frumoasă, avem o creștere de temperatură față de ieri, zece grade pe litoral e adevărat și în Delta Dunării, dar vor fi douăzeci de grade în vestul țării.	masc	Florin Busuioc	pozitiv
218_31.wav	Și în București mai plouă puțin dimineață, mai către seară și la noapte se anunță averse serioase,	masc	Florin Busuioc	negativ
24_18.wav	Soarele încălzăște rapid, atmosfera maximă le ajung la douăzeci și șase - douăzeci și șapte de grade	masc	Cosmin Stan	pozitiv
92_11.wav	La amiază va fi însă soare și o atmosferă foarte plăcută.	masc	Florin Busuioc	pozitiv
107_12.wav	Și pe aici, vântul bate ceva mai nervos,	masc	Florin Busuioc	negativ
35_28.wav	La București, astăzi e o zi toridă, soare, treizeci și cinci de grade la umbră,	masc	Florin Busuioc	pozitiv
1_17.wav	Poate fi și grindină douazeci și cinci și peste douazeci și cinci de litri de apă pe metru pătrat.	masc	Florin Busuioc	negativ
279_30.wav	În unele masive vor fi averse zdravene, care vor aduce douăzeci de litri de apă pe metru pătrat,	masc	Cosmin Stan	negativ
71_1.wav	În celelalte regiuni, iată vin alte serii de averse, unele destul de abundente și e posibil să cadă grindină.	masc	Cosmin Stan	negativ
234_1.wav	și cantitățile de apă care se strâng sunt mari.	masc	Florin Busuioc	negativ
333_12.wav	În jumătatea nordică a Moldovei și Bucovina, soarele se arată doar așa trecător.	masc	Florin Busuioc	pozitiv
55_5.wav	Vor fi vijelii, căderi de grindină, vântul va crește în intensitate pe timpul ploilor	masc	Cosmin Stan	negativ
160_7.wav	În vestul țării se anunță câteva reprize de ploaie, vântul agită atmosfera, în sudul Banatului bate vântul cu peste șaptezeci de kilometri pe oră și vremea rămâne rece, doar în zona Crișanei se vor atinge douăzeci și unu de grade pe la Oradea.	masc	Florin Busuioc	negativ
87_2.wav	O să mai plouă și prin Oltenia, dar și prin Moldova. În rest însă avem vreme frumoasă.	masc	Cosmin Stan	pozitiv
136_7.wav	Mai sus în Moldova sudică și în nordul Munteniei găsim tot vreme frumoasă și temperaturi ridicate pentru data din calendar,	masc	Cosmin Stan	pozitiv
234_13.wav	Vântul bate cu peste cincizeci de kilometri pe oră, iar pe crestele Carpaților de Curbură,	masc	Florin Busuioc	negativ
343_43.wav	La munte, ziua apar precipitații sub toate formele. Seara și la noapte ninge destul de serios.	masc	Florin Busuioc	negativ
99_3.wav	Le vedem acolo, în celelalte regiuni e soare și vreme ceva mai bună, pe sud, pe est, pe sud-est, e bine.	masc	Florin Busuioc	pozitiv
301_31.wav	înnorările se face mai frig decât noaptea trecută, o să avem undeva pe la două grade,	masc	Florin Busuioc	negativ
187_22.wav	dar temperaturile se mențin sub normalul perioadei și vor fi de doar șaptesprezece - optsprezece grade.	masc	Cosmin Stan	negativ
295_6.wav	Se face mai cald decât ieri, iar maximele vor ajunge până la treisprezece grade.	masc	Cosmin Stan	pozitiv
251_9.wav	Pot să fie rafale de șaptezeci și cinci de kilometri pe oră, deci tare tare bate vântul	masc	Florin Busuioc	negativ
81_13.wav	Ieri au fost cincisprezece grade, astăzi avem optsprezece grade. Dar tot e răcoare.	masc	Florin Busuioc	negativ
378_12.wav	Frigul e foarte greu de suportat acum dimineață, în Bucovina o să fie doi-trei nori, dar nu se anunță precipitații deloc	masc	Florin Busuioc	negativ
187_18.wav	În Transilvania e frig la începutul zilei, mai ales în depresiuni.	masc	Cosmin Stan	negativ
295_14.wav	Amiaza ne aduce atmosferă plăcută și se face puțin mai cald decât ieri.	masc	Cosmin Stan	pozitiv
285_25.wav	Acum dimineața e ceață din loc în loc.	masc	Florin Busuioc	negativ
166_25.wav	Vedeți cel mult zece grade la Miercurea Ciuc și Brașov, norii se cam înmulțesc,	masc	Florin Busuioc	negativ
234_22.wav	În vestul țării vremea e cam schimbătoare, acum dimineața, e un cod galben de ceață pentru județele Bihor, Arad, Timiș,	masc	Florin Busuioc	negativ
162_14.wav	În vestul țării, avem înnorări, apare puțin și soarele, vântul bate nervos, în sudul Banatului ajunge la șaizeci și cinci de kilometri pe oră.	masc	Florin Busuioc	negativ
372_8.wav	În Dobrogea și-n Bărăgan, avem puțină ceață dimineața.	masc	Florin Busuioc	negativ
186_25.wav	Se vor înregistra douăzeci și unu grade la amiază, dar pe seară și la noapte se înnorează și cresc șansele de ploaie.	masc	Cosmin Stan	negativ
46_24.wav	Astăzi avem undeva pe la douăzeci și opt, poate chiar douăzeci și nouă de grade, mai apar și niște înnorări, poate și ceva reprize de ploaie către seară,	masc	Florin Busuioc	negativ
1_22.wav	E, astăzi e frumoasă vremea, șansele de ploaie sunt foarte reduse.	masc	Florin Busuioc	pozitiv
20_5.wav	Mai ales pe la deal, pe la munte, în Transilvania, în zona Moldovei, apar averse locale.	masc	Florin Busuioc	negativ
61_4.wav	acum meteorologii au revenit și au spus dacă ieri au fost treizeci și patru de grade, ca au fost ieri în București,	masc	Florin Busuioc	negativ
198_13.wav	În nordul Transilvaniei și în Maramureș, mai rece va fi puțin, vor fi cel mult șaptesprezece grade pe la Bistrița.	masc	Florin Busuioc	pozitiv
378_29.wav	Norii apar rar, vântul bate tare pe creste și stratul de zăpadă din stațiuni e peste jumătate de metru în toate masivele	masc	Florin Busuioc	negativ
128_27.wav	cantități însemnate de apă în rest, vremea e mult mai frumoasă,	masc	Florin Busuioc	pozitiv
187_30.wav	Iar la mare găsim vreme frumoasă, pot să apară ceva înnorări, dar nu vorbim deloc despre ploi.	masc	Cosmin Stan	pozitiv
154_6.wav	În celelalte zone găsim vreme mai bună, dar temperaturile rămân scăzute pentru luna mai în majoritatea regiunilor.	masc	Cosmin Stan	negativ
360_2.wav	pe unde va sufla cu până la șaizeci și cinci de kilometri pe oră. Însă în zona montană, înaltă, va fi viscol puternic,	masc	Cosmin Stan	negativ
393_16.wav	Încheiem săptămâna cu vreme foarte rece. Mâine, temperaturile rămân negative în majoritatea zonelor.	masc	Cosmin Stan	negativ
249_17.wav	În Transilvania și astăzi ninge, în special pe la munte, tot acolo la munte, la altitudini mari, vântul bate destul de tare și se transformă în viscol.	masc	Florin Busuioc	negativ
316_1.wav	iar ploile se vor extinde pe jumătatea sud-vestică a României, mai pe seară vor ajunge și în restul zonelor țării,	masc	Florin Busuioc	negativ
78_15.wav	Temperaturile cresc un pic și aici față de ieri, se duc până la douăzeci și nouă de grade la Iași și la Bacău.	masc	Florin Busuioc	pozitiv
198_6.wav	Pe aici o zi cam închisă, mohorâtă, înnorări, multe serii de averse consistente.	masc	Florin Busuioc	negativ
236_6.wav	Temperaturile ajung pe la șaisprezece, chiar șaptesprezece grade pe la Călărași.	masc	Florin Busuioc	pozitiv
333_23.wav	Nici în Transilvania nu prea vedem soarele. Însă, atmosfera rămâne călduroasă pentru sfârșit de februarie.	masc	Florin Busuioc	negativ
330_13.wav	În Transilvania, acum dimineață, avem un pic de ceață și e destul de densă în unele zone.	masc	Florin Busuioc	negativ
299_22.wav	și vântul bate mai tare pe creste, maximele cresc față de ieri, vor fi șapte-opt grade pe la Târgu Mureș,	masc	Florin Busuioc	pozitiv
81_42.wav	La munte vremea e cam răcoroasă, nu prea vedem soarele.	masc	Florin Busuioc	negativ
249_2.wav	Iar maximele pleacă de la zero grade la Miercurea Ciuc și ajung doar la douăsprezece grade pe aici, prin sud, prin zona Bucureștiului, unde apare puțin și soarele.	masc	Florin Busuioc	pozitiv
172_0.wav	Să știți că astăzi avem vreme mai schimbătoare, așa avem însă soare și ceva nori, poate și niște reprize de ploaie, în special pe zonele înalte de munte pe acolo.	masc	Florin Busuioc	negativ
299_21.wav	Și în Transilvania domnește și domină atmosfera cu soare, doar în zonele montane poate că mai sunt câțiva fulgi de zăpadă	masc	Florin Busuioc	pozitiv
266_26.wav	În Transilvania avem o dimineață rece, mai ales în zona depresionară,	masc	Florin Busuioc	negativ
342_1.wav	Tot în aceste zone, atmosfera se menține închisă, apar precipitații consistente sub toate formele.	masc	Cosmin Stan	negativ
87_28.wav	În București avem vreme caldă, soarele strălucește în cea mai mare parte a zilei,	masc	Cosmin Stan	pozitiv
295_1.wav	Doar în est și în sud-est se mai adună norii și s-ar putea să plouă slab, iar vântul bate mai tare în zonele înalte de munte.	masc	Cosmin Stan	negativ
249_11.wav	Cel mult patru grade pe la Bacău. Vor fi ninsori foarte abundente.	masc	Florin Busuioc	negativ
395_19.wav	Avem o atmosferă cam închisă așa, ziua apar ninsori slabe,	masc	Florin Busuioc	negativ
157_0.wav	Astăzi avem tot așa vreme cam rece în jumătatea vestică, îți face mai fric decât a fost ieri.	masc	Florin Busuioc	negativ
35_13.wav	Plouă zgomotos mai pe seară în această zonă, în zona Bucovinei,	masc	Florin Busuioc	negativ
338_22.wav	Și vor fi minus patru grade Celsius în zona Miercurea-Ciuc. În schimb, în Oltenia se mai răcește un pic.	masc	Florin Busuioc	negativ
53_10.wav	Pe aici e cam tare vântul în Transilvania, avem ceva înnorări, avem și niște averse mai ales prin zonele de munte, apare însă și soarele și temperaturile cresc un pic de tot, vor fi undeva până pe la douăzeci și șapte de grade în zona Târgu Mureș.	masc	Florin Busuioc	negativ
85_22.wav	Ploile vin însoțite de descărcări electrice și de vânt intens,	masc	Cosmin Stan	negativ
349_20.wav	Astăzi avem cel mult zece grade pe la Craiova și Drobeta-Turnu Severin. Atmosfera e închisă, un vânt așa mai activ și ploi după ce se lasă noaptea.	masc	Florin Busuioc	negativ
374_8.wav	după care norii se risipesc după prânz să facem mai cald ca ieri.	masc	Florin Busuioc	negativ
55_10.wav	Spre dimineață vor fi temperaturi cuprinse între douăsprezece grade în estul Transilvaniei și vreo douăzeci de grade pe litoral.	masc	Cosmin Stan	pozitiv
20_38.wav	și poate că vine și în București o aversă, rapidă, de vară. La noapte se înseninează,	masc	Florin Busuioc	negativ
239_8.wav	iar șansele de ploaie vor fi extrem de scăzute.	masc	Cosmin Stan	pozitiv
141_31.wav	La amiază undeva până în douăzeci și trei de grade la Ploiești.	masc	Florin Busuioc	pozitiv
214_26.wav	Maxima nu trece de șaisprezece grade, la noapte, condiții de ploaie în continuare,	masc	Florin Busuioc	negativ
119_15.wav	La munte, tot așa, vreme instabilă, după prânz se adună norii, apar ploi abundente în majoritatea masivelor.	masc	Florin Busuioc	negativ
293_32.wav	Vântul bate tare pe creste și dimineața pe văi și în depresiuni e posibil să se formeze ceață.	masc	Florin Busuioc	negativ
43_16.wav	vremea, temperaturile mai mari cu vreo două grade față de ieri, undeva pe la treizeci și unu de grade se opresc.	masc	Florin Busuioc	pozitiv
136_19.wav	În ținuturile sudice temperaturile ajung la douăzeci și șapte de grade pe la Ploiești, ziua începe cu soare, dar treptat se adună norii și o să vină și pe aici câteva reprize de ploaie.	masc	Cosmin Stan	negativ
125_1.wav	Să știți, în a doua parte a zilei avem și perioade cu ploi torențiale, la deal, la munte, în vest, în sud, în centrul României.	masc	Florin Busuioc	negativ
378_24.wav	Foarte frig și în sudul țării, mai ales dimineața și din nou la noapte, atmosfera rămâne însorită toată ziua,	masc	Florin Busuioc	negativ
295_21.wav	Iată, avem paisprezece și la Sibiu și treisprezece la Târgu Mureș.	masc	Cosmin Stan	negativ
99_31.wav	O să fie vreme bună, în general, dar avem nu mai mult de unsprezece grade în termometre,	masc	Florin Busuioc	pozitiv
360_7.wav	În rest găsim vreme mai bună, însă vântul continuă să agite atmosfera în majoritatea regiunilor și atinge viteze foarte mari la munte.	masc	Cosmin Stan	negativ
342_11.wav	în timp ce în restul țării găsim tot vreme rece,	masc	Cosmin Stan	negativ
81_37.wav	În București norii se mulțesc, avem condiții de ploaie foarte reduse.	masc	Florin Busuioc	negativ
342_5.wav	Pe aici însă, după prânz, apar averse cu tunete și fulgere și se pornește vântul.	masc	Cosmin Stan	negativ
386_10.wav	O să vină și câțiva fulgi de zăpadă, vântul prinde putere și suflă cu peste cincizeci de kilometri pe oră,	masc	Florin Busuioc	negativ
319_1.wav	Maximele pleacă de pe la opt grade în zona Miercurea Ciuc și vor ajunge pe la nouăsprezece-douăzeci de grade pe aici prin sud în Lunca Dunării pe la Giurgiu.	masc	Florin Busuioc	pozitiv
144_17.wav	La altitudini mari vântul bate cu peste optzeci de kilometri pe oră, deci tare, tare.	masc	Florin Busuioc	negativ
198_8.wav	Mai sus în Moldova sudică și nordul Munteniei, tot așa, cer acoperit mai multe reprize de ploaie pe timpul zilei.	masc	Florin Busuioc	negativ
110_4.wav	Spre seară apar ceva înnorări, poate și o aversă-două pe litoral.	masc	Florin Busuioc	negativ
342_0.wav	Astăzi vremea devine rece în vest, în centru, nord și prin nord-est, iar în Bucovina maximele se opresc la un grad Celsius.	masc	Cosmin Stan	negativ
386_33.wav	spulberă zăpadă depusă cu rafale de până la șaptezeci de kilometri pe oră. Minus șapte grade Stâna de Vale, minus nouă în Semenic, minus zece la Păltiniș, la Sinaia,	masc	Florin Busuioc	negativ
59_38.wav	și se face un pic mai cald, douăzeci de grade în Ceahlău, douăzeci și trei în Semenic, douăzeci și patru Păltiniș, la Predal,	masc	Florin Busuioc	pozitiv
90_27.wav	Către seară poate că vin niște averse și pe aici.	masc	Florin Busuioc	negativ
174_20.wav	În sud-vestul țării e ceață în primele ore ale zilei.	masc	Florin Busuioc	negativ
378_9.wav	La fel va fi și mai sus în Moldova sudică și în nordul Munteniei, cer senin, frig, cel mult trei-patru grade pe la orele prânzului.	masc	Florin Busuioc	negativ
295_3.wav	și vor ajunge până pe la șaisprezece, chiar șaptesprezece grade în vestul țării.	masc	Cosmin Stan	pozitiv
351_6.wav	Se răcește și în Moldova sudică și în nordul Munteniei, chiar și așa, valorile sunt de luna martie, undeva până în douăsprezece grade.	masc	Florin Busuioc	negativ
295_15.wav	La Baia Mare vor fi paisprezece grade, dar la Satu Mare se vor atinge chiar cincisprezece grade.	masc	Cosmin Stan	pozitiv
293_2.wav	La peste două mii de metri altitudine e posibil să fie lapoviță, chiar ninsoare și vântul bate nervos în sud-estul țării și prin zonele de munte.	masc	Florin Busuioc	negativ
251_4.wav	Pe aici atmosfera e închisă, plouă, vântul bate cam nervos pe timpul zilei, temperaturile scad față de ieri, o să avem cel mult șapte grade pe la Tulcea	masc	Florin Busuioc	negativ
45_43.wav	Apa mării se mai răcorește un pic, douăzeci și unu - douăzeci și două de grade.	masc	Florin Busuioc	pozitiv
327_16.wav	La noapte apar ceva condiții de lapoviță și ninsoare.	masc	Cosmin Stan	negativ
360_1.wav	În zonele joase plouă, iar pe crestele munților predomină ninsorile. Vântul are intensificări în sud, în centru și în nord-vest,	masc	Cosmin Stan	negativ
99_4.wav	Maximele pleacă de la douăzeci de grade în zona litoralului și vor ajunge pe la douăzeci și opt de grade,	masc	Florin Busuioc	pozitiv
43_27.wav	Și în sudul României se mai încălzește, avem undeva până în treizeci și patru de grade pe la Giurgiu,	masc	Florin Busuioc	pozitiv
166_30.wav	iar vântul va amplifica senzația de frig, bate și pe aici cu cincizeci de kilometri pe oră, în sud,	masc	Florin Busuioc	negativ
200_15.wav	În nordul Transilvaniei și în Maramureș cer variabil, însă treptat o să se cam adune norii și vin și ploi din când în când,	masc	Florin Busuioc	negativ
342_12.wav	Înnorările persistă în majoritatea regiunilor și vin alte precipitații.	masc	Cosmin Stan	negativ
374_37.wav	Mai vin ceva ninsori slabe.	masc	Florin Busuioc	negativ
333_16.wav	Dar se încam înmulțesc norii fără ploi, fără precipitații.	masc	Florin Busuioc	negativ
115_8.wav	În nordul Transilvaniei și în Maramureș ziua arată bine, e foarte plăcută, poate niște înnorări trecătoare și doi-trei stropi de ploaie pe la munte.	masc	Florin Busuioc	pozitiv
272_38.wav	Sudul țării, după o zi călduroasă, astăzi avem o răcire accentuată.	masc	Florin Busuioc	negativ
1_41.wav	La munte, soare, vreme bună, poate și câteva reprize de ploaie în a doua parte a zilei spre după masă.	masc	Florin Busuioc	pozitiv
20_27.wav	Adică apare disconfortul termic. În Transilvania avem perioade cu soare,	masc	Florin Busuioc	pozitiv
81_9.wav	Avem și perioade cu soare și ceva înnorări și un vânt mai insistent. Mai răcoare se face.	masc	Florin Busuioc	negativ
333_37.wav	La munte, doar în Carpații Orientali avem o atmosferă cu soare.	masc	Florin Busuioc	pozitiv
92_8.wav	Din când în când vântul o să mai agite atmosfera și la amiază vor fi undeva până în douăzeci și opt de grade la Focșani, Galați și Brăila.	masc	Florin Busuioc	pozitiv
357_20.wav	În ținuturile vestice avem o atmosferă cam închisă, mohorâtă, o să cam plouă așa sporadic în zonele de munte,	masc	Florin Busuioc	negativ
128_4.wav	și vor fi douăzeci și nouă de grade în zona Moldovei și prin zona Munteniei.	masc	Florin Busuioc	pozitiv
321_21.wav	cu cer acoperit și ploi toată ziua. Maximele ajung pe la zece-unsprezece grade pe la Timișoara.	masc	Florin Busuioc	negativ
357_27.wav	În sud-vestul țării vor fi înnorări, dar avem și perioade cu soare, vântul bate nervos pe timpul zilei,	masc	Florin Busuioc	negativ
357_28.wav	Viteze de până la șaizeci și cinci de kilometri pe oră, ieri la Drobeta-Turnu Severin au fost optsprezece grade,	masc	Florin Busuioc	negativ
198_2.wav	Va fi și grindină. Se răcește în jumătatea vestică în special.	masc	Florin Busuioc	negativ
20_4.wav	și un disconfort termic foarte, foarte pronunțat. Mai către seară.	masc	Florin Busuioc	negativ
277_20.wav	Vremea rămâne caldă și în sudul țării.	masc	Cosmin Stan	pozitiv
389_22.wav	În Transilvania mai vin ceva ninsori, iar la munte vântul bate cu putere.	masc	Cosmin Stan	negativ
384_30.wav	La munte temperaturile sunt extrem de scăzute, soare în masivele din vest, câteva ninsori slabe în Meridionali și Orientali	masc	Florin Busuioc	negativ
301_34.wav	În Carpații Meridionali se depune strat consistent de zăpadă și vântul bate tare pe creste	masc	Florin Busuioc	negativ
3_16.wav	Însă și la Suceava și la Piatra Neamț este extrem de cald.	masc	Florin Busuioc	pozitiv
46_1.wav	Mai vin și câteva ploi, poate pe la munte, prin nord și prin zonele centrale.	masc	Florin Busuioc	negativ
81_28.wav	Azi noaptea a plouat foarte mult, ploile continuă și astăzi.	masc	Florin Busuioc	negativ
71_32.wav	Nu lipsesc perioadele cu soare însă, iar maximele ajung pe la douăzeci și șapte - douăzeci și opt de grade.	masc	Cosmin Stan	pozitiv
222_33.wav	În Oltenia urmează o zi mohorâtă, închisă, averse, descărcări electrice care pot să lasă în urmă peste douăzeci și cinci de litri de apă pe metrul pătrat.	masc	Florin Busuioc	negativ
279_5.wav	Pe aici continuă vremea frumoasă, se face mult mai cald decât ar trebui. Temperaturile urcă până la douăzeci și două de grade.	masc	Cosmin Stan	pozitiv
222_12.wav	Haideți să vedem cum arată vremea în fiecare regiune. Dobrogea și Bărăgan. Aici e vreme instabilă.	masc	Florin Busuioc	negativ
16_6.wav	Mergem mai departe în Moldova sudică și nordul Munteniei, mai cald un pic se face și pe aici.	masc	Florin Busuioc	pozitiv
364_1.wav	Se face mai cald, o să avem de la cinci grade la Miercurea Ciuc până la șaisprezece grade aici, jos în Oltenia, Muntenia. O să vedem cum arată vremea în fiecare dintre regiuni.	masc	Florin Busuioc	pozitiv
393_11.wav	Viscolul continuă în zonele de munte pe unde vântul trece de optzeci-nouăzeci de kilometri pe oră.	masc	Cosmin Stan	negativ
136_14.wav	După-amiaza în zona montană se adună norii și vin mai multe serii de averse, posibil însoțite de fenomene electrice.	masc	Cosmin Stan	negativ
1_26.wav	După aceea soarele apare peste tot în toată regiunea. Temperaturile cresc de la o oră la alta.	masc	Florin Busuioc	pozitiv
372_40.wav	Vântul devine principala problemă.	masc	Florin Busuioc	negativ
272_15.wav	Maximele se opresc pe la șapte-opt grade, pe la Bacău opt grade.	masc	Florin Busuioc	pozitiv
107_25.wav	Pe la munte în special se pot strânge cantități mari de apă și avem și perioade cu soare pe timpul zilei.	masc	Florin Busuioc	negativ
338_7.wav	Se mai răcește și în Moldova sudică și nordul Munteniei. Cel mult șase grade vor fi pe aici.	masc	Florin Busuioc	negativ
30_7.wav	Pot să se producă și vijelii și cantități mari de apă să cadă.	masc	Florin Busuioc	negativ
309_9.wav	Începem săptămâna cu vreme frumoasă și se încălzește în cea mai mare parte a țării.	masc	Cosmin Stan	pozitiv
186_19.wav	În zonele de munte vin câteva reprize de ploi slabe, iar pe creste s-ar putea să mai cadă puțină lapoviță.	masc	Cosmin Stan	negativ
255_0.wav	Dragii mei, hai să vă povestesc despre ziua de astăzi, pentru că azi avem vreme neobișnuit de rece,	masc	Florin Busuioc	negativ
236_8.wav	Șanse destul de serioase de ploaie și tot atunci vântul devine insistent.	masc	Florin Busuioc	negativ
107_32.wav	După prânz vin câteva ploi de vară prin nordul Munteniei, în zona deluroasă.	masc	Florin Busuioc	negativ
87_31.wav	În schimb, la munte norii se înmulțesc și vin mai multe reprize de ploi torențiale, cu tunete și fulgere.	masc	Cosmin Stan	negativ
3_22.wav	treizeci și patru, chiar treizeci și cinci de grade pe la Baia Mare.	masc	Florin Busuioc	pozitiv
277_14.wav	Se face mai cald decât ar trebui, temperaturile urcă până la șaisprezece-șaptesprezece grade.	masc	Cosmin Stan	pozitiv
10_14.wav	Multă zăpușală, treizeci și cinci de grade la umbră, pe la Focșani, pe la Brăila.	masc	Florin Busuioc	negativ
321_5.wav	În Dobrogea și în Bărăgan e destul de frumos,	masc	Florin Busuioc	pozitiv
68_11.wav	În schimb, pe la Iași sunt douăzeci și trei, dar tot e o temperatură sub normalul perioadei.	masc	Florin Busuioc	negativ
343_15.wav	Se vor atinge cincisprezece chiar șaisprezece grade pe la Focșani.	masc	Florin Busuioc	pozitiv
187_12.wav	În nordul Transilvaniei și în Maramureș se înnorează din când în când și e posibil să plouă,	masc	Cosmin Stan	negativ
24_19.wav	iar vântul bate cu putere în estul Carpaților Meridionali.	masc	Cosmin Stan	negativ
107_27.wav	Ploile apar și în Oltenia, sunt zone în care sunt ploi abundente pe spații mici cade grindină.	masc	Florin Busuioc	negativ
168_7.wav	Temperaturile scad simțitor, cel mult douăsprezece-treisprezece grade la malul mării.	masc	Florin Busuioc	negativ
372_43.wav	Avem zero grade la Stâna de Vale, minus doiuă în Semenic, minus trei la Predal, minus patru la Păltiniș,	masc	Florin Busuioc	negativ
174_4.wav	și vor ajunge la douăzeci și trei, chiar douăzeci și patru de grade în Banat și în vestul Olteniei.	masc	Florin Busuioc	pozitiv
267_16.wav	Și în vestul țării se mai încălzește, avem maxime undeva pe la treisprezece, poate chiar paisprezece grade,	masc	Florin Busuioc	pozitiv
26_8.wav	În jumătatea nordică Moldovei și în Bucovina va fi cam înnorat și o să plouă la început de zi.	masc	Cosmin Stan	negativ
92_27.wav	Treisprezece grade în Ceahlău, cincisprezece grade în Semenic, șaptesprezece la Păltiniș, la Stâna de Vale nouăsprezece la Predeal, douăzeci de grade.	masc	Florin Busuioc	pozitiv
277_17.wav	La noapte se face mai frig, în depresiuni temperaturile coboară sub pragul înghețului și se produce brumă.	masc	Cosmin Stan	negativ
272_1.wav	Vântul însă ne atrage atenția, este foarte intens, sporește senzația de frig.	masc	Florin Busuioc	negativ
13_35.wav	În Oltenia, temperaturile cresc.	masc	Florin Busuioc	pozitiv
180_20.wav	În sudul țării încă o zi superbă, soare, temperaturile sunt foarte agreabile, douăzeci și trei de grade pe la Giurgiu,	masc	Florin Busuioc	pozitiv
378_4.wav	În Dobrogea și în Bărăgan, în primul rând, nu prea vedem norii, temperaturile rămân scăzute și acum dimineața e foarte frig.	masc	Florin Busuioc	negativ
266_35.wav	Un aer cald pătrunde și în sudul țării, maximele ajung pe la optsprezece-nouăsprezece grade chiar pe la Alexandria și Giurgiu,	masc	Florin Busuioc	pozitiv
24_24.wav	În București ziua de astăzi ne aduce vreme frumoasă, vânt activ	masc	Cosmin Stan	pozitiv
1_16.wav	Maxime de treizeci și patru de grade pe la Bacău. Ploile vin cu tunete, cu fulgere.	masc	Florin Busuioc	negativ
1_31.wav	E o atmosferă înăbușitoare după prânz.	masc	Florin Busuioc	negativ
187_6.wav	Vor fi cel mult șaisprezece - șaptesprezece grade după prânz.	masc	Cosmin Stan	pozitiv
255_21.wav	Minus șase grade în Ceahlău, minus două grade la Păltiniș, la Sinaia la cota o mie cinci sute și în Semenic zero grade și la Stâna de Vale un grad, nu mai mult de un grad.	masc	Florin Busuioc	negativ
46_12.wav	În nordul Transilvaniei și în Maramureș, e cam răcoare pentru finalul lunii iunie.	masc	Florin Busuioc	negativ
186_24.wav	În București se încălzește de asemenea și ajungem la un regim termic potrivit pentru final de aprilie.	masc	Cosmin Stan	pozitiv
272_0.wav	Să știți că ziua de astăzi ne aduce vreme rece. Avem și precipitații slabe, e adevărat, nu foarte abundente.	masc	Florin Busuioc	negativ
277_21.wav	Mai apar ceva înnorări, o să plouă din când în când, se arată și soarele printre nori, iar temperaturile urcă până la douăzeci și două de grade.	masc	Cosmin Stan	pozitiv
68_20.wav	În Oltenia se face mai cald decât în celelalte zone, se vor atinge treizeci de grade pe la Drobeta-Turnu Severin.	masc	Florin Busuioc	pozitiv
68_8.wav	Averse zdravene, descărcări electrice, rafale puternice de vânt. Poate să cadă și grindină.	masc	Florin Busuioc	negativ
71_27.wav	Mai sunt ceva condiții de ploaie și la începutul nopții, iar mâine în zori vom avea doar șaisprezece-șaptesprezece grade.	masc	Cosmin Stan	negativ
22_22.wav	La Oradea, Arad și Timișoara se apropie temperaturile de pragul caniculei.	masc	Florin Busuioc	pozitiv
266_8.wav	Vântul bate cam nervos și temperaturile, la fel ca cele de ieri, ajung pe la douăsprezece grade.	masc	Florin Busuioc	negativ
222_11.wav	Dar maximele pleacă de pe la treisprezece grade în zona litoralului.	masc	Florin Busuioc	pozitiv
26_1.wav	Ploi trecătoare în sud, în est, în zonele de munte și un vânt ceva mai intens pe partea estică, dar și în sud-vest.	masc	Cosmin Stan	negativ
43_19.wav	În Transilvania, acum dimineață e rece, mai ales în zona depresionară, minimele sunt undeva pe la șapte grade,	masc	Florin Busuioc	negativ
90_20.wav	Plouă puțin și în vest.	masc	Florin Busuioc	negativ
369_8.wav	În Moldova sudică și nordul Munteniei vreme frumoasă, vântul bate cam nervos din când în când și la amiază și pe aici se ating nouă grade pe la Buzău.	masc	Florin Busuioc	pozitiv
3_1.wav	Se vor atinge patruzeci de grade în Lunca Dunării pe la Giurgiu.	masc	Florin Busuioc	negativ
24_29.wav	Vântul bate tare în zona înaltă din Carpații de Curbură și din estul Meridionalilor	masc	Cosmin Stan	negativ
3_39.wav	La munte urmează o zi caldă, soare dimineața,	masc	Florin Busuioc	pozitiv
198_36.wav	O să cadă și grindina, pe creste sunt ninsori sau lapoviță.	masc	Florin Busuioc	negativ
71_18.wav	În schimb, în Transilvania rămânem cu vremea instabilă.	masc	Cosmin Stan	negativ
236_22.wav	Ceață în zona depresionară, norii vin și trec, iar mai pe seară vor aduce poate niște averse și pe aici, prin această provincie.	masc	Florin Busuioc	negativ
1_43.wav	Vin cu tunete, cu fulgere, căderi de grindină și vânt foarte puternic.	masc	Florin Busuioc	negativ
297_2.wav	În schimb, în estul și în sud-estul țării mai apar ceva înnorări, poate și câțiva stropi de ploaie.	masc	Cosmin Stan	negativ
3_11.wav	și după prânz căldura devine sufocantă.	masc	Florin Busuioc	negativ
357_13.wav	dar la Focșani sunt nouă grade, deci cu șapte grade mai puțin.	masc	Florin Busuioc	negativ
180_12.wav	Apar niște înnorări, mai la noapte așa e posibil să picure puțin trecător.	masc	Florin Busuioc	negativ
115_13.wav	În Transilvania norii se adună treptat și vin ploi, mai ales în zonele montane, pe unde pot să se strângă cantități însemnate de apă.	masc	Florin Busuioc	negativ
71_7.wav	Instabilitatea crește mai târziu, apar ploi zgomotoase și se intensifică vântul.	masc	Cosmin Stan	negativ
272_13.wav	Și vântul bate nervos cu cincizeci-șaptezeci de kilometri pe oră.	masc	Florin Busuioc	negativ
48_22.wav	Cam răcoare pentru perioada aceasta. Ploile apar mai ales în zonele înalte, pe la munte,	masc	Florin Busuioc	negativ
222_22.wav	Și aici vor fi și condiții de grindină. În Bucovina se face mai cald față de ieri.	masc	Florin Busuioc	negativ
279_12.wav	Temperaturile depășesc cu vreo zece grade valorile normale	masc	Cosmin Stan	negativ
30_33.wav	Vântul bate cam nervos și după-amiaza aversele ajung și în această zonă.	masc	Florin Busuioc	negativ
249_16.wav	Temperaturile cu greu vor ajunge pe la opt grade și asta doar în zona Timișoarei, iar la noapte pot să se înregistreze undeva pe la zero grade Celsius.	masc	Florin Busuioc	negativ
78_6.wav	Maximele pleacă de la douăzeci de grade în zona Timișoarei	masc	Florin Busuioc	pozitiv
209_15.wav	În Transilvania se mai adună ceva nori, poate că va și ploua slab de tot	masc	Florin Busuioc	negativ
154_12.wav	Maximele pleacă de la cincisprezece grade în vestul Olteniei și ajung pe la douăzeci și trei de grade în Moldova și în Maramureș.	masc	Cosmin Stan	pozitiv
101_4.wav	În rest, avem o zi însorită și un vânt mai intens în sudul Banatului și pe litoral.	masc	Cosmin Stan	pozitiv
22_28.wav	Vântul bate tare în zonele înalte de munte, iar în Oltenia, temperaturile continuă să crească.	masc	Florin Busuioc	negativ
20_44.wav	Pe litoral vremea e frumoasă, va fi cald, temperaturile se duc până la treizeci și unu grade prin stațiunile din nord,	masc	Florin Busuioc	pozitiv
1_30.wav	Temperaturile se apropie de patruzeci de grade la Drobeta-Turn Severin, la Craiova, de asemeni.	masc	Florin Busuioc	negativ
136_6.wav	iar maximele ating douăzeci și șapte de grade.	masc	Cosmin Stan	pozitiv
136_11.wav	În nordul Transilvaniei și în Maramureș se anunță o zi superbă, domina atmosfera însorită,	masc	Cosmin Stan	pozitiv
360_14.wav	În jumătatea de nord și la munte continuă să plouă mai consistent în masivele vestice	masc	Cosmin Stan	negativ
16_19.wav	După amiaza, atmosfera devine instabilă în Occidentali și în nordul Orientalilor și vin mai multe reprize de ploi zgomotoase cu vijelii. La mare se anunță o zi foarte plăcută, va fi soare, o briză activă, nu sunt mai mult de douăzeci și șapte de grade pe plajă, apa mării are douăzeci și două - douăzeci și trei de grade în stațiunile din nord.	masc	Florin Busuioc	negativ
174_31.wav	Însă sunt ploi trecătoare și neînsemnate cantitativ, deci ploi slabe care trec foarte repede.	masc	Florin Busuioc	negativ
349_14.wav	Dar la noapte se înnorează și pe aici și vin ceva ploi. În vestul țării vremea e frumoasă.	masc	Florin Busuioc	negativ
272_16.wav	Vântul bate tare de tot, pot să apară și precipitații sub toate formele.	masc	Florin Busuioc	negativ
249_19.wav	În Oltenia, ziua de astăzi ne aduce puțin, puțin soare, dar și o ușoară încălzire a vremii,	masc	Florin Busuioc	pozitiv
8_10.wav	Canicula și disconfortul termic persistă în ținuturile sudice,	masc	Cosmin Stan	negativ
283_23.wav	La noapte, undeva pe la șapte grade și va fi din nou un pic de ceață.	masc	Florin Busuioc	negativ
333_28.wav	Vântul are intensificări în zona montană, unde poate să fie și un pic de lapoviță.	masc	Florin Busuioc	negativ
364_9.wav	În sud, vreme frumoasă, temperaturile cresc față de ieri, maximele și pe aici pot să ajungă la șaisprezece grade, la noapte se pornește vântul și pe aici.	masc	Florin Busuioc	pozitiv
30_18.wav	La noapte se înseninează treptat, atmosferă foarte plăcută la noapte, undeva pe la cinsprezece grade, minimele.	masc	Florin Busuioc	pozitiv
241_15.wav	Apoi se arată și soarele printre nori, iar maximele pornesc de la șapte grade în Bucovina	masc	Cosmin Stan	pozitiv
360_3.wav	cu rafale de peste o sută douăzeci de kilometri pe oră.	masc	Cosmin Stan	negativ
366_6.wav	În Dobrogea și în Bărăgan, soarele strălucește în cea mai mare parte a zilei,	masc	Florin Busuioc	pozitiv
386_24.wav	Noaptea, vremea e geroasă și temperatura coboară la minus cincisprezece grade la Miercurea Ciuc. Și în Oltenia dimineața e geroasă în unele zone,	masc	Florin Busuioc	negativ
393_1.wav	Și vorbim și de fulgii ăia de zăpadă pe care îi așteptăm prin București.	masc	Cosmin Stan	negativ
154_10.wav	Norii se înmulțesc, iar în ținuturile vestice, în centru, dar și pe la munte, apar averse destul de consistente, posibil însoțite de fenomene electrice.	masc	Cosmin Stan	negativ
374_14.wav	Mai către seară și la noapte, treptat așa, ușor, ușor, se înseninează,	masc	Florin Busuioc	pozitiv
343_27.wav	Iar la noapte lapoviță în toată regiunea. În Transilvania avem o zi cam neplăcută.	masc	Florin Busuioc	negativ
212_15.wav	Ploile o să apară pe suprafețe foarte restrânse.	masc	Florin Busuioc	negativ
369_31.wav	Patru grade Stâna de Vale, un grad Păltiniș, zero în Semenic și la Predeal și minus cinci grade în Ceahlău.	masc	Florin Busuioc	negativ
279_25.wav	Maximele ajung la douăzeci și trei, poate chiar douăzeci și patru de grade, care sunt valori de luna mai.	masc	Cosmin Stan	pozitiv
258_27.wav	La munte cer acoperit de nori, precipitații mixte, către seară și la noapte predomină ninsorile, bineînțeles, cu depunere de strat nou de zăpadă, mai ales în Carpații Meridionali și Carpații de Curbură.	masc	Florin Busuioc	negativ
293_30.wav	La munte cresc de asemeni temperaturile însă încep să se adune norii.	masc	Florin Busuioc	negativ
90_32.wav	Soarele strălcește toată ziua, să știți. Și după prânz se vor atinge treizeci de grade.	masc	Florin Busuioc	pozitiv
279_11.wav	Vreme foarte caldă găsim și în jumătatea nordică a Moldovei și în Bucovina.	masc	Cosmin Stan	pozitiv
293_11.wav	La apropierea serii și la noapte vin câțiva stropi de ploaie.	masc	Florin Busuioc	negativ
209_2.wav	În Oltenia pot să fie averse consistente, cu tunete, fulgere, poate fi și grindină	masc	Florin Busuioc	negativ
366_19.wav	Pe la douăsprezece, poate chiar treisprezece grade în sudul Banatului, prin zona Reșiței, pe acolo va fi cel mai cald.	masc	Florin Busuioc	pozitiv
316_22.wav	Și la munte, foarte cald pentru perioada aceasta, ploile se extind în a doua parte a zilei, mai abundente sunt în Munții Banatului și în vestul Meridionalilor,	masc	Florin Busuioc	negativ
10_31.wav	La munte scad astăzi temperaturile, avem ploi consistente, pot să fie fenomene electrice, căderi de grindină, vântul are intensificări la altitudini mari în Carpații de Curbură și prin estul Carpaților Meridionali.	masc	Florin Busuioc	negativ
3_17.wav	treizeci și patru respectiv treizeci și cinci, către seară și la noapte se adună norii și vin și pe aici ceva averse.	masc	Florin Busuioc	negativ
26_18.wav	Mai vin câteva averse și astăzi, dar nu mai vorbim despre cantități mari de apă sau de fenomene severe.	masc	Cosmin Stan	negativ
316_23.wav	Pe creste poate că va fi și un pic de lapoviță chiar ninsoare, vântul are ceva intensificări, dar nu mai vorbim de viteze atât de mari cum s-a întâmplat ieri.	masc	Florin Busuioc	negativ
61_11.wav	Mai pe după prânz și pe aici se vor atinge treizeci și două de grade pe la Focșani și Brăila, iar vântul adie foarte, foarte plăcut.	masc	Florin Busuioc	pozitiv
372_37.wav	La noapte, minimele ajung la minus două grade în centrul orașului, minus cinci la periferie,	masc	Florin Busuioc	negativ
321_37.wav	Cu multe precipitații, ninge pe creste, plouă sau e lapoviță la altitudini mai mici.	masc	Florin Busuioc	negativ
266_47.wav	Nouă la Predeal și la Stâna de Vale, iar la Pălpiniș zece grade Celsius.	masc	Florin Busuioc	pozitiv
125_20.wav	iar temperaturile nu depășesc douăzeci și patru de grade pe la Râmnicu Vâlcea.	masc	Florin Busuioc	pozitiv
85_24.wav	Temperaturile ajung la douăzeci și nouă de grade Celsius. Nici sudul țării nu este ferit de precipitații,	masc	Cosmin Stan	negativ
176_21.wav	La București avem o zi cam închisă, așa, cam închisă cu nori, mohorâtă, plouă trecător și vântul e cam activ,	masc	Florin Busuioc	negativ
372_35.wav	În București avem tot așa vreme, frumoasă, mai cald decât normal, nu vedem norii aproape deloc.	masc	Florin Busuioc	pozitiv
234_9.wav	Deci, cantități destul de mari de apă, vântul bate tare, ajunge la șaptezeci de kilometri pe oră,	masc	Florin Busuioc	negativ
258_23.wav	Pe partea sudică a țării, ploile apar mai către seară și în noaptea care urmează.	masc	Florin Busuioc	negativ
277_3.wav	Aici găsim atmosferă instabilă, înnorări și mai multe serii de averse care pot fi însoțite de fenomene electrice.	masc	Cosmin Stan	negativ
186_20.wav	În Oltenia treptat se adună norii, iar după prânz o să plouă puțin, mai ales în zonele de deal și de munte.	masc	Cosmin Stan	negativ
200_9.wav	Temperaturile un pic mai mari decât ieri, undeva până în douăzeci și unu de grade la Călărași.	masc	Florin Busuioc	pozitiv
107_14.wav	În jumătatea nordică a Moldovei și în Bucovina avem și perioade cu soare,	masc	Florin Busuioc	pozitiv
239_0.wav	Astăzi temperaturile continuă să crească, dar în cea mai mare parte a țării vremea rămâne totuși rece pentru data din calendar.	masc	Cosmin Stan	negativ
283_7.wav	O amiază foarte caldă pentru momentul acesta al anului.	masc	Florin Busuioc	pozitiv
46_14.wav	Apare și soarele printre nord, dar avem și aceste ploi mai pe după masă.	masc	Florin Busuioc	negativ
71_15.wav	În vestul țării avem în sfârșit o zi liniștită, cu soare și foarte puține ploi.	masc	Cosmin Stan	pozitiv
168_21.wav	Iar în Transilvania se răcește foarte tare pe partea estică a provinciei, la Miercurea Ciuc, nu mai mult de opt grade.	masc	Florin Busuioc	negativ
97_31.wav	Amiaza ne aduce temperaturi agreabile, undeva până în douăzeci și șapte de grade prin zona Târgu Mureș, Alba Iulia.	masc	Florin Busuioc	pozitiv
190_45.wav	Și vor fi zero grade în Ceahlău, cinci în Semenic, șase la Păltiniș,	masc	Florin Busuioc	negativ
107_30.wav	Maximele vor ajunge la douăzeci și șapte de grade pe la Craiova în sud.	masc	Florin Busuioc	pozitiv
272_45.wav	Iarnă grea, nu așa oricum, cu frig, cu ninsoare, cu vânt foarte puternic.	masc	Florin Busuioc	negativ
1_18.wav	La noapte, atmosfera devine foarte plăcută. Temperaturile coboară la cinsprezece-șaisprezece grade.	masc	Florin Busuioc	pozitiv
22_4.wav	și vom ajunge pe la treizeci și patru de grade pe aici, pe la Giurgiu, București,	masc	Florin Busuioc	pozitiv
389_34.wav	Soarele se arată trecător, s-ar putea să mai fulguiască puțin, iar vântul va amplifica senzația de frig.	masc	Cosmin Stan	negativ
13_0.wav	Avem astăzi o zi foarte fierbinte, toridă, în toată jumătatea sudică a țării,	masc	Florin Busuioc	negativ
234_18.wav	și temperaturile cu greutate vor ajunge pe la cincisprezece grade.	masc	Florin Busuioc	pozitiv
251_23.wav	Vântul rămâne intens, sporește senzația de frig, unsprezece grade pe la Ploiești	masc	Florin Busuioc	negativ
83_7.wav	Vântul prinde putere și va ajunge la viteză undeva pe la cincizeci și cinci de kilometri pe oră.	masc	Florin Busuioc	negativ
369_18.wav	Vântul se intensifică pe crestele Meridionalilor și la amiază vor fi vreo șapte grade pe la Alba Iulia.	masc	Florin Busuioc	negativ
154_0.wav	Astăzi vremea se încălzește, dar temperaturile se mențin sub valorile normale pentru acest moment al anului.	masc	Cosmin Stan	negativ
182_41.wav	Șase grade Celsius în Ceahlău, zece Cemenic, douăsprezece Căltiniș, cincisprezece la Predeal și uitați-vă, șaptesprezece grade la Stâna de Vale.	masc	Florin Busuioc	pozitiv
277_18.wav	În Oltenia se anunță o zi frumoasă și mai caldă decât în mod obișnuit.	masc	Cosmin Stan	pozitiv
325_20.wav	Se face mai cald decât ar trebui și temperaturile urcă până la douăsprezece, chiar treisprezece grade, iată la Târgu Jiu și Râmnicu Vâlcea.	masc	Cosmin Stan	pozitiv
243_10.wav	Iar pe jumătatea nordică a Moldovei și în Bucovina se mai îndreaptă vremea după potopul	masc	Florin Busuioc	negativ
395_21.wav	În vestul țării cam înnorat, vin precipitații slabe sub toate formele,	masc	Florin Busuioc	negativ
157_11.wav	Și aici plouă în mai multe reprize, pot să se strângă și cantități mai mari de apă, cincisprezece litri pe metru pătrat și vântul bate tare.	masc	Florin Busuioc	negativ
30_8.wav	Mai sus, în Moldova sudică și în nordul Munteniei, o zi caniculară ieri.	masc	Florin Busuioc	pozitiv
128_39.wav	În Occidentali și în vestul Meridionalilor vin averse zdravene, consistente,	masc	Florin Busuioc	negativ
395_30.wav	temperaturile puțin mai mari decât ar fi normal, vântul bate ceva mai nervos și maximele ajung pe la șase,	masc	Florin Busuioc	pozitiv
97_34.wav	În zona Carpaților Meridionali vântul suflă cu până la șaizeci și cinci de kilometri pe oră.	masc	Florin Busuioc	negativ
249_14.wav	Undeva până într-un grad, în toată provincia nu avem mai mult de un grad, ninsorile vor continua și după ce se lasă noaptea.	masc	Florin Busuioc	negativ
214_0.wav	Astăzi avem o zi închisă, mohorâtă, plouă în majoritatea zonelor. Temperaturile sunt mai mici decât ar fi normal.	masc	Florin Busuioc	negativ
230_19.wav	În Oltenia avem o atmosferă cu soare, un pic mai cald decât ar fi normal.	masc	Florin Busuioc	pozitiv
241_12.wav	În Banat, în Oltenia și în dealurile Munteniei mai vin câteva ploi slabe.	masc	Cosmin Stan	negativ
46_15.wav	În vestul țării se îndreaptă vremea, pe la Deva mai e un pic de ploaie, în rest avem o zi cu soare,	masc	Florin Busuioc	pozitiv
128_9.wav	La amiază avem douăzeci și șapte de grade pe la Slobozia, în Moldova sudică și nordul Munteniei.	masc	Florin Busuioc	pozitiv
190_41.wav	Presiunea a ajuns la normal, acum are tendința să scadă un pic. La munte avem o zi cu soare, dar e cam rece,	masc	Florin Busuioc	pozitiv
190_38.wav	Maxima se oprește la șaptesprezece grade, ar trebui să avem douăzeci și unu de grade în momentul ăsta,	masc	Florin Busuioc	pozitiv
234_30.wav	Vom avea nouăsprezece grade pe la Târgu Jiu, în sudul țării vremea e mohorâtă, închisă, în norări, poate și câțiva stropi de ploaie pe timpul zilei.	masc	Florin Busuioc	negativ
395_32.wav	În sudul țării se arată trecător soarele, se face mai cald decât ar trebui să fie,	masc	Florin Busuioc	pozitiv
53_13.wav	Se încălzește un pic și în sud-vestul țării, avem câteva perioade cu reprize de ploaie, așa, avem și perioade cu soare, după prânz douăzeci și nouă de grade la Drobeta-Turnu Severin.	masc	Florin Busuioc	pozitiv
71_30.wav	iar cantitățile de apă pot depăși patruzeci de litri pe metru pătrat.	masc	Cosmin Stan	negativ
295_24.wav	Se mai încălzește față de ieri, temperaturile urcă până la paisprezece grade,	masc	Cosmin Stan	pozitiv
85_35.wav	Apa mării va avea în jur de douăzeci și două de grade Celsius.	masc	Cosmin Stan	pozitiv
107_21.wav	Pot să fie chiar peste treizeci de litri de apă pe metru pătrat în toată provincia.	masc	Florin Busuioc	negativ
85_28.wav	Crește însă instabilitatea, iar spre seară se adună norii și apar câteva averse cu descărcări electrice.	masc	Cosmin Stan	negativ
395_11.wav	Condiții de lapoviță sau ploaie, vânt activ și maximele se opresc pe la patru până pe la șase grade.	masc	Florin Busuioc	negativ
389_7.wav	Pe aici găsim atmosferă închisă, ninsori slabe, temperaturi mai scăzute decât ieri.	masc	Cosmin Stan	negativ
218_11.wav	Maximele ajung la șaptesprezece grade pe la Galați și Brăila.	masc	Florin Busuioc	pozitiv
78_11.wav	Maximele se opresc la douăzeci și nouă de grade la Slobozia și Călărași.	masc	Florin Busuioc	pozitiv
22_21.wav	În partea vestică a țării se face foarte cald, extrem de cald, vedeți.	masc	Florin Busuioc	negativ
78_14.wav	În jumătatea nordică a Moldovei și în Bucovina, soare în cea mai mare parte a zilei.	masc	Florin Busuioc	pozitiv
299_0.wav	Astăzi avem o vreme bună în general, se îndreaptă așa, dar vremea, temperaturile încep să crească.	masc	Florin Busuioc	pozitiv
48_37.wav	Pe litoral vremea e bună, avem soare în prima parte a zilei.	masc	Florin Busuioc	pozitiv
99_14.wav	Bineînțeles, vor fi și câteva reprize de ploaie cu descărcări electrice, poate fi și grindină.	masc	Florin Busuioc	negativ
351_5.wav	Ieri au fost douăzeci de grade prin zona Călărașiului, astăzi nu mai trec temperaturile de cincisprezece grade, dar astea sunt valori mult mai ridicate decât ar fi normal, ar trebui să fie vreo șapte grade.	masc	Florin Busuioc	negativ
162_7.wav	mai cresc un pic, maximele ajung la șaisprezece grade pe la Călărași.	masc	Florin Busuioc	pozitiv
338_26.wav	Un vânt insistent și temperatură de șapte grade Celsius la Pitești și la Giurgiu. La București se mai răcește.	masc	Florin Busuioc	negativ
372_44.wav	iar în Ceahlău, minus cinci grade Celsius.	masc	Florin Busuioc	negativ
378_0.wav	Avem astăzi o zi cu soare, dar e cam rece, ger dimineața în majoritatea zonelor țării.	masc	Florin Busuioc	negativ
13_42.wav	Indicele de confort termic depășește cu mult pragul critic de optzeci de unități.	masc	Florin Busuioc	negativ
22_19.wav	Ar fi ceva condiții de ploaie, dar asta mai pe la noapte.	masc	Florin Busuioc	negativ
321_22.wav	O să și plouă și după ce se lasă noaptea. Deci nu se opresc ploile nici la noapte.	masc	Florin Busuioc	negativ
5_6.wav	iar cele mai ridicate temperaturi de douăzeci și patru de grade se vor înregistra în vestul Olteniei.	masc	Cosmin Stan	pozitiv
285_19.wav	Vremea însă se încălzește pe timpul zilei, maxime de șaisprezece chiar șaptesprezece grade probabil.	masc	Florin Busuioc	pozitiv
92_3.wav	și vor ajunge la douăzeci și nouă de grade în sudul sud-estul României, pe la București.	masc	Florin Busuioc	pozitiv
369_13.wav	În vestul României atmosfera va fi însorită, apar norii doar așa trecător, temperaturile mai cresc un pic.	masc	Florin Busuioc	pozitiv
272_37.wav	Asta înseamnă mai rece decât ar fi normal.	masc	Florin Busuioc	negativ
230_22.wav	În sudul țării e cald, dar până la ora nouă mai multe localități din județele Teleorman, Giurgiu, Dâmbovița și Ilfov se află sub cod galben de ceață densă.	masc	Florin Busuioc	negativ
285_13.wav	În nordul Transilvaniei și în Maramureș dimineața e cam rece.	masc	Florin Busuioc	negativ
190_37.wav	Vântul bate foarte încet, ușor, plăcut, adie,	masc	Florin Busuioc	pozitiv
162_13.wav	Aici, temperaturile tot așa, o ușoară creștere, ajung pe la șaptesprezece, poate chiar optsprezece grade prin zona Baia Mare-Zalău.	masc	Florin Busuioc	pozitiv
182_9.wav	iar în Moldova sudică și în nordul Munteniei avem o atmosferă însorită.	masc	Florin Busuioc	pozitiv
236_24.wav	În Oltenia ar fi niște condiții de ploaie dimineața acum.	masc	Florin Busuioc	negativ
20_46.wav	Apar și câțiva nori de ploaie în zona litoralului,	masc	Florin Busuioc	negativ
234_10.wav	Temperaturile scad față de ieri, se opresc la unsprezece grade,	masc	Florin Busuioc	pozitiv
45_13.wav	jumătatea nordică a Moldovei și în Bucovina, vântul bate cam nervos și după masă,	masc	Florin Busuioc	negativ
71_31.wav	Și pe litoral se adună norii, iar spre seară apar câteva ploi de scurtă durată, posibil însoțite de fenomene electrice.	masc	Cosmin Stan	negativ
30_31.wav	Tunete, fulgere, grindină, cinsprezece grade în Ceahlău, șaptesprezece la Păltiniș, optsprezece în Semenic, la Stâna de Vale și la Predeal, nouăsprezece grade.	masc	Florin Busuioc	negativ
5_9.wav	Cele mai scăzute temperaturi de douăzeci și opt de grade se vor înregistra din nou în sudul litoralului.	masc	Cosmin Stan	negativ
378_17.wav	În vestul țării e destul de frig, mai ales dimineața acum, cerul rămâne curat toată ziua și aproape în toată provincia,	masc	Florin Busuioc	negativ
20_35.wav	În Lunca Dunării, treizeci și cinci grade, pe la Alexandria, e cel mai cald,	masc	Florin Busuioc	pozitiv
333_22.wav	și temperaturile ajung la douăsprezece grade pe la Deva.	masc	Florin Busuioc	pozitiv
283_1.wav	Maximele pleacă de la treisprezece-șaisprezece grade pe litoral,	masc	Florin Busuioc	pozitiv
209_20.wav	E posibil să fie și grindină	masc	Florin Busuioc	negativ
327_25.wav	Se arată puțin și soarele, iar maximele depășesc valori potrivite perioadei și ajung pe la douăsprezece grade Celsius.	masc	Cosmin Stan	pozitiv
272_25.wav	La începutul zilei, acum dimineață, avem și precipitații sub formă de lapoviță, chiar ninsoare.	masc	Florin Busuioc	negativ
92_1.wav	Poate că mai vin ceva ploi și în Oltenia, Moldova, dar sunt trecătoare.	masc	Florin Busuioc	negativ
90_10.wav	Vor fi undeva până în treizeci de grade pe la Focșani. Și în restul provinciei e foarte cald.	masc	Florin Busuioc	pozitiv
239_18.wav	Se mai adună norii, nu este exclus să vină și o ploaie slabă, iar în zonele de munte sunt condiții de lapoviță și ninsoare.	masc	Cosmin Stan	negativ
395_0.wav	O atmosferă cam schimbătoare, niște ninsori slabe și un vânt cam insistent.	masc	Florin Busuioc	negativ
236_11.wav	După aceea apare soarele, însă temperaturile sunt încă sub normal.	masc	Florin Busuioc	negativ
279_1.wav	În rest însă avem încă o zi însorită și foarte caldă. Vântul se intensifică însă în majoritatea zonelor	masc	Cosmin Stan	pozitiv
338_18.wav	La noapte, temperaturile coboară la pragul înghețului, pe la zero grade.	masc	Florin Busuioc	negativ
78_31.wav	Este risc foarte mare de inundații. Hidrologii au emis avertizări în sensul acesta pe râurile din zonă.	masc	Florin Busuioc	negativ
48_20.wav	Cel mult douăzeci și cinci de grade pe la Arad. Aerul rece pătrunde astăzi și în Transilvania.	masc	Florin Busuioc	negativ
61_18.wav	și crește și disconfortul termic, destul de pronunțat va fi, mai către după masă în zonele înalte se înnorează și o să fie și o aversă, două, să știți.	masc	Florin Busuioc	negativ
128_15.wav	Nordul Transilvaniei și Maramureșul au mai multe reprize cu averse zgomotoase.	masc	Florin Busuioc	negativ
372_19.wav	Vreme închisă găsim și în nordul Transilvaniei și prin Maramureș.	masc	Florin Busuioc	negativ
218_25.wav	În Oltenia, avem o zi foarte neplăcută, vor fi înnorări persistente, va ploua,	masc	Florin Busuioc	negativ
46_0.wav	Astăzi avem o încălzire, v-am spus deja, dar temperaturile încă sunt sub normalul acestei perioade în majoritatea zonelor.	masc	Florin Busuioc	negativ
272_9.wav	Domină o atmosferă închisă, mai vin și ceva ploi slabe pe parcursul zilei, deci neplăcută total ziua de azi.	masc	Florin Busuioc	negativ
234_7.wav	Începem din Dobrogea și Bărăgan, pe aici urmează o zi mohorâtă, închisă, înnorări,	masc	Florin Busuioc	negativ
157_9.wav	Ieri au fost douăzeci și unu de grade, astăzi maximele se vor opri pe la șaisprezece grade la Baia Mare și Bistița și ziua e cam neplăcută.	masc	Florin Busuioc	negativ
234_34.wav	La munte vremea e schimbătoare, mai pe după masă așa va începe să plouă, la altitudini mare apar ninsori sau lapoviță,	masc	Florin Busuioc	negativ
196_2.wav	În Dobrogea și în Bărăgan vremea e cam instabilă, averse, fenomene electrice și vântul bate cam nervos din când în când, mai mici temperaturile față de ieri, cel mult optsprezece grade pe la Călărași	masc	Florin Busuioc	negativ
20_6.wav	Maximele pleacă de pe la douăzeci și patru de grade	masc	Florin Busuioc	pozitiv
351_7.wav	Se cam adună norii, poate că o să și picure puțin trecător, dar se arată și soarele pentru scurte momente.	masc	Florin Busuioc	negativ
360_11.wav	Mâine rămânem cu vremea nefiresc de caldă, dar și cu vântul puternic în multe zone din țară.	masc	Cosmin Stan	negativ
3_18.wav	În Nordul Transilvaniei și în Maramureș vreme caniculară, soare în prima parte a zilei,	masc	Florin Busuioc	pozitiv
234_12.wav	și pe aici avem averse, pot să se strângă peste douăzeci și cinci de litri de apă pe metrul pătrat,	masc	Florin Busuioc	negativ
266_36.wav	Se adună norii, plouă puțin în unele zone, vântul bate cam nervos și pe aici,	masc	Florin Busuioc	negativ
59_25.wav	E adevărat și vin și câteva reprize cu ploi torențiale, cu descărcări electrice.	masc	Florin Busuioc	negativ
90_5.wav	Și vor fi treizeci de grade în zona Moldovei și în sud-estul țării, pe la București.	masc	Florin Busuioc	pozitiv
128_31.wav	O să fie și niște ploi, dar sporadice așa și asta mai spre seară, după-masă seară.	masc	Florin Busuioc	negativ
13_11.wav	La umbră, bineînțeles, stresul termic este extrem de pronunțat.	masc	Florin Busuioc	negativ
46_16.wav	Temperaturile sunt agreabile, mai mici decât în mod normal, undeva până în douăzeci și șase de grade, Oradea, Arad, Timișoara.	masc	Florin Busuioc	pozitiv
160_6.wav	În nordul Transilvaniei și în Maramureș, mai cald ca ieri, pe la amiază se vor atinge douăzeci, poate chiar douăzeci și unu de grade în zona Baia Mare, Satu Mare, iar peste noapte poate că vin și pe aici doi stropi de ploaie.	masc	Florin Busuioc	pozitiv
74_1.wav	Vor fi averse zdravene, descărcări electrice, căderi de grindină și vijelii,	masc	Cosmin Stan	negativ
157_15.wav	În Oltenia e neobișnuit de rece pentru perioada aceasta.	masc	Florin Busuioc	negativ
35_17.wav	să știți, cu fenomene electrice, poate cădea și grindină,	masc	Florin Busuioc	negativ
107_2.wav	În a doua parte a zilei avem perioade cu averse abundente. Va fi grindină, vor fi și vijelii.	masc	Florin Busuioc	negativ
198_7.wav	Vântul bate cam nervos și se vor atinge douăzeci de grade în Bărăgan, pe la Slobozia.	masc	Florin Busuioc	pozitiv
251_14.wav	Și vântul bate nervos de tot, opt grade pe la Baia Mare cel mult	masc	Florin Busuioc	negativ
214_7.wav	Mai sus, în Moldova sudică și nordul Munteniei, vremea e închisă, vântul e activ, sunt mai multe reprize de ploaie pe parcursul zilei.	masc	Florin Busuioc	negativ
99_11.wav	Vor fi aceste temperaturi și vântul adie foarte plăcut.	masc	Florin Busuioc	pozitiv
101_8.wav	Mâine se mai încălzăște puțin, dar instabilitatea crește după orele prânzului.	masc	Cosmin Stan	negativ
43_33.wav	Temperaturile cresc ușor și la munte, avem o zi cu soare și doar doi-trei stropi de ploaie.	masc	Florin Busuioc	pozitiv
395_36.wav	La noapte temperatura se duce sub zero grade, vedeți minus un grad și vine și la București ninsoarea.	masc	Florin Busuioc	negativ
87_1.wav	Pe unde o să fie perioade cu averse abundente și căderi de grindină.	masc	Cosmin Stan	negativ
338_31.wav	Mai vin ceva precipitații slabe, așa, sub toate formele. Vântul bate nervos în masivele sud-vestice.	masc	Florin Busuioc	negativ
20_12.wav	Mai pe după masă, poate că vine și o ploaie trecătoare așa	masc	Florin Busuioc	negativ
272_20.wav	Precipitații slabe, vânt intens, temperaturi foarte modeste. Acum în această zonă, ninge.	masc	Florin Busuioc	negativ
81_50.wav	Ieri au fost douăzeci și două în apă, astăzi avem douăzeci și trei.	masc	Florin Busuioc	pozitiv
200_11.wav	Vântul bate mai nervos și temperaturile cam la fel cu cele de ieri, undeva până în douăzeci de grade la Buzău și Brăila.	masc	Florin Busuioc	negativ
187_29.wav	Pe creste s-ar putea să cadă lapoviță, ba chiar pe alocuri ninsoare.	masc	Cosmin Stan	negativ
115_5.wav	În Moldova sudică și în nordul Munteniei vremea e frumoasă, însă plouă puțintel și pe aici se mai încălzește pe după prânz.	masc	Florin Busuioc	pozitiv
35_34.wav	Pot fi cantități de apă peste douăzeci și cinci de litri pe metru pătrat,	masc	Florin Busuioc	negativ
128_19.wav	În vestul țării ploile vor veni cu fenomene electrice, intensificări de vânt,	masc	Florin Busuioc	negativ
321_7.wav	Vântul bate cam nervos, ajunge la cincizeci de kilometri pe oră și temperaturile cresc simțitor.	masc	Florin Busuioc	negativ
212_27.wav	La București avem tot așa vreme schimbătoare, vreo câteva reprize de ploaie, puțin soare.	masc	Florin Busuioc	negativ
152_7.wav	Vântul va avea intensificări și va ajunge la viteze de șaizeci-șaptezeci kilometri pe oră în Sudul Banatului,	masc	Cosmin Stan	negativ
61_21.wav	Oltenia, vremea e așa mai schimbătoare, în prima parte a zilei e ceva soare, după care, după masă, vin averse zgomotoase, în plus și temperaturile sunt mari,	masc	Florin Busuioc	negativ
378_13.wav	Și ieri temperaturile au fost negative la amiază, astăzi pot să se atingă și pe aici trei-patru grade chiar pe la Bacău.	masc	Florin Busuioc	negativ
26_15.wav	În Transilvania mai sunt ceva ploi acum dimineața, apoi se arată soarele și atmosfera devine plăcută după prânz.	masc	Cosmin Stan	pozitiv
316_6.wav	La fel va fi și mai sus, în Moldova sudică și nordul Munteniei, destul de mulți nori, vreme caldă și câteva reprize de ploaie pe la orele serii,	masc	Florin Busuioc	negativ
92_10.wav	În zona Bucovinei și la munte e posibil să fie niște ploi slabe și pe suprafețele strânse.	masc	Florin Busuioc	negativ
107_11.wav	E bună vremea în prima parte a zilei și avem temperaturi până în douăzeci și nouă de grade.	masc	Florin Busuioc	pozitiv
386_17.wav	Se lasă gerul la noapte, minus treisprezece grade pe la Bistrița, iar pe timpul zilei minus două la Cluj-Napoca, cu greu un grad ajung temperaturile la unu grad la Baia Mare.	masc	Florin Busuioc	negativ
22_31.wav	Pe aici crește și disconfortul termic și nu vorbim deloc despre ploi.	masc	Florin Busuioc	negativ
13_1.wav	unde avem frecvent peste treizeci și cinci de grade, până la patruzeci de grade se ating,	masc	Florin Busuioc	pozitiv
343_8.wav	Se face mult mai cald decât ar fi normal în sudul și-n estul țării.	masc	Florin Busuioc	pozitiv
13_22.wav	În a doua parte a zilei, spre după masă, apar averse foarte serioase, zdravene.	masc	Florin Busuioc	negativ
43_11.wav	Și în jumătatea nordică a Moldovei și în Bucovina avem soare foarte generos în cea mai mare parte a zilei.	masc	Florin Busuioc	pozitiv
351_19.wav	În București ne așteaptă o zi însorită, e foarte cald, e drept că temperatura nu mai urcă la fel ca ieri, ieri au fost nouăsprezece grade.	masc	Florin Busuioc	pozitiv
20_26.wav	Norii apar destul de rar, nu avem semne de ploaie și căldura devine apăsătoare la miezul zilei,	masc	Florin Busuioc	negativ
372_27.wav	Poate va fi un pic de lapoviță.	masc	Florin Busuioc	negativ
214_24.wav	Temperaturile sunt sub normalul perioadei, cel mult șaisprezece grade, vedeți.	masc	Florin Busuioc	negativ
342_15.wav	Pe spații mici se poate forma polei, iar vântul se întețește la munte. Maximele pleacă de la minus un grad prin Crișana	masc	Cosmin Stan	negativ
316_12.wav	În vestul țării vreme foarte caldă, însă și pe aici se înmulțesc norii treptat și o să plouă, mai mult în a doua parte a zilei va ploua.	masc	Florin Busuioc	negativ
180_17.wav	La amiază însă avem o atmosferă foarte plăcută, e mai mult senin, până la douăzeci și două de grade la Târgu Mureș, în vestul provinciei.	masc	Florin Busuioc	pozitiv
297_13.wav	Temperaturile urcă până la șaisprezece grade în vestul României, iar cel mai răcoare va fi la malul mării, pe unde se vor înregistra doar zece grade.	masc	Cosmin Stan	pozitiv
33_7.wav	Vedem că se ajunge până la treizeci și șapte de grade la umbră, atmosfera este îngrozitor de sufocantă la ora prânzului, iar în jumătatea nordică a Moldovei și în Bucovina, vreme caniculară în zonele de câmpie.	masc	Florin Busuioc	negativ
186_3.wav	și ajung pe la douăzeci și două - douăzeci și trei de grade în ținuturile sudice.	masc	Cosmin Stan	pozitiv
138_22.wav	În destul de multe zone va ploua, nu lipsesc perioadele cu soare sigur,	masc	Florin Busuioc	negativ
267_7.wav	Mai sus în Moldova sudică și în nordul Munteniei vremea e frumoasă, avem și aici temperaturi în creștere,	masc	Florin Busuioc	pozitiv
144_0.wav	Să știți că astăzi sunt mai multe reprize de ploaie, mai ales pe jumătatea sudvestică a țării.	masc	Florin Busuioc	negativ
22_38.wav	pe acolo spre Curbură se mai încălzește și aici, iar vântul are intensificări în zonele montane înalte.	masc	Florin Busuioc	negativ
85_33.wav	și cresc șansele de averse, vântul are unele intensificări,	masc	Cosmin Stan	negativ
59_33.wav	După prânz se vor atinge și aici treizeci și patru, poate chiar treizeci și cinci de grade la umbră,	masc	Florin Busuioc	pozitiv
249_5.wav	Douăsprezece grade pe la Tulcea doar.	masc	Florin Busuioc	pozitiv
99_24.wav	În Oltenia vremea se îndreaptă astăzi, dar după ploile abundente din ultimele zile,	masc	Florin Busuioc	negativ
182_28.wav	Mai pe după masă se înmulțesc norii și apar niște averse slabe pe suprafețe restrânse,	masc	Florin Busuioc	negativ
130_10.wav	Temperaturile și pe aici ajung în aproape toată provincia la douăzeci și șase de grade. În Transilvania acum dimineață e frig, mai ales în zona depresionară, temperaturile au coborât aproape de pragul înghețului.	masc	Florin Busuioc	negativ
168_10.wav	Ieri au fost douăzeci și două de grade, astăzi maximele nu mai trec de treisprezece-paisprezece grade, poate pe la Buzău.	masc	Florin Busuioc	negativ
222_34.wav	Poate să fie și grindină și vântul bate destul de nervos.	masc	Florin Busuioc	negativ
395_27.wav	Se întețesc ninsorile pe timpul nopții și pe crestele munților, în continuare va fi viscol,	masc	Florin Busuioc	negativ
378_10.wav	Acum e ger în zonă și pe la câmpie, sunt și ceva condiții de ceață prin zona Galațiului-Brăilei,	masc	Florin Busuioc	negativ
321_26.wav	În schimb în Oltenia avem o zi cu soare să face mai cald ca ieri.	masc	Florin Busuioc	pozitiv
393_13.wav	și amplifică senzația de frig.	masc	Cosmin Stan	negativ
8_2.wav	În unele zone, temperaturile ating și depășesc pragul caniculei,	masc	Cosmin Stan	pozitiv
295_23.wav	În Oltenia se anunță o zi plăcută, cu soare, câțiva nori și vânt domol.	masc	Cosmin Stan	pozitiv
285_31.wav	Dar în ansamblu avem soare, atmosfera e foarte plăcută, încălzirea vremii însă duce la topirea zăpezii și la altitudini mari va fi risc mare de avalanșe.	masc	Florin Busuioc	negativ
182_34.wav	Soarele strălucește în cea mai mare parte a zilei și la amiază vor fi pe la douăzeci și două de grade,	masc	Florin Busuioc	pozitiv
35_25.wav	În sudul țării caniculă, stresul termic este extrem de ridicat,	masc	Florin Busuioc	negativ
258_28.wav	Temperaturile scad pe masivele nordice, minus două grade în Ceahlău, trei în Semenic, cinci la Stâna de Vale și la Păltiniș și la Predeal, opt grade Celsius.	masc	Florin Busuioc	negativ
186_1.wav	Avem soare și atmosferă plăcută în prima parte a zilei și doar câteva ploi trecătoare ceva mai târziu.	masc	Cosmin Stan	pozitiv
316_4.wav	Dobrogea și Bărăganul, pe aici avem o zi cam închisă, e mohorâtă, însă temperaturile sunt foarte ridicate, nouăsprezece-douăzeci de grade chiar pe la Călărași,	masc	Florin Busuioc	negativ
83_12.wav	Se răcește față de ieri, vor fi cel mult douăzeci și două de grade în Bucovina,	masc	Florin Busuioc	negativ
360_8.wav	Pe creste va ninge viscolit, iar temperaturile mai ridicate decât în mod obișnuit	masc	Cosmin Stan	negativ
378_14.wav	În zona Transilvaniei, nordul Transilvaniei și Maramureș, o dimineață cu ger, o zi foarte rece,	masc	Florin Busuioc	negativ
357_38.wav	Asta înseamnă un viscol foarte puternic, în aceste condiții vizibilitatea este undeva aproape de zero,	masc	Florin Busuioc	negativ
78_37.wav	Vremea e frumoasă în cea mai mare parte a zilei, poate pe seară să vină așa o ploaie zgomotoasă de vară.	masc	Florin Busuioc	negativ
30_25.wav	se mai pot atinge treizeci și patru de grade și va fi zăpușeală foarte mare.	masc	Florin Busuioc	negativ
35_32.wav	La munte, ploile revin în forță după orele prânzului, vor fi averse zdravene,	masc	Florin Busuioc	negativ
35_2.wav	Disconfort termic foarte pronunțat, în rest temperaturile sunt suportabile,	masc	Florin Busuioc	negativ
8_7.wav	După o zi călduroasă, în depresiunile din estul Transilvaniei, se face cam răcoare și minimele ajung la nouă grade.	masc	Cosmin Stan	pozitiv
266_7.wav	În Dobrogea și în Bărăgan se adună norii, apar mai multe reprize de ploaie,	masc	Florin Busuioc	negativ
128_36.wav	intensificări de scurtă durată ale vântului, se face mai cald și pe timpul nopții	masc	Florin Busuioc	pozitiv
190_40.wav	Deci rece și în noaptea aceasta.	masc	Florin Busuioc	negativ
71_6.wav	Mai sus în Moldova sudică și în nordul Munteniei rămânem cu vremea caldă și se ating treizeci - treizeci și unu de grade.	masc	Cosmin Stan	pozitiv
128_33.wav	La București astăzi se face mai cald decât ar fi normal pentru data din calendar,	masc	Florin Busuioc	pozitiv
68_19.wav	Destul de mult. Maximele ajung pe la douăzeci și șase de grade în vestul provinciei la Târgu Mureș.	masc	Florin Busuioc	pozitiv
239_12.wav	Încălzirea vremii se simte astăzi și în nordul Transilvaniei și în Maramureș.	masc	Cosmin Stan	pozitiv
343_31.wav	Peste o sută de kilometri pe oră, douăsprezece grade la Sibiu. Ploile se vor extinde și în Oltenia.	masc	Florin Busuioc	negativ
168_13.wav	Avem o zi neplăcută, cerul e acoperit, foarte multă ploaie și vântul e cam intens.	masc	Florin Busuioc	negativ
316_14.wav	În Transilvania se face foarte cald, undeva până la șaptesprezece grade pe la Târgu Mureș, cerul se umple de nori, ploile se extind mai către seară și la noapte.	masc	Florin Busuioc	negativ
325_11.wav	În plus se înnorează, e posibil să cadă lapoviță sau chiar câțiva fulgi de zăpadă.	masc	Cosmin Stan	negativ
90_34.wav	La munte, vreme instabilă. Avem perioade cu averse, fenomene electrice, izolat pot fi căderi de grindină.	masc	Florin Busuioc	negativ
187_19.wav	Atmosfera se încălzește după prânz când se vor atinge și aici șaisprezece, chiar șaptesprezece grade în vestul provinciei,	masc	Cosmin Stan	pozitiv
272_23.wav	La noapte, temperaturile coboară la minus patru grade și apare bruma.	masc	Florin Busuioc	negativ
90_26.wav	În zona Olteniei găsim soare și o atmosferă foarte plăcută.	masc	Florin Busuioc	pozitiv
46_11.wav	Se mai încălzește și pe aici, maximele vor ajunge pe la douăzeci și șase de grade la Iași și Bacău.	masc	Florin Busuioc	pozitiv
97_35.wav	În Oltenia apar câteva reprize de ploaie, mai ales pe partea vestică a provinciei.	masc	Florin Busuioc	negativ
128_20.wav	Grindină poate să fie, se strâng cantități de apă de peste douăzeci de litri pe metru pătrat,	masc	Florin Busuioc	negativ
115_0.wav	Dragii mei, astăzi avem averse abundente în a doua parte a zilei.	masc	Florin Busuioc	negativ
1_2.wav	Vor fi și ceva condiții de ploaie către seară în centru, în est de asemenea.	masc	Florin Busuioc	negativ
272_2.wav	La munte mai și ninge și e viscol foarte puternic.	masc	Florin Busuioc	negativ
33_16.wav	Indicele de confort termic depășește pragul critic de optzeci de unități. La București avem o zi cu soare și o amiază caniculară foarte multă, zăpușeală. Treizeci și șase de grade la umbră.	masc	Florin Busuioc	negativ
389_4.wav	Vântul se intensifică prin sud-est și la munte, pe unde viscolește ninsoarea și amplifică senzația de frig.	masc	Cosmin Stan	negativ
48_14.wav	Către seară se adună norii și vin ploi care aduc și fenomene electrice și vânt cam intens pe timpul acestor ploi.	masc	Florin Busuioc	negativ
275_6.wav	Vântul prinde putere. Mai pe după prânz așa se adună norii și vin averse cu tunete, fulgere, poate fi și grindină.	masc	Florin Busuioc	negativ
33_4.wav	În Dobrogea și în Bărăgan, atmosferă cu soare foarte cald se face la amiază.	masc	Florin Busuioc	pozitiv
272_24.wav	În vestul țării se face frig, plouă.	masc	Florin Busuioc	negativ
90_15.wav	În partea nordică a Transilvaniei și în zona Maramureșului, cam urâtă vreme.	masc	Florin Busuioc	negativ
374_16.wav	În nordul Transilvaniei și în Maramureș, o amiază destul de însorită, e mai cald decât în zilele trecute, ieri au fost un grad, două.	masc	Florin Busuioc	pozitiv
162_19.wav	și pe aici se face un pic mai cald, însă temperaturile încă sunt modeste pentru perioada aceasta anului, șaisprezece grade Râmnicu Vâlcea și Craiova.	masc	Florin Busuioc	pozitiv
349_16.wav	Pe aici se vor atinge paisprezece grade la Timișoara. În sudul Banatului vântul începe să bată cam nervos și după ce se lasă noaptea și pe aici vin ceva ploi.	masc	Florin Busuioc	negativ
154_5.wav	Vântul prinde putere și suflă cu peste șaizeci și cinci de kilometri pe oră.	masc	Cosmin Stan	negativ
386_11.wav	Doar un grad la Buzău, în rest zero grade în toată provincia.	masc	Florin Busuioc	negativ
97_18.wav	un pic mai cald ca ieri, temperaturi de douăzeci și șapte de grade la Iași și la Bacău,	masc	Florin Busuioc	pozitiv
87_14.wav	Pe parcursul zilei vor fi și momente însorite, iar maximele ajung la douăzeci și șase de grade.	masc	Cosmin Stan	pozitiv
351_9.wav	Se înnorează din când în când, apar câteva ploi slabe, vântul mai are ceva intensificări trecătoare, dar nu mai vorbim despre viteze mari cum a avut ieri.	masc	Florin Busuioc	negativ
45_12.wav	Temperaturile și pe aici ajung la treizeci și unu de grade pe la Brăila.	masc	Florin Busuioc	pozitiv
55_1.wav	Astăzi se răcorește în regiunile extracarpatice și temperaturile ajung la normal în majoritatea zonelor.	masc	Cosmin Stan	pozitiv
152_4.wav	Iar cele mai ridicate, valori de douăzeci și două - douăzeci și trei grade, se vor atinge în sudul Moldovei.	masc	Cosmin Stan	pozitiv
309_6.wav	Cel mai frig va fi în depresiunile din estul Transilvaniei, pe unde se ating minus zece grade,	masc	Cosmin Stan	negativ
45_38.wav	Urmează o zi cu soare, foarte puțină ploaie, foarte puțină.	masc	Florin Busuioc	pozitiv
366_8.wav	Mai sus, în Moldova sudică și în nordul Munteniei, găsim tot așa vreme caldă pentru momentul acesta al anului.	masc	Florin Busuioc	pozitiv
316_8.wav	Jumătatea nordică a Moldovei și Bucovina, această regiune are vreme neobișnuit de caldă pentru perioada aceasta, șaptesprezece chiar optsprezece grade pe la Iași și Bacău,	masc	Florin Busuioc	pozitiv
351_8.wav	Un aer mai rece ajunge în jumătatea nordică a Moldovei și în zona Bucovinei, temperaturi cu șapte-opt grade mai mici față de ieri, n-avem mai mult de nouă grade, vedeți?	masc	Florin Busuioc	negativ
141_15.wav	Până atunci avem vreme bună. Perioade cu soare și tot douăzeci și cinci de grade pe la Iași.	masc	Florin Busuioc	pozitiv
395_9.wav	Și după ce se lasă noaptea, vin ninsorile aici.	masc	Florin Busuioc	negativ
366_14.wav	În partea nordică a Transilvaniei și în Maramureș se mai adună ceva nori, doar la noapte poate că o să fie un pic de lapovită,	masc	Florin Busuioc	negativ
198_16.wav	În vestul țării tot așa, o zi închisă, mohorâtă, vedeți și aici nu apare soarele deloc.	masc	Florin Busuioc	negativ
218_7.wav	Vântul rămâne destul de insistent.	masc	Florin Busuioc	negativ
128_3.wav	Undeva de pe la douăzeci și unu de grade pleacă temperaturile pe litoral	masc	Florin Busuioc	pozitiv
338_25.wav	Cer acoperit, vor fi și câțiva stropi de ploaie pe la Giurgiu.	masc	Florin Busuioc	negativ
299_34.wav	Atmosfera rămâne destul de rece, vântul mai are porniri în Oriental și în zona înaltă din Meridionali,	masc	Florin Busuioc	negativ
152_3.wav	Cele mai scăzute temperaturi, cincisprezece grade, se vor înregistra în regiunea Oltenia.	masc	Cosmin Stan	pozitiv
190_29.wav	Soarele însă după aceea va încălzi treptat atmosfera,	masc	Florin Busuioc	pozitiv
395_1.wav	Sunt zone în care e posibil să plouă sau să fie lapoviță.	masc	Florin Busuioc	negativ
182_4.wav	Maximele pleacă de la cincisprezece grade în zona depresionară și în Bucovina și vor ajunge la douăzeci și trei, poate chiar douăzeci și cinci de grade,	masc	Florin Busuioc	pozitiv
125_19.wav	Plouă și în Oltenia, averse care pot să vină pe la apropierea serii, care vin cu tunete, fulgere, intensificari ale vântului,	masc	Florin Busuioc	negativ
180_9.wav	apoi soarele va încălzi treptat atmosfera, se face mai cald ca ieri, nu prea vedem norii,	masc	Florin Busuioc	pozitiv
13_2.wav	Aerul devine irespirabil, mai pe după masă.	masc	Florin Busuioc	negativ
1_19.wav	Deci o noapte răcoroasă, binefăcătoare. În Nordul Transilvaniei și în Maramureș, căldura se mai domolește.	masc	Florin Busuioc	pozitiv
45_14.wav	Se adună norii și poate că vin și ceva ploi în unele zone.	masc	Florin Busuioc	negativ
68_27.wav	La munte, tot așa vreme instabilă, ploile apar mai ales în a doua parte a zilei, pot să fie patruzeci de litri de apă pe metru pătrat.	masc	Florin Busuioc	negativ
283_14.wav	Temperaturi agreabile, foarte agreabile, chiar vor fi undeva pe la nouăsprezece-douăzeci de grade.	masc	Florin Busuioc	pozitiv
395_2.wav	Avem maxime de pe la minus trei grade în zona depresionară la Miercurea Ciuc,	masc	Florin Busuioc	negativ
285_18.wav	În Transilvania e frig acum dimineață, mai ales aici în zona depresionară.	masc	Florin Busuioc	negativ
78_18.wav	În nordul Transilvaniei și în Maramureș, avem scurte perioade cu soare,	masc	Florin Busuioc	pozitiv
212_8.wav	Poate doar prin zona Buzăului s-apară puțin modest, așa.	masc	Florin Busuioc	negativ
138_20.wav	E, astăzi avem o încălzire în toată provincia, vedeți că avem douăzeci și patru de grade.	masc	Florin Busuioc	pozitiv
285_23.wav	Vor fi undeva până în optsprezece grade la Târgu Jiu și Râmnicu Vâlcea.	masc	Florin Busuioc	pozitiv
22_30.wav	Pe la Drobeta-Turnu Severin, avem treizeci și patru de grade la umbră, la fel la Târgu Jiu și Craiova.	masc	Florin Busuioc	pozitiv
360_4.wav	În vest, în sud și prin est, vedem și soarele printre nori,	masc	Cosmin Stan	pozitiv
30_14.wav	În nordul Transilvaniei și în Maramureș se face mai răcoare față de ieri, undeva până în douăzeci și patru - douăzeci și cinci de grade pe la Baia Mare.	masc	Florin Busuioc	negativ
125_5.wav	Pe aici găsim vreme frumoasă dimineața, însă treptat se adună norii și vin și averse consistente mai pe după masă către seară,	masc	Florin Busuioc	negativ
190_21.wav	dar tot e răcoare, maximele ajung pe la șaisprezece grade la Arad, la Timișoara.	masc	Florin Busuioc	pozitiv
342_8.wav	iar în celelalte zone o să plouă mai abundent pe partea sudică.	masc	Cosmin Stan	negativ
101_12.wav	Maximele pornesc de la nouăsprezece-douăzeci grade pe litoral și vor ajunge până la douăzeci și opt grade în vestul țării, pe la Oradea.	masc	Cosmin Stan	pozitiv
110_6.wav	Mai târziu, pe după masă, așa către seară, poate că vine o ploaie de scurtă durată în această zonă.	masc	Florin Busuioc	negativ
327_4.wav	și ajung până pe la paisprezece grade pe aici, prin Oltenia.	masc	Cosmin Stan	pozitiv
172_14.wav	Cinci grade în Ceahlău, douăprezece Semenic, treisprezece la Păltiniș, cincisprezece la Predeal, la Stâna de Vale șaptesprezece grade.	masc	Florin Busuioc	pozitiv
101_3.wav	Vor fi averse locale cu tunete și fulgere, iar la munte se mai pot acumula cincisprezece-douăzeci de litri de apă pe metru pătrat.	masc	Cosmin Stan	negativ
266_5.wav	Maximele pleacă de la zece grade la Miercurea-Ciuc și vor ajunge pe la douăzeci de grade în sud-vestul țării,	masc	Florin Busuioc	pozitiv
222_29.wav	Se face mai cald ca ieri și pe aici maximele ajung la douăzeci grade în zona Crișanei pe la Oradea.	masc	Florin Busuioc	pozitiv
13_23.wav	Pot să fie cantități foarte mari de apă într-un timp scurt.	masc	Florin Busuioc	negativ
13_41.wav	Soarele este arzător. Patruzeci de grade la Alexandria și la Giurgiu.	masc	Florin Busuioc	negativ
389_20.wav	După prânz, maximele ajung la minus un grad la Timișoara, dar la noapte va fi un ger năpraznic.	masc	Cosmin Stan	negativ
251_18.wav	Ningea abundent, la munte se poate depune strat nou de zăpadă și vântul bate tare și viscolește ninsoarea	masc	Florin Busuioc	negativ
53_1.wav	Plouă izolat și în centrul țării. Maximele o să plece undeva de pe la douăzeci și patru de grade în zona depresionară, în Miercurea Ciuc, Brașov,	masc	Florin Busuioc	negativ
295_26.wav	Cam la fel va fi vremea și în ținuturile sudice. Soarele strălucește pe tot parcursul zilei, vântul adie plăcut,	masc	Cosmin Stan	pozitiv
301_7.wav	Pe aici găsim înnorări persistente, plouă pe arii extinse, în sud-estul extrem pot să se strângă cincisprezece litri de apă pe metrul pătrat.	masc	Florin Busuioc	negativ
90_19.wav	Maximele se opresc pe la douăzeci și cinci de grade Celsius în zona Satu Mare, cel mai cald.	masc	Florin Busuioc	pozitiv
395_17.wav	În nordul Transilvaniei și în Maramureș se face mai frig,	masc	Florin Busuioc	negativ
59_16.wav	iar ploile, tot în a doua parte a zilei, spre după masă,	masc	Florin Busuioc	negativ
35_23.wav	Plouă și în Oltenia, averse, tunete, fulgere, intensificări ale vântului,	masc	Florin Busuioc	negativ
395_6.wav	În Dobrogea și în Bărăgan se adună norii și poate că și picură trecător. Se arată și soarele din când în când.	masc	Florin Busuioc	negativ
357_9.wav	Temperaturile scad cu nouă grade față de ieri, așa că avem temperaturi de nouă grade în toată provincia.	masc	Florin Busuioc	negativ
272_10.wav	Și mai sus, în Moldova sudică și nordul Munteniei, temperaturile pierd șapte-opt grade față de ieri.	masc	Florin Busuioc	negativ
297_1.wav	Atmosfera se menține însorită însă în vest și prin nord-vest și în centru.	masc	Cosmin Stan	pozitiv
187_25.wav	În București, după o dimineață cam rece, soarele încălzește treptat atmosfera,	masc	Cosmin Stan	pozitiv
59_21.wav	mai ales peste noapte vor fi aceste ploi. Căldură greu de suportată în vestul țării.	masc	Florin Busuioc	negativ
293_22.wav	Parcă un pic mai cald față de ieri se face, maximele ajung pe la nouăsprezece, poate chiar douăzeci de grade prin zona Drobeta-Turnu Severin.	masc	Florin Busuioc	pozitiv
125_13.wav	Vor fi și perioade cu soare și ploile vin mai ales după masă și către seară și avem nu mai mult de douăzeci și șapte de grade pe la Baia Mare.	masc	Florin Busuioc	negativ
251_29.wav	Temperaturile rămân foarte scăzute pentru perioada aceasta, minus șapte grade în Ceahlău	masc	Florin Busuioc	negativ
110_13.wav	În intervale scurte de timp se pot strânge peste treizeci de litri de apă pe metru pătrat, iar temperaturile ajung pe la douăzeci și șase de grade la Târgu Mureș.	masc	Florin Busuioc	negativ
78_23.wav	Vremea rămâne răcoroasă pentru momentul acesta al anului temperaturile se vor opri prin zona oradea,	masc	Florin Busuioc	negativ
369_23.wav	Însă la amiază e foarte plăcută vremea, avem până la unsprezece grade în zona Giurgiului.	masc	Florin Busuioc	pozitiv
182_13.wav	Vântul bate cam nervos, patruzeci-cincizeci de kilometri pe oră,	masc	Florin Busuioc	negativ
128_14.wav	poate chiar douăzeci și nouă de grade în zona Iași-Bacău.	masc	Florin Busuioc	pozitiv
374_23.wav	Vântul bate cu putere, cu peste optzeci de kilometri pe oră și asta sigur înseamnă viscol.	masc	Florin Busuioc	negativ
267_12.wav	După aceea temperaturile cresc simțitor, ieri au fost trei-patru grade.	masc	Florin Busuioc	pozitiv
48_12.wav	În jumătatea nordică a Moldovei și în Bucovina, ziua e cam răcoroasă pentru data din calendar,	masc	Florin Busuioc	negativ
35_1.wav	Pe aici o să fie caniculă, treizeci și cinci, poate chiar treizeci și șase de grade pe la umbră.	masc	Florin Busuioc	negativ
46_13.wav	Avem numai mult de douăzeci și două - douăzeci și trei de grade, pe la Baia Mare și Zalău sunt douăzeci și trei, o să plouă în special în a doua parte a zilei.	masc	Florin Busuioc	negativ
87_6.wav	Maximele ajung la treizeci de grade prin Bărăgan.	masc	Cosmin Stan	pozitiv
369_26.wav	La noapte senin, vedeți, și minima ajunge la minus un grad.	masc	Florin Busuioc	negativ
174_25.wav	Pe după prânz, așa, vor fi douăzeci și unu de grade la Ploiești, Pitești și Alexandria.	masc	Florin Busuioc	pozitiv
30_9.wav	Au fost tot așa treizeci și șapte de grade, astăzi temperaturile sunt suportabile, douăzeci și nouă - treizeci cel mult pe la Brăila.	masc	Florin Busuioc	pozitiv
74_22.wav	Maximele ajung la douăzeci și patru - douăzeci și cinci de grade.	masc	Cosmin Stan	pozitiv
386_28.wav	Peste noapte, parcă se mai împrăștie norii și temperaturile coboară până la minus nouă grade.	masc	Florin Busuioc	negativ
330_25.wav	Zero grade în Ceahlău, Semenic și Păltiniș două grade, la Sinaia, cota o mie cinci sute, trei grade, și la Stâna de Vale cinci grade.	masc	Florin Busuioc	pozitiv
222_28.wav	În ținuturile vestice, aversele apar pe suprafețe ceva mai restrânse, dar sunt însoțite de fenomene electrice.	masc	Florin Busuioc	negativ
30_32.wav	Pe litoral, scad temperaturile, nu foarte tare, ușor scad, dar avem vreme caldă în continuare, disconfortul termic este ridicat,	masc	Florin Busuioc	pozitiv
236_26.wav	Nu lipsesc nici perioadele cu soare, se mai încălzește un pic față de ieri, undeva pe la șaptesprezece grade la Râmnicu Vâlcea,	masc	Florin Busuioc	pozitiv
236_30.wav	La București avem o zi plăcută, cu optsprezece grade la prânz, una dintre localitățile cu temperaturile cele mai mari din țară.	masc	Florin Busuioc	pozitiv
218_2.wav	Vântul mai are ceva intensificări pe la munte, prin sud.	masc	Florin Busuioc	negativ
272_4.wav	Avem maxime de pe la două grade Celsius în zona Brașovului până pe la unsprezece, poate douăsprezece grade prin zona Bărăganului în sud-est.	masc	Florin Busuioc	pozitiv
380_11.wav	Și în nordul Transilvaniei și Maramureș dimineața e geroasă, atmosfera însă mai târziu parcă se dezmorțește un pic, nu prea vedem norii.	masc	Florin Busuioc	negativ
160_9.wav	iar la altitudini mari poate fi Lapoviță și maximele pleacă de pe la douăsprezece, poate chiar treisprezece grade în zona Miercurea-Ciuc, în depresiuni, și vor ajunge la optsprezece-nouăsprezece grade, probabil prin vestul provinciei, în zona Alba Iulia, pe acolo e cel mai cald.	masc	Florin Busuioc	negativ
374_13.wav	Vântul bate cam nervos și pe aici, maxime le ajung la cinci grade pe la Iași.	masc	Florin Busuioc	negativ
107_26.wav	Temperaturile se opresc la douăzeci și șase de grade la Târgu Mureș.	masc	Florin Busuioc	pozitiv
174_11.wav	Atmosfera e liniștită în prima parte a zilei, înnorări și ploi sporadice, mai pe după-masă și către seară.	masc	Florin Busuioc	negativ
180_29.wav	Rafalele vântului depășesc optzeci de kilometri pe oră. Șapte grade în Ceahlău, opt în Semenic, douăsprezece la Păltiniș, paisprezece la Predal,	masc	Florin Busuioc	negativ
1_20.wav	Maximele se vor opri pe la treizeci - treizeci și unu de grade pe la Baia Mare și Bistrița.	masc	Florin Busuioc	pozitiv
10_32.wav	Paispreceze grade în Ceahlău, șaptesprezece în Semenic, douăzeci la Păltiniș, la Predeal și la Stâna de Vale douăzeci și două de grade.	masc	Florin Busuioc	pozitiv
190_14.wav	Vântul bate cam nervos și pe aici.	masc	Florin Busuioc	negativ
97_20.wav	Cu descărcări electrice poate fi și grindină, și vântul bate cam nervos pe aici,	masc	Florin Busuioc	negativ
267_6.wav	pe la Slobozia, Călărași, Tulcea, vedeți, și e o atmosferă însorită în general.	masc	Florin Busuioc	pozitiv
187_27.wav	La noapte se ating șapte grade în centrul orașului și doar vreo patru grade la margine.	masc	Cosmin Stan	negativ
366_33.wav	Iar în zonele înalte e risc mare de avalanșă, mai ales în Făgăraș, Munții Făgăraș, mare atenție, acolo e risc mare de avalanșă.	masc	Florin Busuioc	negativ
26_10.wav	Vor fi douăzeci și trei de grade la Suceava și cel mult douăzeci și șase la Iași și Bacău.	masc	Cosmin Stan	pozitiv
239_15.wav	Ieri am avut opt-nouă grade, astăzi vor fi douăsprezece-treisprezece grade, dar și acestea sunt valori mai scăzute decât în mod obișnuit.	masc	Cosmin Stan	negativ
154_8.wav	Mâine temperaturile continuă să crească și ajung la valori apropiate de normalul acestei perioade.	masc	Cosmin Stan	pozitiv
10_20.wav	Cel mult douăzeci și șapte, poate douăzeci și opt de grade pe la Satu Mare, perioade cu soare, înnorări, averse sporadice.	masc	Florin Busuioc	negativ
125_0.wav	Astăzi vremea rămâne instabilă.	masc	Florin Busuioc	negativ
241_5.wav	O să plouă puțin în jumătatea vestică a țării, iar spre seară vor fi câteva averse și prin sud-est.	masc	Cosmin Stan	negativ
24_30.wav	Și va depăși viteze de nouăzeci de kilometri pe oră. Pe litoral se împrăștie norii, se face mai cald decât ieri,	masc	Cosmin Stan	negativ
3_46.wav	dar temperaturile pleacă de pe la douăzeci și șapte de grade în Vamă și pe la Neptun,	masc	Florin Busuioc	negativ
338_33.wav	Adică vor fi minus trei grade în Ceahlău.	masc	Florin Busuioc	negativ
327_3.wav	Maximele pleacă de la patru-cinci grade în depresiunile din estul Transilvaniei	masc	Cosmin Stan	negativ
243_9.wav	La noapte cerul se degajează treptat, dar sunt condiții de ceață la noapte	masc	Florin Busuioc	negativ
357_34.wav	Mai pe după prânz vor fi undeva pe la unsprezece grade, parcă și pe timpul nopții se răcorește un pic, un grad cu plus.	masc	Florin Busuioc	pozitiv
279_9.wav	O amiază foarte plăcută, cu temperaturi neobișnuit de mari pentru acest moment al anului.	masc	Cosmin Stan	pozitiv
68_12.wav	Nu scăpăm de ploi și de instabilitate. Cantăți de apă peste patruzeci de litri pe metru pătrat într-un timp foarte scurt.	masc	Florin Busuioc	negativ
186_8.wav	Temperaturile cresc puțin și ajung pe la nouăsprezece grade Celsius.	masc	Cosmin Stan	pozitiv
293_19.wav	Mai către seară și la noapte și pe aici vin câțiva stropi de ploaie dar pe spații destul de mici.	masc	Florin Busuioc	negativ
10_8.wav	Maximele vor fi undeva pe la treizeci și șapte de grade în zona Călărașului.	masc	Florin Busuioc	pozitiv
115_29.wav	Unsprezece grade în Ceahlău, paisprezece Semenic, cincisprezece la Păltiniș, la Predeal șaisprezece, la Stâna de Vale nouăsprezece grade.	masc	Florin Busuioc	pozitiv
190_42.wav	Vântul bate tare la altitudini mari,	masc	Florin Busuioc	negativ
343_29.wav	La noapte ploile se transformă în lapoviță, chiar ninsoare.	masc	Florin Busuioc	negativ
141_38.wav	Vântul bate tare la altitudini mari cu patruzeci-cincizeci de kilometri pe oră.	masc	Florin Busuioc	negativ
325_16.wav	Și în Transilvania se face mai frig decât ieri, vor fi trei-patru grade prin depresiuni și doar șase, poate șapte grade în restul provinciei.	masc	Cosmin Stan	negativ
160_11.wav	iar în Sud ceva înnorări, un vânt destul de insistent, poate că vor fi și câțiva stropi de ploaie și temperaturile încă sunt sub normalul perioadei între cincisprezece, la Pitești și nouăsprezece grade la Giurgiu.	masc	Florin Busuioc	negativ
35_3.wav	dar avem și averse în a doua parte a zilei, abundente cu descărcări electrice, cu vijelii și probabil și grindină în unele locuri.	masc	Florin Busuioc	negativ
48_15.wav	Temperaturile scad și în nordul Transilvaniei și în Maramureș.	masc	Florin Busuioc	negativ
200_19.wav	Sunt și condiții de grindină și vântul crește în intensitate, temperaturile ajung la nouăsprezece grade Celsius prin zona Timișoarei.	masc	Florin Busuioc	negativ
378_18.wav	mai puțin prin zona Oradei, nici vântul nu prea se simte, dar temperaturile nu trec de patru grade pe la Arad, Timișoara.	masc	Florin Busuioc	negativ
68_28.wav	Temperaturile nu se schimbă foarte tare față de ieri, unsprezece grade în Ceahlău, șaisprezece în Semenic, șaptesprezece Păltiniș, nouăsprezece la Predeal, douăzeci și unu de grade la Stâna de Vale.	masc	Florin Busuioc	pozitiv
10_15.wav	Însă acum, în primele ore ale zilei, plouă și pe aici.	masc	Florin Busuioc	negativ
380_1.wav	Dar asta aduce cu sine această înseninare și un frig cumplit tot vremea rece, ger dimineața în foarte multe zone din țară.	masc	Florin Busuioc	negativ
372_24.wav	Doar în nordul Crișanei poate că apar niște precipitații slabe	masc	Florin Busuioc	negativ
110_15.wav	Până atunci e ceva mai bine, în cea mai mare parte a provinciei soare, vreme bună și temperaturi ceva mai ridicate decât au fost ieri, douăzeci și opt de grade, vedeți?	masc	Florin Busuioc	pozitiv
343_13.wav	Poate și doi-trei stropi de ploaie. Un vânt din ce în ce mai insistent.	masc	Florin Busuioc	negativ
74_29.wav	Descărcări electrice și intensificări de vânt.	masc	Cosmin Stan	negativ
20_17.wav	Soarele se arată trecător, dar avem și ploi. Temperaturile scad față de ieri.	masc	Florin Busuioc	negativ
380_9.wav	În jumătatea nordică a Moldovei și în Bucovina e mai rău pentru că aici gerul e greu de îndurat în primele orele zilei.	masc	Florin Busuioc	negativ
374_19.wav	În vestul țării avem o dimineață închisă, mohorâtă, un pic de ceață la câmpie, mai târziu apare soarele,	masc	Florin Busuioc	negativ
200_16.wav	mai pe după masă seara, temperaturile scad un pic de tot, la noapte ploile continuă, se pot stânge cantăți mai însemnate de apă,	masc	Florin Busuioc	negativ
182_18.wav	Se risipește ceața, atmosfera e plăcută, soarele e generos, superbă zi.	masc	Florin Busuioc	pozitiv
236_18.wav	Atmosferă destul de plăcută în prima parte a zilei, apoi se adună norii și vin și pe aici ceva ploi mai pe după masă.	masc	Florin Busuioc	negativ
389_29.wav	dar după lăsarea nopții la deal și la munte va fi ger.	masc	Cosmin Stan	negativ
136_12.wav	Vântul adie plăcut, iar temperaturile urcă până la douăzeci și șapte de grade prin Maramureș.	masc	Cosmin Stan	pozitiv
13_48.wav	La Munte, soare, vreme bună în prima parte a zilei, după aceea crește instabilitatea.	masc	Florin Busuioc	negativ
272_36.wav	Temperaturile nu trec de zece grade la Drobeta-Turnu Severin, Râmnicu Vâlcea și Craiova.	masc	Florin Busuioc	negativ
360_17.wav	Maximele se mențin la valori similare cu cele de astăzi, vor fi șapte-opt grade în depresiuni	masc	Cosmin Stan	pozitiv
16_12.wav	În ținuturile vestice ale României se face foarte cald, la Moldova Nouă se vor atinge treizeci și șapte de grade, dar avem treizeci și cinci de grade la Arad și Timișoara.	masc	Florin Busuioc	pozitiv
275_20.wav	Vântul bate cu peste nouăzeci - o sută de kilometri pe oră și la noapte va fi ninsoare viscolită puternic.	masc	Florin Busuioc	negativ
374_5.wav	Maxime undeva până în patru grade în toată provincia.	masc	Florin Busuioc	pozitiv
272_34.wav	Vor fi înnorări, vor fi condiții de ploaie, vântul e cam intens și pe aici.	masc	Florin Busuioc	negativ
99_25.wav	Astăzi e o atmosferă foarte plăcută, temperaturile cresc un pic și pe aici, pe zonele înalte,	masc	Florin Busuioc	pozitiv
378_1.wav	Pe crestele munților vântul bate cam nervos și maximele pleacă de pe la minus șase grade în zona depresionară pe aici,	masc	Florin Busuioc	negativ
168_30.wav	Vor fi cel mult douăzeci de grade la Giurgiu, dar avem la Ploiești paisprezece grade.	masc	Florin Busuioc	pozitiv
372_9.wav	Acum, nici mai târziu nu prea vedem soarele, vedem că e cam închisă vremea, mohorâtă.	masc	Florin Busuioc	negativ
184_9.wav	Domină atmosfera însorită, dar în a doua parte a zilei norii se înmulțesc și vin câteva averse, mai ales în Carpații Meridionali și în dealurile din sud-vestul țării.	masc	Cosmin Stan	negativ
92_20.wav	Avem și perioade cu soare și vântul bate tare pe timpul ploilor.	masc	Florin Busuioc	negativ
81_25.wav	Ploile o să fie însoțite de tunete, fulgere.	masc	Florin Busuioc	negativ
33_13.wav	În aceste condiții sigur că e risc foarte mare de inundații. Avem temperaturi până în douăzeci și opt de grade pe la Târgu Mureș. În Oltenia vremea rămâne instabilă și astăzi vin alte ploi torențiale, le vedem pe aici.	masc	Florin Busuioc	negativ
200_23.wav	Ploile sunt cu tunete, cu fulgere, pot fi și căderi de grindină și la amiază maximele ajung la nouăsprezece grade pe la Drobeta-Turnu Severin.	masc	Florin Busuioc	negativ
166_10.wav	iar vântul prinde putere, va ajunge pe la cincizeci de kilometri pe oră.	masc	Florin Busuioc	negativ
13_33.wav	după care, mai târziu, spre după masă, plouă consistent și pe aici.	masc	Florin Busuioc	negativ
68_10.wav	În jumătatea nordică a Moldovei și în Bucovina cam răcoare se face. Doar douăzeci de grade la Suceava și la Piatra Neamț.	masc	Florin Busuioc	pozitiv
35_19.wav	instabilității, descărcări electrice, vânt tare, grindină, temperaturile scad un pic, avem cel mult douăzeci și opt de grade la Timișoara.	masc	Florin Busuioc	negativ
209_1.wav	O să mai vină câteva reprize de ploaie	masc	Florin Busuioc	negativ
378_26.wav	La marginea orașului avem minus unsprezece grade, deci e foarte frig, ger, amiaza ne aduce soare și vreo patru grade pe la orele prânzului,	masc	Florin Busuioc	negativ
168_34.wav	Și se pot strânge douăzeci de litri de apă pe metru pătrat la altitudini mari.	masc	Florin Busuioc	negativ
190_7.wav	Vântul continuă să agite atmosfera și poate să ajungă pe la cincizeci și cinci de kilometri pe oră, deci bate destul de tare.	masc	Florin Busuioc	negativ
13_49.wav	Aversele care vin sunt abundente, tunete, fulgere, vânt tare.	masc	Florin Busuioc	negativ
384_7.wav	Avem maxime tot așa cam mititele până într-un grad la Buzău, vântul prinde putere și în aceste condiții	masc	Florin Busuioc	negativ
299_5.wav	Începem din Dobrogea și Bărăgan. Aici va fi cam înnorat și vor fi și câțiva stropi de ploaie,	masc	Florin Busuioc	negativ
374_4.wav	Cerul se degajează mai târziu, pe la prânz, așa, și vântul devine activ,	masc	Florin Busuioc	negativ
74_16.wav	Temperaturile rămân modeste și se opresc pe la douăzeci și două - douăzeci și trei de grade.	masc	Cosmin Stan	pozitiv
59_7.wav	Vedem cum arată vremea în fiecare regiune în parte. Dobrogea și Bărăganul. Astăzi căldura se intensifică	masc	Florin Busuioc	pozitiv
81_21.wav	care pot să aducă peste douăzeci de litri de apă pe metru pătrat. Avem și perioade cu soare, e adevărat.	masc	Florin Busuioc	negativ
16_15.wav	În zona Olteniei soarele este arzător, avem caniculă, atmosfera este sufocantă la amiază, se vor atinge treizeci și cinci de grade pe la Drobeta-Turnu Severin și Craiova, dar la Calafat v-am spus deja că sunt treizeci și șapte de grade la umbră azi, nu vorbim deloc despre ploi, nici vântul nu se simte aproape deloc.	masc	Florin Busuioc	negativ
285_29.wav	După aceea apare soarele, vânt domol, noaptea ne aduce vreme bună, minima pe la șase grade, presiunea aproape normală și staționară.	masc	Florin Busuioc	pozitiv
1_11.wav	Mai sus, în Moldova sudică și în Nordul Munteniei, o zi cu soare. Amiaza e fierbinte, zăpușeală mare.	masc	Florin Busuioc	pozitiv
43_14.wav	Unde temperaturile ajung la douăzeci și opt - douăzeci și nouă de grade, iar atmosfera e cu soare și vântul adie foarte, foarte plăcut.	masc	Florin Busuioc	pozitiv
68_2.wav	unde ploile dispar, slavă Domnului, dar avem înnorări și ploi zgomotoase,	masc	Florin Busuioc	negativ
366_25.wav	În Oltenia urmează o zi foarte frumoasă, avem o atmosferă cu soare, vântul adie e foarte plăcut,	masc	Florin Busuioc	pozitiv
343_9.wav	Maximele pleacă de pe la șase grade în zona Oradea, Crișana, deci până la optsprezece grade în Bărăgan, prin zona Călărașului.	masc	Florin Busuioc	negativ
251_28.wav	Vântul bate nervos în zonele de creastă, suflă cu șaizeci și cinci de kilometri pe oră	masc	Florin Busuioc	negativ
115_14.wav	Avem și perioade cu soare pe parcursul zilei, iar la amiază, pe partea vestică a provinciei, la Târgu Mureș, se vor atinge douăzeci și șase de grade.	masc	Florin Busuioc	pozitiv
285_2.wav	Maximele pleacă de la douăsprezece, poate treisprezece grade pe litoral.	masc	Florin Busuioc	pozitiv
343_38.wav	La București foarte cald, temperatură de șaptesprezece grade.	masc	Florin Busuioc	pozitiv
316_24.wav	Cinci grade Ceahlău și Semenic, nouă grade la Sinaia cota o mie cinci sute, la Păltiniș și la Stâna de Vale, unsprezece grade.	masc	Florin Busuioc	pozitiv
35_35.wav	În intervale scurte de timp, o să fie și căderi de grindină și se produc și vijelii,	masc	Florin Busuioc	negativ
174_14.wav	Mai pe seară plouă, mai ales la deal și la munte, în vestul țării. Vremea e schimbătoare.	masc	Florin Busuioc	negativ
180_18.wav	În Oltenia norii apar mai către seară, la noapte vin și niște ploi slabe trecătoare, până atunci însă ziua e cu soare,	masc	Florin Busuioc	negativ
162_6.wav	În Dobrogea și în Bărăgan, mulți nori, plouă slab, local, temperaturile parcă ar avea și aici o ușoară dezmorțire,	masc	Florin Busuioc	negativ
45_23.wav	așa că vor ajunge pe la douăzeci și nouă de grade la Arad și Timișoara.	masc	Florin Busuioc	pozitiv
378_11.wav	Vedeți că avem ceață, iar în jumătatea nordică a Moldovei și în Bucovina vremea e frumoasă, e rece,	masc	Florin Busuioc	pozitiv
30_19.wav	În Transilvania ploile revin în forță tot așa în a doua parte a zilei.	masc	Florin Busuioc	negativ
198_15.wav	Și vântul bate cam nervos cu viteze de cincizeci și cinci de kilometri pe oră.	masc	Florin Busuioc	negativ
266_42.wav	Vremea se încălzește și la munte, se umple cerul de nori,	masc	Florin Busuioc	pozitiv
110_0.wav	Astăzi să știți că e foarte cald, până în treizeci de grade, avem soare, însă avem și ploi torențiale, chiar prin vest, centru, pe la munte.	masc	Florin Busuioc	negativ
81_35.wav	Temperaturile vor fi undeva între nouăsprezece la Pitești.	masc	Florin Busuioc	pozitiv
46_5.wav	Avem o zi plăcută, va fi soare în general, poate și câțiva nori de ploaie, mai pe seară.	masc	Florin Busuioc	pozitiv
267_21.wav	După aceea soarele treptat-treptat va încălzi atmosfera,	masc	Florin Busuioc	pozitiv
13_19.wav	În nordul Transilvaniei și în Maramureș e suportabil ca temperaturi.	masc	Florin Busuioc	pozitiv
384_24.wav	În sudul țării vremea e bună, e cam rece și pe aici, dar să zicem că temperaturile ar fi pozitive	masc	Florin Busuioc	pozitiv
162_16.wav	În Transilvania se încălzește, o să fie undeva pe la optsprezece grade în vestul provinciei, pe la Târgu Mureș pe acolo,	masc	Florin Busuioc	pozitiv
338_20.wav	Însă vremea devine caldă pentru sfârșitul lui februarie. Vor fi undeva pe la zece grade Celsius la Târgu Mureș.	masc	Florin Busuioc	pozitiv
59_1.wav	După prânz în vest, în sud e caniculă și un disconfort termic foarte ridicat.	masc	Florin Busuioc	negativ
61_23.wav	Aici se adună nori de ploaie, în restul provinciei e o zi foarte frumoasă, aproape peste tot treizeci și două de grade și la București se face din nou foarte cald și ieri au fost, vă spuneam, treizeci și patru de grade la umbră și astăzi avem aceeași situație,	masc	Florin Busuioc	pozitiv
74_30.wav	La munte va fi răcoare, o să plouă destul de mult, cantitățile de apă pot trece de patruzeci de litri pe metru pătrat,	masc	Cosmin Stan	negativ
101_7.wav	Temperaturile coboară până la patru grade în depresiuni la Miercurea-Ciuc și ajung la cincisprezece-șaisprezece grade în zona litoralului.	masc	Cosmin Stan	pozitiv
357_1.wav	Mai avem așa câteva ploi slabe pe nord-vest, în nord și în zonele centrale.	masc	Florin Busuioc	negativ
338_4.wav	Iar acum dimineață mai avem și ceva ceață prin unele zone.	masc	Florin Busuioc	negativ
198_39.wav	În Semenic, iată, doar patru grade, în Ceahlău șase, opt, Stâna de Vale, nouă, Păltiniș și la Predeal douăsprezece grade.	masc	Florin Busuioc	pozitiv
309_4.wav	iar în Carpații Meridionali și de Curbură dimineață vor fi rafale de peste o sută douăzeci - o sută patruzeci de kilometri pe oră.	masc	Cosmin Stan	negativ
301_13.wav	Temperaturile vor fi undeva sub normalul perioadei, sunt zone în care avem cel mult două grade,	masc	Florin Busuioc	negativ
222_36.wav	Vor fi înnorări, plouă abundent, tunete, fulgere, grindină poate să cadă și un vânt mai insistent.	masc	Florin Busuioc	negativ
366_11.wav	În jumătatea nordică a Moldovei și în Bucovina urmează o zi foarte frumoasă, soare,	masc	Florin Busuioc	pozitiv
43_2.wav	Către seară și la noapte, în vest, în sud, în centru, pe la munte, reprize cu ploi torențiale.	masc	Florin Busuioc	negativ
266_28.wav	Temperaturile vor ajunge la cincisprezece, chiar șaisprezece grade pe la Sibiu,	masc	Florin Busuioc	pozitiv
357_11.wav	Poate că și plouă puțin, vântul bate nervos pe timpul zilei.	masc	Florin Busuioc	negativ
1_36.wav	Stresul termic este major și aici. La București avem o zi extraordinar de fierbinte.	masc	Florin Busuioc	pozitiv
10_13.wav	În Moldova Sudică și în Nordul Munteniei avem o zi cu soare arzător,	masc	Florin Busuioc	pozitiv
182_16.wav	undeva până în douăzeci și unu de grade pe la Satu Mare.	masc	Florin Busuioc	pozitiv
48_7.wav	Se adună norii, avem și mai multe reprize cu ploi zgomotoase, vântul bate cam nervos.	masc	Florin Busuioc	negativ
275_5.wav	Maximele cresc față de ieri, vor ajunge la douăzeci și două, chiar douăzeci și trei de grade pe la Călărași.	masc	Florin Busuioc	pozitiv
24_31.wav	Nu se domolește însă vântul, vor fi rafale de cinzeci și cinci - șaizeci și cinci de kilometri pe oră.	masc	Cosmin Stan	negativ
162_15.wav	Maximele cresc ușor față de ieri și pe la Oradea, Arad, Timișoara pot să se atingă douăzeci de grade, în zonă cel puțin.	masc	Florin Busuioc	pozitiv
190_43.wav	În zona înaltă din Meridionali și Carpații de Curbură vor fi rafale de optzeci și peste optzeci de kilometri pe oră,	masc	Florin Busuioc	negativ
160_1.wav	Încă suntem sub valorile normale în multe zone, avem vreme cam schimbătoare, ploile o să apară pe partea vestică, pe sud-vest, vedeți acolo și prin zonele de munte.	masc	Florin Busuioc	negativ
230_20.wav	Maximele ajung la nouăsprezece, poate chiar douăzeci de grade în regiune.	masc	Florin Busuioc	pozitiv
275_13.wav	În nordul Transilvaniei și Maramureș, o zi închisă, mohorâtă, temperaturile scad și avem multă ploaie.	masc	Florin Busuioc	negativ
236_35.wav	Precipitațiile apar mai ales în a doua parte a zilei, deci spre după masă, o să plouă, dar la altitudini mari sigur e lapovită chiar ninsoare,	masc	Florin Busuioc	negativ
174_0.wav	E soare, în general e bine, avem și o încălzire ușoară, niște înnorări trecătoare așa prin unele zone, la deal, la munte, mai către seară.	masc	Florin Busuioc	pozitiv
277_5.wav	Chiar și așa va fi mai cald decât ar trebui și se vor atinge, iată, în nouăsprezece grade la Călărași.	masc	Cosmin Stan	pozitiv
90_9.wav	În Moldova sudică și în nordul Munteniei, domină timpul frumos. Se mai încălzește puțin.	masc	Florin Busuioc	pozitiv
297_5.wav	Noaptea ne aduce vreme bună, cer curat în zona intracarpatică și înnorări trecătoare în est și în sud-est.	masc	Cosmin Stan	pozitiv
267_14.wav	Temperaturi cu cinci-șase grade mai mari față de ieri, se înnorează din când în când și după ce se lasă noaptea vin ploile.	masc	Florin Busuioc	negativ
372_18.wav	Vântul bate nervos pe aici, ajunge la șaptezeci și cinci de kilometri pe oră.	masc	Florin Busuioc	negativ
299_13.wav	În jumătatea nordică a Moldovei și în Bucovina dimineața e rece, amiaza e cu soare,	masc	Florin Busuioc	pozitiv
71_19.wav	Vor fi mai multe perioade cu înnorări și ploi abundente, care pot aduce chiar și peste patruzeci de litri de apă pe metrul pătrat.	masc	Cosmin Stan	negativ
266_9.wav	Pe la Călărași, valori mai scăzute un pic decât ar fi normal pentru această dată. Ar trebui să fie vreo cincisprezece grade.	masc	Florin Busuioc	negativ
267_10.wav	La noapte, temperaturi pozitive, nu mai avem temperaturi sub zero, dar e posibil să plouă.	masc	Florin Busuioc	pozitiv
83_23.wav	E și un cod portocaliu în această zonă până mâine dimineața la ora zece.	masc	Florin Busuioc	negativ
115_10.wav	În vestul României soarele apare dimineața, însă mai târziu, pe după masă către seară, sunt înnorări, perioade cu averse abundente,	masc	Florin Busuioc	negativ
251_5.wav	Însă din pricina vântului se vor resimți valori mai scăzute de atât	masc	Florin Busuioc	negativ
20_36.wav	Căldura devine greu de suportat din cauza disconfortului termic. La București avem o amiază călduroasă,	masc	Florin Busuioc	negativ
33_19.wav	mare e frumoasă vremea, dar se face extrem de cald, extrem. Uitați-vă, treizeci și patru de grade pe la Mamaia. Disconfortul termic e foarte puternic, pronunțat și pe aici. Apa mării va avea douăzeci și două, cel mult douăzeci și patru de grade.	masc	Florin Busuioc	negativ
386_30.wav	bineînțeles, senzația de frig. La noapte avem o minimă de minus cinci grade în centrul Bucureștiului și minus opt la periferia orașului,	masc	Florin Busuioc	negativ
68_6.wav	Dobrogea și Bărăganul. Aici, atmosfera e instabilă, mai multe perioade cu averse, intensificări de vânt.	masc	Florin Busuioc	negativ
128_22.wav	Apare și soarele printre nori și temperaturile se opresc la douăzeci și cinci de grade la Timișoara.	masc	Florin Busuioc	pozitiv
24_27.wav	Și la munte se mai încălzește puțin, avem soare, vreme bună,	masc	Cosmin Stan	pozitiv
22_15.wav	Încă suntem cu valori suportabile.	masc	Florin Busuioc	pozitiv
222_41.wav	Se pot strânge cantăți mari de apă, descărcări electrice, condiții de grindină.	masc	Florin Busuioc	negativ
20_45.wav	Disconfortul termic se accentuează, din păcate, după prânz, vânt insistent, mai către seară.	masc	Florin Busuioc	negativ
295_30.wav	La munte avem atmosferă însorită, un vânt mai insistent la altitudini mari și temperaturi în creștere față de ieri.	masc	Cosmin Stan	pozitiv
266_15.wav	Ajung pe la paisprezece grade și pe aici, pe la Piatra Neamț - Suceava, o să mai plouă un pic și după ce se lasă noaptea,	masc	Florin Busuioc	negativ
176_25.wav	În masivele din vest apare puțin, puțin și soarele, la peste o mie opt sute de metri altitudine,	masc	Florin Busuioc	pozitiv
35_31.wav	dar nu e obligatoriu să plouă, dar e posibil.	masc	Florin Busuioc	negativ
357_24.wav	Iar vântul și pe aici agită atmosfera. La altitudini mari în Meridionali e viscol foarte puternic,	masc	Florin Busuioc	negativ
277_19.wav	Maximele ajung la valori de aprilie, în jur de optsprezece-nouăsprezece grade Celsius, iar după lăsarea nopții o să plouă puțin și aici.	masc	Cosmin Stan	negativ
218_32.wav	Vânt insistent pe la patruzeci și cinci de kilometri pe oră și maxima se oprește la șaisprezece grade, minima ajunge la nouă grade.	masc	Florin Busuioc	negativ
20_8.wav	până la treizeci și cinci de grade în sudul și sud-vestul țării.	masc	Florin Busuioc	pozitiv
92_25.wav	Este cea mai mare temperatură din țară, la București se atinge și urmează o noapte liniștită cu o minimă de cincisprezece grade Celsius, presiune normală staționară.	masc	Florin Busuioc	pozitiv
321_14.wav	Maxime undeva pe la treisprezece grade la Bacău.	masc	Florin Busuioc	pozitiv
5_12.wav	Vântul va avea unele intensificări în sud-estul României.	masc	Cosmin Stan	negativ
59_31.wav	treizeci și patru - treizeci și cinci de grade, probabil, pe la Giurgiu și Alexandria,	masc	Florin Busuioc	pozitiv
48_9.wav	În Moldova sudică și în nordul Munteniei, iată că nu apare soarele deloc, vremea e neplăcută,	masc	Florin Busuioc	negativ
190_28.wav	În Oltenia scăpăm de ploi, a fost sau încă mai este o dimineață rece,	masc	Florin Busuioc	negativ
136_2.wav	Vântul are intensificări în multe zone, iar maximele pornesc de la douăzeci de grade în depresiuni	masc	Cosmin Stan	negativ
8_17.wav	până la treizeci și opt de grade în sudul țării.	masc	Cosmin Stan	pozitiv
198_9.wav	Vântul agită atmosfera și la amiază și pe aici temperaturile ating pragul de douăzeci de grade.	masc	Florin Busuioc	pozitiv
115_27.wav	Mai ales în a doua parte a zilei și pe aici vin ploile, se pot acumula cantăți mari de apă,	masc	Florin Busuioc	negativ
97_41.wav	Vântul puțin nervos și vreo douăzeci și opt de grade pe la prânz.	masc	Florin Busuioc	negativ
258_4.wav	Și ajung la șaptesprezece grade prin zona București și pe la Drobeta-Turnu Severin.	masc	Florin Busuioc	pozitiv
61_10.wav	Mai sus, în Moldova sudică și în nordul Munteniei, continuă vremea frumoasă, se încălzește și aici un pic,	masc	Florin Busuioc	pozitiv
338_24.wav	Vântul agită atmosfera, picură trecători, mai ales în prima parte a zilei. Cam la fel va fi și în sud.	masc	Florin Busuioc	negativ
251_12.wav	Și cel mai frig din țară este la Suceava, zero grade la prânz	masc	Florin Busuioc	negativ
272_3.wav	Pe crestele Meridionalilor vântul bate cu peste o sută patruzeci de kilometri pe oră.	masc	Florin Busuioc	negativ
13_10.wav	Patruzeci de grade, vedeți, la călărași.	masc	Florin Busuioc	negativ
180_1.wav	iar maximele pleacă de pe la paisprezece - cincisprezece grade, chiar în nordul litoralului, acolo e cel mai răcorică,	masc	Florin Busuioc	negativ
321_10.wav	Temperaturi de paisprezece-cincisprezece grade, chiar pe la Buzău și Brăila e cel mai cald.	masc	Florin Busuioc	pozitiv
176_1.wav	În ziua e cam închisă, mohorâtă, plouă pe suprafețe mari pe arii extinse în sud, la munte, un vânt mai insistent în sudul și sudestul țării,	masc	Florin Busuioc	negativ
46_9.wav	S-ar putea să se atingă și aici douăzeci și nouă de grade, mai către seară e posibil să vină o ploaie de scurtă durată, doar atât.	masc	Florin Busuioc	negativ
33_5.wav	Temperaturile urcă până la treizeci și șapte de grade în zona Slobozia și aerul sigur că devine greu, greu de respirat.	masc	Florin Busuioc	negativ
277_22.wav	Și în București avem atmosferă schimbătoare, vânt activ, câteva reprize de ploaie, va fi în continuare mai cald decât ar trebui și se vor atinge douăzeci și două de grade.	masc	Cosmin Stan	negativ
295_2.wav	Maximele pornesc de la zece-unsprezece grade pe litoral	masc	Cosmin Stan	pozitiv
45_26.wav	După aceea se mai încălzește treptat și maximele vor ajunge pe la douăzeci și șapte de grade la Sibiu.	masc	Florin Busuioc	pozitiv
78_38.wav	La noapte temperatura se duce până la șaptesprezece grade.	masc	Florin Busuioc	pozitiv
295_9.wav	În jumătatea nordică a Moldovei și în Bucovina vor fi perioade însorite,	masc	Cosmin Stan	pozitiv
266_18.wav	Temperaturile se duc până în șaisprezece grade.	masc	Florin Busuioc	pozitiv
279_27.wav	Și în București avem o zi însorită, se face mult mai cald decât în mod obișnuit,	masc	Cosmin Stan	pozitiv
386_27.wav	În sud vremea e schimbătoare, niște înnorări, poate și doi-trei fulgi de zăpadă, maximele ajung la două grade pe la Giurgiu și pe la Pitești.	masc	Florin Busuioc	negativ
53_6.wav	În nordul Moldovei și în Bucovina o zi foarte frumoasă, mult soare, cresc și aici temperaturile. La amiază avem cel mult douăzeci și nouă de grade pe la Iași și Bacău.	masc	Florin Busuioc	pozitiv
319_3.wav	Vântul e ceva mai insistent și pe aici vom avea optsprezece grade.	masc	Florin Busuioc	negativ
258_21.wav	În sud-vestul țării, vremea e neplăcută, vor fi mulți nori, plouă cam în toată zona, ploile se întețesc în a doua parte a zilei și vântul crește în intensitate.	masc	Florin Busuioc	negativ
297_10.wav	Doar în sud-est se mai adună norii și s-ar putea să picure trecător.	masc	Cosmin Stan	negativ
22_7.wav	Mai cald un pic, un pic se face, temperaturile se duc până în treizeci și două de grade pe la Călărași.	masc	Florin Busuioc	pozitiv
13_32.wav	La Alba Iulia se vor atinge treizeci și patru de grade,	masc	Florin Busuioc	pozitiv
1_28.wav	Către seară apar și câteva ploi zgomotoase, în special în zonele mai înalte.	masc	Florin Busuioc	negativ
99_37.wav	La malul mării vremea e superbă, e frumoasă, e senin dimineață, câțiva nori așa,	masc	Florin Busuioc	pozitiv
251_13.wav	În nordul Transilvaniei și în Maramureș, cer acoperit de nori, o să și ningă, mai ales în prima parte a zilei	masc	Florin Busuioc	negativ
5_11.wav	Se pot acumula cantități mai însemnate de apă și sunt posibile căderi de grindină.	masc	Cosmin Stan	negativ
258_9.wav	Mai către seară cerul se umple de nori și la noapte vin precipitații mixte.	masc	Florin Busuioc	negativ
239_6.wav	Și mai sus în Moldova sudică și în nordul Munteniei sunt condiții de ceață la început de zi.	masc	Cosmin Stan	negativ
378_15.wav	Maximele nu trec de un grad, două grade poate, pe la Baia Mare și Zalău, pe aici se mai adună ceva nori,	masc	Florin Busuioc	negativ
239_29.wav	Dimineața este ceață pe văi și în depresiuni.	masc	Cosmin Stan	negativ
251_27.wav	La munte urmează o zi cu înnorări și cu ninsori zdravene, consistente	masc	Florin Busuioc	negativ
293_21.wav	În Oltenia norii se mulțesc treptat dar condițiile de ploaie sunt foarte reduse.	masc	Florin Busuioc	negativ
46_28.wav	Câțiva nori așa de ploaie, mai pe seară, până atunci avem vreme frumoasă, briza e activă, temperaturile sunt mai mari decât ieri,	masc	Florin Busuioc	pozitiv
218_22.wav	În Transilvania, cerul rămâne acoperit de nori toată ziua, continuă să plouă,	masc	Florin Busuioc	negativ
128_34.wav	Așteptăm vreo douăzeci și opt, poate chiar douăzeci și nouă de grade și în București, atmosferă așa cam schimbătoare,	masc	Florin Busuioc	pozitiv
97_22.wav	În unele apare puțin și soarele, însă din când în când plouă torențial,	masc	Florin Busuioc	negativ
214_10.wav	și maximele nu trec de paisprezece grade pe la Iași și pe la Bacău.	masc	Florin Busuioc	negativ
1_12.wav	Treizeci și șase de grade la umbră, la Buzău și la Brăila.	masc	Florin Busuioc	negativ
87_30.wav	La noapte se mai încălzăște puțin față de noaptea trecută, iar minima ajunge la șaptesprezece grade.	masc	Cosmin Stan	pozitiv
141_20.wav	Maximele nu trec de șaptesprezece, poate optsprezece grade.	masc	Florin Busuioc	negativ
110_8.wav	Maximele pleacă de la douăzeci și șase de grade la Suceava și Piatra Neamț și ajung la douăzeci și opt la Iași și la Bacău.	masc	Florin Busuioc	pozitiv
166_18.wav	Vestul României are temperaturi mai mici decât au fost ieri, astăzi nu avem mai mult de optsprezece grade	masc	Florin Busuioc	negativ
59_17.wav	Vor veni la deal la munte și vor fi ploi zdravene, consistente.	masc	Florin Busuioc	negativ
386_7.wav	iar vântul suflă cu până la șaptezeci de kilometri pe oră, sigur că sporește senzația de frig,	masc	Florin Busuioc	negativ
85_18.wav	Vor fi însoțite de fenomene meteo severe, iar temperaturile nu trec de douăzeci și cinci de grade.	masc	Cosmin Stan	negativ
166_2.wav	și vântul prinde putere în jumătatea sudică a țării.	masc	Florin Busuioc	negativ
275_29.wav	La noapte vremea e ceva mai bună, se degajează cerul, nu mai plouă, minima ajunge pe la șase grade,	masc	Florin Busuioc	pozitiv
81_49.wav	Ieri vă reamintesc că au fost douăzeci și șase, dar se mai încălzește apa mării.	masc	Florin Busuioc	negativ
349_1.wav	În vest, nord-vest vremea e frumoasă și e mai cald decât ar fi normal.	masc	Florin Busuioc	pozitiv
186_28.wav	O să vină câteva ploi trecătoare, posibil însoțite de fenomene electrice.	masc	Cosmin Stan	negativ
372_36.wav	Temperatura urcă până la nouă grade, o temperatură mare.	masc	Florin Busuioc	pozitiv
26_28.wav	Roxana!	masc	Cosmin Stan	negativ
214_8.wav	Temperaturile rămân sub valorile normale, undeva până în cincisprezece grade vor fi, iar în jumătatea nordică a Moldovei și în Bucovina e cam la fel.	masc	Florin Busuioc	negativ
92_15.wav	În ținuturile vestice e cam aceeași situație, soarele se arată trecător, pe parcursul zilei vin mai multe reprize cu ploi abundente	masc	Florin Busuioc	negativ
297_4.wav	Iar maximele pornesc de la cinci-șase grade în depresiuni, aici în vestul Transilvaniei, și ajung la treisprezece-paisprezece grade în vestul României.	masc	Cosmin Stan	pozitiv
107_7.wav	Pe aici vremea e frumoasă, va fi cald, soare, douăzeci și nouă de grade în termometre.	masc	Florin Busuioc	pozitiv
55_14.wav	Maximele pleacă de la douăzeci și patru de grade pe la Pitești și vor ajunge până la treizeci și unu de grade la Galați și la Brăila.	masc	Cosmin Stan	pozitiv
59_28.wav	Încălzirea vremii se simte și în Oltenia, la amiază avem mult soare, o atmosferă foarte călduroasă,	masc	Florin Busuioc	pozitiv
230_7.wav	după aceea atmosfera se face foarte plăcută mai pe după prânz.	masc	Florin Busuioc	pozitiv
249_7.wav	Maximele ajung la unsprezece grade pe la Brăila.	masc	Florin Busuioc	pozitiv
389_28.wav	Pe la orele prânzului de-abia se vor atinge poate unu-două grade maximum pe la Târgu Jiu,	masc	Cosmin Stan	negativ
343_36.wav	Poate o ploaie slabă să cadă așa, din când în când în unele zone.	masc	Florin Busuioc	negativ
193_2.wav	Mai vin doi-trei stropi de ploaie și prin partea centrală și pe partea estică.	masc	Florin Busuioc	negativ
1_24.wav	În zona Banatului e caniculă, undeva pe la treizeci și cinci de grade la Arad și Timișoara.	masc	Florin Busuioc	negativ
295_17.wav	Temperaturile mai ridicate decât în celelalte zone ajung la șaisprezece, poate chiar vreo șaptesprezece grade pe la Reșița, în sudul Banatului.	masc	Cosmin Stan	pozitiv
30_4.wav	Dobrogea și Bărăgan. Aici căldura se mai potolește. Ieri au fost treizeci și șapte de grade la umbră,	masc	Florin Busuioc	pozitiv
20_47.wav	Apa mării va avea douăzeci și două, până la douăzeci și cinci grade.	masc	Florin Busuioc	pozitiv
187_2.wav	Maximele pornesc de la treisprezece grade în nord-estul României și ajung pe la optsprezece - nouăsprezece grade în ținuturile sudice.	masc	Cosmin Stan	pozitiv
125_21.wav	Și în Sud, ploile vin tot în a doua parte a zilei, cu toată suita de fenomene specifice, instabilității, grindină, vijelii, descărcări electrice violente.	masc	Florin Busuioc	negativ
166_8.wav	În Moldova sudică și în nordul Munteniei, tot așa, neobișnuit de rece pentru data din calendar,	masc	Florin Busuioc	negativ
30_10.wav	Atmosferă însă destul de urâtă, instabilă, plouă torențial, căderi de grindină, rafale de vânt foarte puternice,	masc	Florin Busuioc	negativ
97_2.wav	Sunt mai multe serii de averse zgomotoase și abundente.	masc	Florin Busuioc	negativ
115_23.wav	Apar ceva averse, fenomene electrice, ați văzut că și-aseară a dat un pic de ploaie,	masc	Florin Busuioc	negativ
369_6.wav	trecător pe aici, vor fi mai multe perioade cu soare, iar vântul are intensificări pe parcursul zilei,	masc	Florin Busuioc	pozitiv
200_10.wav	Mai sus, în Moldova sudică și în nordul Munteniei, vremea în general arată bine, e frumoasă,	masc	Florin Busuioc	pozitiv
30_15.wav	Crește instabilitatea după orele prânzului și vin serii de averse cu grindină și descărcări electrice violente.	masc	Florin Busuioc	negativ
101_9.wav	Aversele vin în mai multe reprize în Maramureș, la munte local în Banat și în Crișana, dar și în Transilvania.	masc	Cosmin Stan	negativ
239_7.wav	Amiaza ne aduce atmosferă destul de plăcută și temperaturi în creștere se vor atinge tot cincisprezece-șaisprezece grade,	masc	Cosmin Stan	pozitiv
258_11.wav	În jumătatea nordică a Moldovei și în Bucovina plouă din când în când.	masc	Florin Busuioc	negativ
283_20.wav	Sunt și condiții de ceață pe acolo, după aceea soarele va încălzi rapid atmosfera, se face mult mai caldă decât ar fi normal.	masc	Florin Busuioc	negativ
85_19.wav	Instabilitatea persistă și în zona Transilvaniei, pe unde aversele vor aduce cantități însemnate de apă în intervale scurte de timp.	masc	Cosmin Stan	negativ
78_26.wav	Vor fi ploi, se pot strânge peste treizeci de litri de apă pe metru pătrat,	masc	Florin Busuioc	negativ
299_29.wav	pe la Giurgiu, douăsprezece, iar la București se face cald.	masc	Florin Busuioc	pozitiv
46_6.wav	Mai cald un pic decât ieri, pe la douăzeci și opt - douăzeci și nouă de grade se opresc temperaturile, prin zona Slobozia e cel mai cald.	masc	Florin Busuioc	pozitiv
5_3.wav	Avem soare arzător în cea mai mare parte a zilei și doar pe la munte mai apar câțiva nori și ploi slabe de scurtă durată.	masc	Cosmin Stan	pozitiv
321_18.wav	Peste zi, temperaturile cresc și pe aici și vor ajunge pe la nouă grade.	masc	Florin Busuioc	pozitiv
214_11.wav	În nordul Transilvaniei și în Maramureș, e cam înnorat, însă ploile dacă apar vor fi pe zone restrânse.	masc	Florin Busuioc	negativ
386_14.wav	Minus trei grade la Suceava, cu greu ajung temperaturile la zero grade la Iasi și la Bacău.	masc	Florin Busuioc	negativ
218_33.wav	La munte se face mai frig decât a fost ieri, avem o atmosferă cam închisă,	masc	Florin Busuioc	negativ
174_7.wav	La amiază douăzeci și două de grade pe la Tulcea.	masc	Florin Busuioc	pozitiv
395_7.wav	Temperaturile vor fi undeva pe la șase-șapte grade,	masc	Florin Busuioc	pozitiv
180_16.wav	A apărut și ceața și sunt temperaturi negative, minus doi grade la Miercurea Ciuc.	masc	Florin Busuioc	negativ
275_0.wav	Astăzi avem o zi neplăcută, avem și vânt și ploi în cea mai mare parte a țării. Temperaturile încep să scadă.	masc	Florin Busuioc	negativ
236_14.wav	Și în nordul Transilvaniei și în Maramureș, vremea e ceva mai rece decât ar fi normal.	masc	Florin Busuioc	negativ
85_26.wav	Până atunci avem vreme mai bună, cu soare și maxime de până la treizeci și unu de grade.	masc	Cosmin Stan	pozitiv
333_1.wav	Avem și ceva lapoviță pe la munte.	masc	Florin Busuioc	negativ
369_21.wav	Temperaturile cresc un pic și vor ajunge pe la treisprezece, poate chiar paisprezece grade în zona Drobeta-Turnu Severin.	masc	Florin Busuioc	pozitiv
160_0.wav	Astăzi se mai încălzește puțintel, foarte puțin, dar tendința e asta, să se mai încălzească ușor, ușor, așa că în weekend o să avem temperaturi apropiate de normalul perioadei.	masc	Florin Busuioc	pozitiv
87_8.wav	Vântul adie plăcut, iar amiaza ne aduce vreme caldă cu până la treizeci și două de grade la Galați și la Focșani.	masc	Cosmin Stan	pozitiv
272_17.wav	Apare puțin, așa, soarele printre nori și la noapte, temperaturi negative, brumă, îngheț la sol.	masc	Florin Busuioc	negativ
30_20.wav	Cantități mari de apă, într-un timp scurt, vin și cu descărcări electrice aceste ploi și cu vânt puternic,	masc	Florin Busuioc	negativ
182_30.wav	pe la Calafat, pe acolo o să fie cel mai cald.	masc	Florin Busuioc	pozitiv
45_28.wav	În Oltenia nu vorbim deloc despre ploi, ziua e caldă, frumoasă, un pic mai cald ca ieri,	masc	Florin Busuioc	pozitiv
55_4.wav	Pe parcursul zilei vor fi mai multe reprize cu ploi torențiale în centru sud și sud-est, de asemenea în Carpații Meridionali și Oriental.	masc	Cosmin Stan	negativ
393_2.wav	Ziua de astăzi ne aduce, deci, vreme închisă și multe precipitații. Vor domina ninsorile,	masc	Cosmin Stan	negativ
266_30.wav	Sunt ceva condiții să cadă lapoviță, poate chiar ninsoare.	masc	Florin Busuioc	negativ
74_26.wav	iar temperaturile scad ușor față de ieri, cu o maximă de douăzeci și opt de grade la Ploiești.	masc	Cosmin Stan	pozitiv
230_1.wav	Pe jumătatea estică a României, maximele pleacă de la treisprezece grade prin zona depresionară pe la Miercurea Ciuc	masc	Florin Busuioc	negativ
330_23.wav	La munte, cer mai mult înnorat, apar precipitații slabe, lapoviță, la noapte vântul are intensificări în Carpații Orientali,	masc	Florin Busuioc	negativ
374_39.wav	E viscol, vizibilitatea este foarte mult redusă, avem un grad la Stâna de Vale, minus două în Semenic,	masc	Florin Busuioc	negativ
234_8.wav	Vor fi și ploi abundente, care pot să lase în urmă peste douăzeci și cinci de litri de apă pe metrul pătrat.	masc	Florin Busuioc	negativ
243_19.wav	În Transilvania avem o atmosferă închisă, va fi rece, ninge slab pe la munte și poate un pic de lapoviță în restul zonei	masc	Florin Busuioc	negativ
74_2.wav	iar cantitățile de apă pot trece de patruzeci de litri pe metru pătrat.	masc	Cosmin Stan	negativ
234_25.wav	În Transilvania soarele apare doar așa trecător, maximele undeva între zece grade în zona depresionară,	masc	Florin Busuioc	pozitiv
321_1.wav	În general vorbind astăzi, mai ales în sudul și estul țării, se încălzește bine de tot.	masc	Florin Busuioc	pozitiv
128_6.wav	În Dobrogea și în Bărăgan vremea e frumoasă dimineață până spre după-masă.	masc	Florin Busuioc	pozitiv
87_29.wav	După-amiaza se pornește un pic vântul și maxima atinge treizeci și unu de grade.	masc	Cosmin Stan	pozitiv
186_12.wav	iar după-amiază apar câteva averse, posibil însoțite de tunete și fulgere.	masc	Cosmin Stan	negativ
285_30.wav	Temperaturile cresc și în zonele de munte, apar norii doar în treacăt așa, pot să vină cu ei acești nori, să aducă cu ei și câțiva stropi de ploaie.	masc	Florin Busuioc	negativ
198_31.wav	La București, instabilitatea crește, mai ales după masă.	masc	Florin Busuioc	negativ
266_13.wav	Deci se face mai cald un pic. În jumătatea nordică a Moldovei și în Bucovina,	masc	Florin Busuioc	pozitiv
218_35.wav	iar în zona montană înaltă poate fi lapoviță, poate chiar ninsoare.	masc	Florin Busuioc	negativ
182_40.wav	Vântul se întețește în vestul Meridionalilor și poate să bată cu șaptezeci și peste șaptezeci de kilometri pe oră pe acolo.	masc	Florin Busuioc	negativ
24_28.wav	Poate și o ploaie de scurtă durată mai pe seară în Carpații Orientali.	masc	Cosmin Stan	negativ
249_4.wav	Vor fi înnorări, poate câțiva stropi de ploaie. Temperaturile cresc un pic față de ieri. Tot e mai frig decât ar trebui.	masc	Florin Busuioc	negativ
180_11.wav	Cresc și pe aici temperaturile, se vor atinge douăzeci și două, chiar douăzeci și trei de grade, probabil, pe la Baia Mare.	masc	Florin Busuioc	pozitiv
187_8.wav	Chiar și așa atmosfera devine plăcută pe la amiază când se ating în jur de șaptesprezece grade.	masc	Cosmin Stan	pozitiv
87_7.wav	Mai sus în Moldova sudică și în nordul Munteniei avem tot atmosferă însorită.	masc	Cosmin Stan	pozitiv
316_19.wav	Temperaturile depășesc cu mult valorile normale, vor ajunge la douăzeci, poate chiar douăzeci și unu de grade, ieri au fost douăzeci și două de grade la Bechet.	masc	Florin Busuioc	negativ
236_10.wav	În jumătatea nordică a Moldovei și în Bucovina, cerul se înnorează dimineața acum. O să și picure puțin trecător.	masc	Florin Busuioc	negativ
351_18.wav	Și în sud avem soare, o atmosferă de primăvară până la optsprezece grade la Giurgiu, către seară se adună norii și la noapte vor veni și câțiva stropi de ploaie.	masc	Florin Busuioc	negativ
24_7.wav	Mai sus în Moldova sudică și în nordul Munteniei scăpăm de ploi și trecem la vreme frumoasă și caldă.	masc	Cosmin Stan	pozitiv
85_23.wav	care poate ajunge la viteză de până la șaizeci și cinci de kilometri pe oră.	masc	Cosmin Stan	negativ
125_26.wav	E posibil să fie și căderi de grindină, unsprezece grade în Ceahlău, paisprezece în Semenic, șaisprezece la Păltiniș și la Predal, iar la Stâna de Vale, nouăsprezece grade.	masc	Florin Busuioc	negativ
1_37.wav	Treizeci și nouă de grade la umbră. Aerul este irespirabil.	masc	Florin Busuioc	negativ
81_48.wav	Vântul bate cam nervos, maximele se duc în douăzeci și patru.	masc	Florin Busuioc	negativ
357_8.wav	Scurte perioade cu soare, vântul bate mai nervos din când în când,	masc	Florin Busuioc	negativ
333_5.wav	În schimb, la Suceava, maxima se oprește la trei grade cu plus.	masc	Florin Busuioc	negativ
212_10.wav	Temperaturile rămân sub nivelul perioadei.	masc	Florin Busuioc	negativ
190_33.wav	După prânz, puțin mai cald ca ieri, undeva pe la șaptesprezece-optsprezece grade,	masc	Florin Busuioc	pozitiv
81_14.wav	Ce să mai vorbim, la amiază cel mult douăzeci și trei de grade. La Iași și la Bacău.	masc	Florin Busuioc	pozitiv
74_8.wav	Mai sus în Moldova sudică și în nordul Munteniei, atmosfera se menține însorită în prima parte a zilei.	masc	Cosmin Stan	pozitiv
97_10.wav	Vedem cum arată vremea în fiecare regiune. În Dobrogea și în Bărăgan, atmosferă însorită toată ziua,	masc	Florin Busuioc	pozitiv
190_11.wav	La noapte se înseninează complet și vor fi patru - cinci grade în zonă.	masc	Florin Busuioc	pozitiv
162_12.wav	În nordul Transilvaniei și în Maramureș, găsim în orări foarte persistente și poate și câțiva stropi de ploaie, e posibil.	masc	Florin Busuioc	negativ
141_24.wav	Vântul prinde putere în zona înaltă de munte. Iar maximele ajung la douăzeci și patru de grade.	masc	Florin Busuioc	negativ
10_2.wav	Disconfortul termic este extrem de ridicat. În rest, temperaturile sunt de pe la douăzeci și cinci de grade la Suceava,	masc	Florin Busuioc	negativ
234_2.wav	Tot în est, vântul bate tare, la altitudini mari ninge sau e lapoviță,	masc	Florin Busuioc	negativ
218_12.wav	La noapte se pare că o să plouă destul de mult în zonă.	masc	Florin Busuioc	negativ
209_14.wav	Apare și soarele printre nori și în sudul Banatului, poate că va picura puțin de tot	masc	Florin Busuioc	negativ
266_22.wav	Trecem la vreme ceva mai caldă decât ar trebui la finalul lunii martie,	masc	Florin Busuioc	pozitiv
24_12.wav	Avem soare, câțiva nori, un vânt destul de insistent. În zonele montane, mai pe seara, apar ceva condiții de ploaie.	masc	Cosmin Stan	negativ
301_30.wav	O să fie o zi cam închisă, mohorâtă, plouă, vântul e activ, la noapte persistă,	masc	Florin Busuioc	negativ
3_14.wav	În jumătatea nordică a Moldovei și în Bucovina tot așa, foarte cald.	masc	Florin Busuioc	pozitiv
59_14.wav	În nordul Moldovei și în Bucovina, o zi însorită,	masc	Florin Busuioc	pozitiv
241_3.wav	Până la ora zece este cod galben de ceață densă în Moldova, în județele Botoșani, Suceava și Iași,	masc	Cosmin Stan	negativ
212_2.wav	Vântul bate cam nervos în est, sud-est și pe crestele munților.	masc	Florin Busuioc	negativ
196_1.wav	și se cam răcorește, să știți, doar opt grade în zona depresionară, cel mult douăzeci de grade în extremitatea sudică pe la Giurgiu, o să vedem cum arată vremea în fiecare regiune în parte	masc	Florin Busuioc	negativ
325_12.wav	Și în nordul Transilvaniei și în Maramureș urmează o zi mohorâtă și rece, cu ploi slabe, dar și lapoviță prin unele zone.	masc	Cosmin Stan	negativ
43_17.wav	Mai către seară și pe la noapte, e, atunci încep să se înmulțească norii și vin averse, tunete, fulgere,	masc	Florin Busuioc	negativ
43_26.wav	și vântul bate tare pe timpul ploilor.	masc	Florin Busuioc	negativ
384_31.wav	E ger aproape toată ziua și pe creste vântul viscolește ninsoarea sau spulberă zăpada depusă și în masivele din sudul României	masc	Florin Busuioc	negativ
24_5.wav	iar vântul continuă să agite atmosfera și poate depăși din nou viteze de șaptezeci de kilometri pe oră.	masc	Cosmin Stan	negativ
184_6.wav	Pe partea nord-vestică se înseninează complet, dar în sud și în sud-est și la munte vor fi unele înnorări și s-ar putea să mai picure trecător.	masc	Cosmin Stan	negativ
10_26.wav	Acuma dimineață mai sunt ceva înnorări, mai avem și averse.	masc	Florin Busuioc	negativ
214_13.wav	Ieri au fost douăzeci de grade prin zona Maramureșului, astăzi maximele se opresc tot pe la Baia Mare, Bistița, pe la cincisprezece grade.	masc	Florin Busuioc	pozitiv
35_15.wav	În nordul Transilvaniei și în zona Maramureșului se răcorește,	masc	Florin Busuioc	negativ
338_2.wav	până pe la zece grade în Transilvania, pe la Târgu Mureș. Pe acolo e cel mai cald.	masc	Florin Busuioc	pozitiv
212_16.wav	Mai bine față de ieri, adică mai cald un pic, temperatura se duce până în nouăsprezece grade la Baia Mare,	masc	Florin Busuioc	pozitiv
249_23.wav	Vreme rece, maxima ajunge la douăsprezece grade, asta e o valoare de martie.	masc	Florin Busuioc	negativ
251_26.wav	Astăzi așteptăm vreo nouă grade pe la prânz	masc	Florin Busuioc	pozitiv
59_9.wav	Stres termic foarte ridicat.	masc	Florin Busuioc	negativ
349_13.wav	Avem soare, vreme bună în general. Temperaturile sunt mai mari decât ar fi normal, undeva până în unsprezece grade pe la Baia Mare.	masc	Florin Busuioc	pozitiv
230_25.wav	La București se face mai cald, temperatură de douăzeci de grade, vântul bate foarte plăcut, atmosfera rămâne însorită toată ziua.	masc	Florin Busuioc	pozitiv
166_23.wav	În Transilvania găsim vreme foarte rece, în vestul provinciei,	masc	Florin Busuioc	negativ
68_17.wav	Nu vorbim deloc despre ploi, s-au potolit ploile aici și în Transilvania alte serii de averse cu descărcări electrice.	masc	Florin Busuioc	negativ
43_34.wav	Pe seară, în Carpații Occidentali și în vestul Meridionalilor se înmulțesc norii, vin averse abundente,	masc	Florin Busuioc	negativ
107_16.wav	Vântul agită atmosfera, maximele se duc în treizeci, chiar treizeci și unu de grade, prin zona Iașiului.	masc	Florin Busuioc	negativ
196_6.wav	Apare, e adevărat, și soarele pe parcursul zilei, așa, temperaturile scad un pic, nu mai trec de treisprezece grade pe la Baia Mare și pe la Zalău	masc	Florin Busuioc	pozitiv
107_4.wav	Maximele pleacă de la douăzeci de grade prin zona Brașovului	masc	Florin Busuioc	pozitiv
87_16.wav	Îndeosebi în a doua parte a zilei vin mai multe reprize de ploi torențiale, care vor lăsa în urmă cantități însemnate de apă.	masc	Cosmin Stan	negativ
180_28.wav	Vântul bate cu putere în vestul Meridionalilor, iar la altitudini mari,	masc	Florin Busuioc	negativ
48_35.wav	Vântul bate tare la altitudini mari și nu sunt mai mult de nouă grade în Ceahlău.	masc	Florin Busuioc	negativ
222_30.wav	Iar în Transilvania plouă, la altitudini mari poate fi lapoviță chiar ninsoare.	masc	Florin Busuioc	negativ
343_34.wav	Plouă pe timpul nopții, de asemeni plouă când se vor înregistra undeva pe la cinci-șase grade.	masc	Florin Busuioc	negativ
182_14.wav	Temperaturile se vor opri undeva pe la optsprezece grade la Iași și la Bacău.	masc	Florin Busuioc	pozitiv
321_40.wav	patru grade la Păltiniș și la Stâna de Vale. Iar la Sinaia, la cota o mie cinci sute, vor fi șase grade Celsius.	masc	Florin Busuioc	pozitiv
97_0.wav	Este cam răcoare în vest, nord-vest, douăzeci și patru de grade cel mult, tot pe acolo.	masc	Florin Busuioc	negativ
13_44.wav	În București, vremea ne pune la grea încercare, care se încălzește rapid.	masc	Florin Busuioc	negativ
209_26.wav	Temperatură de șaptesprezece grade, la noapte înnorările persistă, avem o minimă pe la opt grade cu plus	masc	Florin Busuioc	pozitiv
61_15.wav	și pot fi și descărcări electrice, ar fi și condiții de grindină și pot să se strângă cantități însemnate de apă, să știți.	masc	Florin Busuioc	negativ
128_8.wav	și va ploua destul de zgomotos, se încălzește un pic.	masc	Florin Busuioc	negativ
321_17.wav	Acum dimineață ieși un pic de lapoviță în zonă.	masc	Florin Busuioc	negativ
187_28.wav	La munte se domolește vântul, dar rămânem cu vremea răcoroasă, se mai adună norii și vor aduce scurte reprize de ploaie.	masc	Cosmin Stan	negativ
90_17.wav	Pot să fie chiar patruzeci de litri de apă pe metru pătrat, destul de mult.	masc	Florin Busuioc	negativ
272_8.wav	Din cauza vântului însă se simt valori mai scăzute cu mult de atât.	masc	Florin Busuioc	negativ
184_10.wav	Vântul are intensificări în Moldova, în Dobrogea și în Bărăgan cu viteze de până la cincizeci de kilometri pe oră.	masc	Cosmin Stan	negativ
327_9.wav	Mai sus în Moldova sudică și în nordul Munteniei se anunță o zi frumoasă, cu soare, câțiva nori și temperaturi iată în creștere.	masc	Cosmin Stan	pozitiv
338_10.wav	Acum dimineață s-a lăsat ceața. Nici mai târziu nu vedem soarele.	masc	Florin Busuioc	negativ
369_14.wav	Pe la amiază avem nouă grade pe la Timișoara, opt grade în restul provinciei, deci și pe la Reșița tot vreo nouă grade.	masc	Florin Busuioc	pozitiv
128_17.wav	și se strâng cantități ceva mai mari de apă, nu lipsesc sigur perioadele cu soare.	masc	Florin Busuioc	pozitiv
99_2.wav	Și mai pe seară și peste noapte, ploile vin pe partea vestică, pe partea nord-vestică,	masc	Florin Busuioc	negativ
35_6.wav	Maximele ajung la treizeci și șase de grade probabil prin zona Bărăganului, stresul termic este extrem de ridicat,	masc	Florin Busuioc	negativ
234_0.wav	Dragii mei, astăzi avem înnorări persistente în est și în sud-est, vor fi aici averse	masc	Florin Busuioc	negativ
99_17.wav	Până atunci, până seara, avem soare și vreme mai caldă un pic decât ieri, douăzeci și șase de grade în toată provincia.	masc	Florin Busuioc	pozitiv
138_17.wav	Acum e ceață în unele zone, prin zona Timișoarei, în special pe acolo,	masc	Florin Busuioc	negativ
24_26.wav	iar în zilele următoare o să fie din ce în ce mai cald.	masc	Cosmin Stan	pozitiv
234_20.wav	mai ales la noapte, încep norii să se înmulțească și vin poate câțiva stropi de ploaie,	masc	Florin Busuioc	negativ
198_28.wav	Cam la fel și în sudul țării, cer mai mult înnorat, averse, zdravene, consistente,	masc	Florin Busuioc	negativ
144_3.wav	Temperaturile scad undeva între șaisprezece grade în nordul Olteniei până la douăzeci și șase de grade pe la Iași în Moldova, deci e cel mai cald.	masc	Florin Busuioc	pozitiv
61_22.wav	ajung pe la treizeci și două de grade la Drobeta-Turnu Severin și aerul va deveni destul de greu de respirat din cauza disconfortului termic, foarte cald și în sud, tot treizeci și două de grade se vor înregistra, mai pe după masă, la deal, la munte,	masc	Florin Busuioc	negativ
83_15.wav	Iar vremea rămâne răcoroasă pentru data din calendar, maximele se opresc la douăzeci și două, poate douăzeci și trei de grade pe la Satu Mare.	masc	Florin Busuioc	negativ
239_27.wav	Și la munte se mai încălzește puțin, dar încă avem temperaturi sub normalul perioadei.	masc	Cosmin Stan	negativ
85_5.wav	Să vedem ce se întâmplă în fiecare regiune și începem cu Dobrogea și Bărăgan, pe unde găsim vreme frumoasă cu soare în cea mai mare parte a zilei.	masc	Cosmin Stan	pozitiv
90_2.wav	În rest, vremea e ceva mai frumoasă. Pe sud, pe est e mai bine.	masc	Florin Busuioc	pozitiv
241_1.wav	Avem atmosferă schimbătoare și înnorări aproape peste tot.	masc	Cosmin Stan	negativ
386_12.wav	Foarte frig și pe jumătatea nordică a Moldovei și în Bucovina, se înnorează și pe aici, va ninge aproape în toată zona,	masc	Florin Busuioc	negativ
266_45.wav	Iar în Carpații Meridionali și Carpații de Curbură, poate să ajungă pe la nouăzeci de kilometri pe oră.	masc	Florin Busuioc	negativ
107_13.wav	După care, mai pe după masă, așa, în unele zone se adună norii și vin câteva averse.	masc	Florin Busuioc	negativ
99_23.wav	Deci nu sunt ploi curate, cum se spune la țară, sunt ploi cu grindină, se pare.	masc	Florin Busuioc	negativ
190_35.wav	Și la București avem tot așa vreme rece pentru final de aprilie,	masc	Florin Busuioc	negativ
78_20.wav	Maximele vor ajunge la valori agreabile, cel mult douăzeci și șase de grade pe la Baia Mare.	masc	Florin Busuioc	pozitiv
3_36.wav	Bucureștiul are o zi de cuptor, treizeci și opt de grade la umbră.	masc	Florin Busuioc	pozitiv
20_18.wav	Vor fi undeva între douăzeci și patru, pe la Suceava cel mult, douăzeci și opt la Bacău.	masc	Florin Busuioc	negativ
13_20.wav	Cel mult treizeci și unu de grade pe la Cluj-Napoca.	masc	Florin Busuioc	pozitiv
369_25.wav	Vânt ceva mai activ și maxima ajunge la unsprezece grade.	masc	Florin Busuioc	pozitiv
333_3.wav	În zona intracarpatică avem temperaturi foarte ridicate.	masc	Florin Busuioc	pozitiv
59_0.wav	putin efort, minim efort pentru că sunt multe zone în care avem peste treizeci de grade.	masc	Florin Busuioc	pozitiv
97_50.wav	Maximele ajung pe la douăzeci și trei, chiar douăzeci și patru de grade risc să spun,	masc	Florin Busuioc	pozitiv
395_14.wav	cel mult trei-patru grade pe la Bacău.	masc	Florin Busuioc	pozitiv
372_0.wav	Astăzi avem vreme caldă, chiar foarte caldă în sudul țării.	masc	Florin Busuioc	pozitiv
321_27.wav	Temperaturile se duc până la paisprezece grade, vedeți. Aproape în toată regiunea.	masc	Florin Busuioc	pozitiv
239_11.wav	Vor fi cel mult douăsprezece-treisprezece grade.	masc	Cosmin Stan	pozitiv
172_5.wav	În jumătatea nordică a Moldovei și în Bucovina e cer senin în prima parte a zilei, după aceea se cam adună norii și după ce se lasă noaptea o să fie și un pic de ploaie,	masc	Florin Busuioc	negativ
22_8.wav	Nu este exclus să vină și o ploaie trecătoare, așa. Asta mai pe după masă.	masc	Florin Busuioc	negativ
99_32.wav	Asta e o temperatură ceva mai modestă decât ar fi normal.	masc	Florin Busuioc	negativ
190_15.wav	La noapte, temperatura coboară la zero grade și apare și bruma,	masc	Florin Busuioc	negativ
83_19.wav	Instabilitatea persistă și în Transilvania, pe aici aversele aduc cantăți mari de apă, mai ales în Meridionali.	masc	Florin Busuioc	negativ
266_20.wav	Și pot să aducă douăzeci de litri de apă pe metru pătrat, destul de mult, aș zice.	masc	Florin Busuioc	negativ
251_16.wav	Continuă să ningă la munte, iar temperaturile cresc un pic de tot, vor ajunge pe la șapte grade la Oradea	masc	Florin Busuioc	pozitiv
279_26.wav	Ne așteaptă o zi frumoasă, cu soare, câțiva nori mai târziu, la noapte ploile ajung însă și în această zonă.	masc	Cosmin Stan	pozitiv
90_13.wav	În nordul Carpaților Orientali, vor fi câteva reprize de ploi.	masc	Florin Busuioc	negativ
295_27.wav	Se face puțin mai cald decât ieri și maximele ajung pe la cincisprezece grade la Ploiești.	masc	Cosmin Stan	pozitiv
92_26.wav	La munte rămânem cu vremea instabilă, plouă din când în când, avem averse, descărcări electrice, rafale puternice de vânt, peste douăzeci de litri de apă pe metru pătrat și se mențin și condițiile de grindină.	masc	Florin Busuioc	negativ
26_7.wav	Maximele se opresc la douăzeci și cinci - douăzeci și șase de grade, valori mai scăzute decât ar fi normal în acest moment al anului.	masc	Cosmin Stan	negativ
8_6.wav	La noapte, cerul se înseninează complet în majoritatea zonelor.	masc	Cosmin Stan	pozitiv
130_5.wav	Avem o atmosferă cu soare, nu este exclus să vină doi-trei stropi de ploaie mai către seară. Vremea rămâne călduroasă și se vor înregistra aproape în toată provincia douăzeci și șapte de grade.	masc	Florin Busuioc	pozitiv
230_0.wav	E destul de plăcută vremea, avem soare, poate și câțiva nori de ploaie dimineață.	masc	Florin Busuioc	pozitiv
92_19.wav	Aversele apar mai ales în jumătatea vestică și în zona de munte, pe alocuri pot fi consistente.	masc	Florin Busuioc	negativ
218_13.wav	În jumătatea nordică a Moldovei și în Bucovina, ziua e cam închisă, mohorâtă, plouă în unele zone.	masc	Florin Busuioc	negativ
349_4.wav	În Dobrogea și în Bărăgan cerul se umple de nori, vântul bate cam nervos, e posibil să și plouă în unele zone.	masc	Florin Busuioc	negativ
343_25.wav	Cantitățile de apă vor ajunge pe la patruzeci și poate chiar vor depăși patruzeci de litri pe metru pătrat.	masc	Florin Busuioc	negativ
384_6.wav	Sigur că amplifică senzația de frig, vreme rece și mai sus în Moldova sudică și în nordul Munteniei	masc	Florin Busuioc	negativ
115_9.wav	Parcă e mai cald și pe aici, se vor înregistra undeva pe la douăzeci și opt de grade la Baia Mare și Satu Mare.	masc	Florin Busuioc	pozitiv
90_16.wav	Instabilă atmosfera, se anunță ploi zgomotoase.	masc	Florin Busuioc	negativ
68_15.wav	Însă apar și câteva reprize de ploaie, în special în zona Transilvaniei.	masc	Florin Busuioc	negativ
13_53.wav	La mare se face foarte cald. Temperaturile se duc până la treizeci și trei de grade.	masc	Florin Busuioc	pozitiv
283_32.wav	Zece grade în Ceahlău, treisprezece în Semenic, paisprezece Păltiniș și Stâna de Vale, și la Predeal cincisprezece grade.	masc	Florin Busuioc	pozitiv
283_26.wav	La București ieri au fost șaptesprezece, optsprezece grade. Astăzi avem o maximă de douăzeci și unu de grade.	masc	Florin Busuioc	pozitiv
30_34.wav	Treizeci și unu de grade pe plajă, apa douăzeci și patru de grade.	masc	Florin Busuioc	pozitiv
186_18.wav	Atmosfera se încălzește însă după prânz când se vor atinge și aici nouăsprezece grade în vestul provinciei.	masc	Cosmin Stan	pozitiv
372_25.wav	și temperaturile vor ajunge pe la opt grade, pe la Timișoara.	masc	Florin Busuioc	pozitiv
384_4.wav	Ne uităm puțin și vedem că e cam închisă ziua, temperaturile la fel cu cele de ieri, cu greu ajung la un grad	masc	Florin Busuioc	negativ
251_11.wav	Vântul bate tare și maximele cu greu ajung la două grade pe la Iași și pe la Bacău, vedeți?	masc	Florin Busuioc	negativ
393_10.wav	În schimb, în vest și prin nord-vest cerul se degajează treptat.	masc	Cosmin Stan	negativ
321_12.wav	E puțin probabil să plouă, atmosferă foarte plăcută după orele prânzului.	masc	Florin Busuioc	pozitiv
8_14.wav	și doar pe la munte mai vin câteva averse, ploi slabe pe suprafețe mici.	masc	Cosmin Stan	negativ
16_2.wav	Pot fi și peste douăzeci și cinci de litri de apă pe metru pătrat. Maximele pleacă de la douăzeci și cinci de grade în sudul litoralului și ajung pe la treizeci și șapte de grade în zona Moldova Nouă, Calafat, Zimnicea.	masc	Florin Busuioc	negativ
395_41.wav	Vor fi temperaturi de minus patru grade, Stâna de Vale și Păltiniș, minus șase la Sinaia, cota o mie cinci sute, minus șapte,	masc	Florin Busuioc	negativ
272_32.wav	Apar câțiva fulgi de zăpadă și în rest, iar la noapte vor fi minus șapte grade în zona depresionară.	masc	Florin Busuioc	negativ
366_26.wav	Temperatură de primăvară, douăsprezece, chiar treisprezece grade se pot atinge și în sud se mai încălzește un pic, o să avem unsprezece-douăsprezece grade probabil,	masc	Florin Busuioc	pozitiv
218_17.wav	că nu putem să scăpăm complet de ploi pe parcursul zilei,	masc	Florin Busuioc	negativ
92_22.wav	Amiaza ne aduce soare, foarte plăcută atmosfera și douăzeci și șase de grade pe la Slatina e cel mai cald.	masc	Florin Busuioc	pozitiv
187_26.wav	iar maxima ajunge pe la optsprezece grade, deși acum ar trebui să fie de fapt vreo douăzeci și unu grade.	masc	Cosmin Stan	negativ
45_33.wav	Mâine se face extrem de cald, vor fi treizeci și patru de grade la umbră.	masc	Florin Busuioc	pozitiv
83_10.wav	Un vânt mai insistent și după prânz o să fie undeva până în douăzeci și opt de grade pe la Galați și Brăila.	masc	Florin Busuioc	negativ
333_15.wav	În nordul Transilvaniei și în Maramureș, vremea arată destul de bine.	masc	Florin Busuioc	pozitiv
141_19.wav	Vestul țării. Aici atmosfera e cam închisă să știți. Și plouă și în sudul Banatului și la Reșița.	masc	Florin Busuioc	negativ
30_2.wav	Nu mai trec de treizeci și patru de grade în lung ca Dunării, dar prin zona Bucovinei sunt douăzeci și trei de grade.	masc	Florin Busuioc	pozitiv
283_19.wav	În Transilvania dimineața e cam rece, mai ales în zona depresionară, erau minus trei grade.	masc	Florin Busuioc	negativ
384_33.wav	Avem șase grade cu minus la Stâna de Vale. Semenic, Păltiniș și Predeal minus nouă și în Ceahlău minus cincisprezece grade.	masc	Florin Busuioc	negativ
357_36.wav	La munte precipitațiile vin sub formă de lapoviță și ninsoare, sunt mai consistente în zona Carpaților Orientali.	masc	Florin Busuioc	negativ
5_10.wav	În a doua parte a zilei, în nord-vestul, centrul și nordul țării, dar și în zonele de munte, vor fi perioade cu ploi și instabilitate.	masc	Cosmin Stan	negativ
333_32.wav	Iar temperaturile ajung pe la opt grade la Ploiești. La București ziua de astăzi ne aduce vreme cam închisă.	masc	Florin Busuioc	negativ
190_16.wav	iar în nordul Transilvaniei și în Maramureș, e frig pentru perioada aceasta,	masc	Florin Busuioc	negativ
45_25.wav	La ora aceasta-s doar șapte grade, deci e rece, rece.	masc	Florin Busuioc	negativ
71_28.wav	La munte instabilitatea crește după orele prânzului.	masc	Cosmin Stan	negativ
87_17.wav	Vor fi și tunete, și fulgere, și căderi de grindină. Temperaturile nu trec de douăzeci și cinci de grade.	masc	Cosmin Stan	negativ
357_25.wav	Mai spre noapte vântul poate să depășească o sută treizeci de kilometri pe oră,	masc	Florin Busuioc	negativ
174_29.wav	Temperaturile cresc și la munte, ajung la valori normale pentru momentul acesta al anului.	masc	Florin Busuioc	pozitiv
33_0.wav	Avem astăzi vreme instabilă în foarte mare parte din țară.	masc	Florin Busuioc	negativ
327_0.wav	Astăzi vremea se încălzește în mare parte din țară.	masc	Cosmin Stan	pozitiv
128_38.wav	La munte astăzi norii se adună treptat, mai pe după masă și seară,	masc	Florin Busuioc	negativ
35_20.wav	În zona Transilvaniei se mai încălzește parcă puțintel față de ieri, avem treizeci de grade pe la Târgu Mureș,	masc	Florin Busuioc	pozitiv
48_28.wav	Ploile ajung însă și pe aici, în special în a doua parte a zilei, vin averse cu descărcări electrice.	masc	Florin Busuioc	negativ
97_48.wav	Predeal douăzeci de grade. La mare o zi foarte, foarte plăcută.	masc	Florin Busuioc	pozitiv
190_36.wav	mai ales acum dimineața, atmosfera rămâne cu soare,	masc	Florin Busuioc	pozitiv
59_4.wav	Seara plouă și pe partea vestică a României, iar maximele pleacă	masc	Florin Busuioc	negativ
138_11.wav	Doar la munte apar poate niște averse către seara. Se încălzește la amiază,	masc	Florin Busuioc	pozitiv
24_33.wav	Iar apa mării are douăzeci și trei - douăzeci și cinci de grade Celsius.	masc	Cosmin Stan	pozitiv
187_11.wav	În Bucovina va fi mai răcoare și se vor înregistra doar treisprezece grade.	masc	Cosmin Stan	negativ
384_22.wav	Poate și câțiva nori, se face un pic, un pic, un pic mai cald ca ieri, avem cinci grade la Târgu Jiu	masc	Florin Busuioc	pozitiv
351_16.wav	În Oltenia foarte frumoasă vremea, se încălzește foarte tare din nou, temperaturile ajung pe la optsprezece, poate chiar nouăsprezece grade în zona Drobeta-Turnu Severin,	masc	Florin Busuioc	pozitiv
138_25.wav	Înnorări, poate și câteva averse, apare și soarele pe parcursul zilei, nu va fi o zi complet mohorâtă,	masc	Florin Busuioc	pozitiv
3_30.wav	În Oltenia se anunță o zi toridă, soarele este nemilos,	masc	Florin Busuioc	negativ
144_15.wav	Și temperaturile se duc până în douăzeci și două de grade la Timișoara. În Transilvania astăzi se răcorește pe la amiază undeva până în douăzeci de grade vor fi	masc	Florin Busuioc	pozitiv
200_5.wav	Maximele pleacă de pe la treisprezece - paisprezece grade, pe la Miercurea Ciuc și pe la Oradea, pe acolo e cel mai răcoare,	masc	Florin Busuioc	negativ
166_24.wav	Undeva pe la cincisprezece grade se opresc temperaturile, dar în depresiuni,	masc	Florin Busuioc	negativ
128_10.wav	Vremea e frumoasă, soare în cea mai mare parte a zilei, temperaturile și pe aici cresc un pic.	masc	Florin Busuioc	pozitiv
138_31.wav	După amiază se înnorează, avem probabil niște averse cu fenomene electrice,	masc	Florin Busuioc	negativ
212_18.wav	Se face și pe aici un pic mai cald că ieri, până la optsprezece grade.	masc	Florin Busuioc	pozitiv
395_34.wav	Și la noapte ajung și aici ninsorile. La București tot așa, vreme caldă pentru începutul lui februarie,	masc	Florin Busuioc	pozitiv
283_2.wav	Vor ajunge la douăzeci și două, chiar douăzeci și trei de grade pe la Iași și pe la Timișoara.	masc	Florin Busuioc	pozitiv
325_9.wav	În jumătatea nordică Moldovei și în Bucovina, temperaturile scad accentuat și se face mai frig decât ar fi normal la această dată.	masc	Cosmin Stan	negativ
321_3.wav	Iar în zonele înalte de munte, e lapoviță chiar ninsoare, avem maximă undeva de pe la șase grade la Miercurea Ciuc,	masc	Florin Busuioc	negativ
92_17.wav	Avem și fenomene electrice, poate cădea și grindină și temperaturile ajung la douăzeci și șapte de grade în Banat în zona Timișoarei.	masc	Florin Busuioc	negativ
251_10.wav	În jumătatea nordică a Moldovei și în Bucovina, o zi închisă, neplăcută, temperaturi scăzute, precipitații, mai ales ninsori vor fi	masc	Florin Busuioc	negativ
316_15.wav	Pe crestele munților poate că vor fi condiții de napoviță, chiar ninsoare, și vântul mai are intensificări.	masc	Florin Busuioc	negativ
48_10.wav	mulți nori, ploi consistente, cu nouă-zece grade mai puțin față de cât a fost ieri.	masc	Florin Busuioc	negativ
330_1.wav	La munte precipitații tot așa slabe sub formă de lapoviță,	masc	Florin Busuioc	negativ
214_14.wav	În vestul țării e mai rece vremea decât ar fi normal, plouă trecător, așa, și vor fi cel mult cincisprezece grade.	masc	Florin Busuioc	negativ
301_22.wav	Precipitațiile apar și în Transilvania și vorbim despre ploaie sau lapoviță în zonele mai joase,	masc	Florin Busuioc	negativ
393_21.wav	În aceste condiții, frigul va fi foarte greu de suportat.	masc	Cosmin Stan	negativ
190_17.wav	mai ales acum dimineață, prin nord-vest pe acolo s-a lăsat și bruma.	masc	Florin Busuioc	negativ
101_10.wav	Vor fi însoțite de tunete și fulgere, iar în unele zone o să plouă torențial și s-ar putea să cadă grindină.	masc	Cosmin Stan	negativ
378_2.wav	până pe la patru, poate chiar cinci grade prin sudul și sud-vestul României.	masc	Florin Busuioc	pozitiv
30_21.wav	Temperaturile scad și pe aici avem cel mult douăzeci și cinci de grade.	masc	Florin Busuioc	pozitiv
26_21.wav	În București avem vreme schimbătoare, vânt activ, câteva reprize de ploaie în prima parte a zilei,	masc	Cosmin Stan	negativ
8_12.wav	În toate aceste zone, amiaza ne aduce atmosferă înnăbușitoare și multă umezeală în aer,	masc	Cosmin Stan	negativ
59_12.wav	Soare, multă zăpușeală, treizeci și patru de grade la umbră și pe aici, prin zona Focșani-Brăila,	masc	Florin Busuioc	pozitiv
295_20.wav	Soarele încălzește rapid atmosfera și după prânz se vor înregistra cincisprezece grade pe la Sfântu Gheorghe.	masc	Cosmin Stan	pozitiv
33_2.wav	iar în sud-est, la amiază, este caniculară, disconfort termic și treizeci și șapte de grade la umbră.	masc	Florin Busuioc	negativ
24_22.wav	În sudul țării, atmosfera se menține însorită toată ziua. Vântul are intensificări susținute în estul Munteniei	masc	Cosmin Stan	pozitiv
90_40.wav	E senin complet, vedeți la mare, deci o zi absolut superbă de plajă.	masc	Florin Busuioc	pozitiv
35_33.wav	cu tunete, cu fulgere, cu rafale puternice de vânt.	masc	Florin Busuioc	negativ
196_5.wav	Vedeți la Iași și la Bacău, la noapte cerul devine variabil, deci se mai potolesc un pic ploile. În nordul Transilvaniei și în Maramureș, destul de mulți nori plouă din loc în loc	masc	Florin Busuioc	negativ
267_15.wav	Și pe aici, temperaturile ajung pe la douăsprezece grade.	masc	Florin Busuioc	pozitiv
152_2.wav	Doar în sud-vest se face mai răcoare.	masc	Cosmin Stan	negativ
190_24.wav	Temperaturile însă lasă mult de dorit, adică nu avem mai mult de unsprezece-douăsprezece grade pe la Târgu Mureș și Sibiu,	masc	Florin Busuioc	negativ
283_15.wav	La noapte se înnorează și e posibil să picure trecător. Condiții meteo foarte bune în vestul țării,	masc	Florin Busuioc	negativ
287_2.wav	În sud, în sud-est, vin și câteva ploi slabe, mai ales în prima parte a zilei.	masc	Florin Busuioc	negativ
26_12.wav	Vântul adie plăcut și nu vorbim deloc despre ploi.	masc	Cosmin Stan	pozitiv
330_18.wav	Și în sud avem tot așa înnorări, niște ploi slabe, sporadice, temperaturile cresc un pic și vor ajunge și pe aici, pe la zece grade la Ploiești.	masc	Florin Busuioc	negativ
230_26.wav	La noapte avem șapte grade Celsius, în zona centrală a orașului vreo patru la periferia Bucureștiului.	masc	Florin Busuioc	pozitiv
78_9.wav	În primul rând, în Dobrogea și în Bărăgan, avem vreme destul de bună.	masc	Florin Busuioc	pozitiv
81_15.wav	În nordul Transilvaniei și în Maramureș, puțin, puțin vedem soarele așa printre nori.	masc	Florin Busuioc	pozitiv
272_11.wav	Se face mai fric decât ar fi normal la această dată.	masc	Florin Busuioc	negativ
279_0.wav	Vremea se racește astăzi în vest, în centru și prin nordul țării pe unde vin ploile.	masc	Cosmin Stan	negativ
279_18.wav	Ieri au fost în jur de douăzeci și trei de grade, astăzi maximele se opresc la cincisprezece-șaisprezece grade,	masc	Cosmin Stan	negativ
389_26.wav	În Oltenia vedem puțin soarele printre nori, o să mai cadă câțiva fulgi de zăpadă.	masc	Cosmin Stan	negativ
293_26.wav	La București avem vreme frumoasă, soare, doi-trei nori așa decorativi și un vânt slab.	masc	Florin Busuioc	pozitiv
366_13.wav	În toată provincia vedem că este aceeași temperatură, atmosferă foarte plăcută la prânz.	masc	Florin Busuioc	pozitiv
295_29.wav	După prânz vor fi cincisprezece grade, iar la noapte temperatura coboară până la trei grade Celsius.	masc	Cosmin Stan	pozitiv
316_18.wav	Și în sud avem o zi închisă, mohorâtă, șanse mai mari de ploaie la apropierea nopții.	masc	Florin Busuioc	negativ
275_16.wav	Astăzi n-avem mai mult de douăsprezece grade și asta prin zona Devei, pentru că, iată, pe la Arad sunt opt-nouă grade.	masc	Florin Busuioc	negativ
92_29.wav	În apă vor fi undeva pe la douăzeci și unu de grade Celsius. Puteți să scanați codul QR de pe ecran și veți afla prognoza detaliată în majoritatea orașelor din România. Deocamdată atât.	masc	Florin Busuioc	pozitiv
97_25.wav	Temperaturile scad în vest, nu prea vedem soarele, apar averse destul de serioase, zdravene,	masc	Florin Busuioc	negativ
239_17.wav	În Transilvania este frig acum dimineața, mai ales în depresiuni, pe unde s-a lăsat ceața.	masc	Cosmin Stan	negativ
20_15.wav	Către seară apar câteva serii de averse cu tunete, cu fulgere în cam toată provincia.	masc	Florin Busuioc	negativ
81_3.wav	Atmosfera rămâne răcoroasă în foarte multe regiuni. Maxime undeva de pe la optsprezece grade în zona Sucevei.	masc	Florin Busuioc	negativ
83_26.wav	Temperaturile scad, o să fie undeva până în douăzeci și opt de grade la Alexandria și Giurgiu.	masc	Florin Busuioc	pozitiv
74_24.wav	Vor fi cel mult douăzeci și patru de grade. O să plouă și după lăsarea nopții.	masc	Cosmin Stan	negativ
338_14.wav	Pe la prânz, temperatura se duce în opt grade Celsius la Bistrița.	masc	Florin Busuioc	pozitiv
325_19.wav	În Oltenia, în schimb, găsim vreme frumoasă, cer mai mult senin și un vânt mai intens în vestul și sud-vestul provinciei,	masc	Cosmin Stan	pozitiv
255_4.wav	Pe aici e o atmosferă așa cam închisă, vin ploile, se pornește vântul, temperaturile scad față de ieri, au fost șaisprezece grade.	masc	Florin Busuioc	negativ
68_3.wav	abundente în jumătatea estică a țării.	masc	Florin Busuioc	negativ
239_26.wav	Mai apar ceva înnorări, dar e puțin probabil să plouă și după lăsarea nopții se vor atinge patru-cinci grade Celsius.	masc	Cosmin Stan	negativ
182_17.wav	Acum dimineață ar fi ceva condiții de ceață, dar la amiază e foarte frumos,	masc	Florin Busuioc	negativ
90_31.wav	La București astăzi e o atmosferă foarte plăcută, e soare, e foarte cald.	masc	Florin Busuioc	pozitiv
61_1.wav	și mai pe seară o să vină și ceva averse, mai ales pe la munte, în Transilvania, în Maramureș,	masc	Florin Busuioc	negativ
327_6.wav	Cerul rămâne acoperit o bună parte a zilei, dar nu sunt anunțate ploi. Se intensifică însă vântul și se face mai cald decât ieri.	masc	Cosmin Stan	negativ
351_0.wav	Să știți că astăzi avem o ușoară scădere de temperaturi, dar nu foarte mare, pentru că încă avem valori foarte mari peste normal.	masc	Florin Busuioc	pozitiv
115_6.wav	Se vor atinge douăzeci și șase de grade pe la Galați și Brăila.	masc	Florin Busuioc	pozitiv
236_20.wav	S-ar putea să fie cu tunete, cu fulgere. Cincisprezece grade la Arad, Timișoara și Deva.	masc	Florin Busuioc	negativ
87_32.wav	Se pot acumula peste patruzeci de litri de apă pe metru pătrat și o să cadă și grindină.	masc	Cosmin Stan	negativ
214_23.wav	În Sud avem o zi cam închisă, mohorâtă, vor fi averse trecătoare.	masc	Florin Busuioc	negativ
293_14.wav	Mai pe seară și la noapte poate că picură un pic trecător și pe suprafețe restrânse, nu foarte extinse.	masc	Florin Busuioc	negativ
343_19.wav	Tot temperaturi de șaisprezece grade vor fi și pe aici, pe la Bacău. Din când în când plouă.	masc	Florin Busuioc	negativ
236_5.wav	După aceea, spre după masă, se adună norii, vântul începe să bată cam nervos și vin și niște reprize de ploaie cu descărcări electrice.	masc	Florin Busuioc	negativ
138_35.wav	În a doua parte a zilei vin ploi zgomotoase, mai ales în Carpații Occidentali și în Carpații Meridionali.	masc	Florin Busuioc	negativ
214_5.wav	Pot să fie peste patruzeci de litri de apă pe metru pătrat, e și un cod galben în sensul acesta.	masc	Florin Busuioc	negativ
166_21.wav	Atmosfera e schimbătoare, scurte perioade cu soare,	masc	Florin Busuioc	negativ
90_24.wav	Poate să cadă și grindină.	masc	Florin Busuioc	negativ
236_29.wav	Cea mai mare temperatură din zonă.	masc	Florin Busuioc	pozitiv
81_27.wav	În Oltenia urmează încă o zi neplăcută.	masc	Florin Busuioc	negativ
78_29.wav	În Oltenia avem averse abundente, cantități de apă peste patruzeci de litri pe metru pătrat.	masc	Florin Busuioc	negativ
230_13.wav	La începutul zilei ar mai fi niște condiții de ceață, dar la amiază avem soare și foarte plăcută atmosfera cu cincisprezece grade la Baia Mare.	masc	Florin Busuioc	pozitiv
299_31.wav	La noapte unu grade în centru Bucureștiului, la marginea orașului minus două, poate că apare și puțină brumă,	masc	Florin Busuioc	negativ
87_13.wav	Se vor strânge peste douăzeci și cinci - patruzeci de litri de apă pe metru pătrat și pe spații mici o să cadă grindină.	masc	Cosmin Stan	negativ
343_44.wav	Se depune strat nou de zăpadă pe creste. Viscol puternic rafale de peste o sută de kilometri pe oră.	masc	Florin Busuioc	negativ
374_7.wav	Vântul e mai insistent, doi-trei fulgi de zăpadă dimineața,	masc	Florin Busuioc	negativ
20_24.wav	În vest, foarte cald, temperaturile se apropie de pragul caniculei.	masc	Florin Busuioc	pozitiv
327_28.wav	Norii se risipesc mai spre seară, iar la noapte apar ceva condiții de ceață și temperatura coboară până pe la două-trei grade.	masc	Cosmin Stan	negativ
48_34.wav	Sunt masive în care se pot strânge peste douăzeci și cinci de litri de apă pe metru pătrat.	masc	Florin Busuioc	negativ
209_21.wav	Temperaturile ajung undeva pe la douăzeci, poate chiar douăzeci și unu de grade pe la Drobeta-Turnu Severin și Târgu Jiu	masc	Florin Busuioc	pozitiv
342_13.wav	În centru și pe partea nordică continuă să ningă abundent,	masc	Cosmin Stan	negativ
138_29.wav	către după masă seara, douăzeci și șapte, poate chiar douăzeci și opt de grade în zona Giurgiului,	masc	Florin Busuioc	pozitiv
384_1.wav	Și vântul rămâne destul de insistent în aceași zonă, maximele pleacă de pe la minus șase grade la Miercurea Ciuc și Brașov	masc	Florin Busuioc	negativ
372_11.wav	Temperaturile urcă până la opt grade la Slobozia, Călărași și Constanța.	masc	Florin Busuioc	pozitiv
395_16.wav	Sunt posibile precipitații slabe, apare și soarele printre nori și vântul agită atmosfera.	masc	Florin Busuioc	negativ
333_26.wav	prin vestul provinciei și la munte poate fi puțină lapoviță.	masc	Florin Busuioc	negativ
162_22.wav	La București, încă o zi rece, pentru luna mai, pe timpul zilei se mai adună norii, s-ar putea să și picure un pic și un pic de tot crește temperatura,	masc	Florin Busuioc	negativ
3_44.wav	La mare atmosferă însorită va fi foarte cald, disconfortul termic rămâne ridicat,	masc	Florin Busuioc	pozitiv
166_9.wav	Cel mult cincisprezece grade, pe la Buzău și Brăila. Soarele apare doar trecător,	masc	Florin Busuioc	pozitiv
321_34.wav	Norii apar doar așa în treacăt. Avem o atmosferă cu soare, vânt mai insistent.	masc	Florin Busuioc	pozitiv
166_14.wav	Paisprezece grade pe la Iași, astăzi la prânz, înnorări din când în când, ceva stropi de ploaie,	masc	Florin Busuioc	negativ
74_9.wav	Se ating vreo treizeci de grade la umbră, iar mai târziu crește instabilitatea.	masc	Cosmin Stan	negativ
295_22.wav	La noapte se răcește din nou și temperaturile coboară până la minus cinci grade în zona Miercurea-Ciuc.	masc	Cosmin Stan	negativ
251_21.wav	Predomină vremea închisă, precipitațiile apar doar așa, izolat, vântul bate nervos, poate că ajunge la viteze de șaptezeci și cinci de kilometri pe oră	masc	Florin Busuioc	negativ
81_31.wav	Prin acumulare se pot aduna cantități de peste optzeci de litri pe metru pătrat. Vremea rămâne răcoroasă.	masc	Florin Busuioc	negativ
364_0.wav	Astăzi avem soare în sud, avem soare și prin partea estică, însă în zona intracarpatică, în centru, nord, vest și pe la munte, norii se adună la a doua parte a zilei și vin precipitații slabe.	masc	Florin Busuioc	negativ
24_9.wav	Vor fi treizeci - treizeci și două de grade pe la amiază.	masc	Cosmin Stan	pozitiv
275_31.wav	La munte plouă destul de mult, vântul bate cu putere, pe zonele înalte rafalele depășesc nouăzeci, o sută de kilometri pe oră și e lapoviță chiar ninsoare.	masc	Florin Busuioc	negativ
68_25.wav	În București vremea e schimbătoare, avem și câteva serii de averse, undeva pe la douăzeci și opt de grade se opresc temperaturile.	masc	Florin Busuioc	negativ
110_10.wav	Vedeți pe la Cluj, pe acolo apar averse, abundente, pot să se producă și vijelii, e posibil să plouă puțin și prin Maramureș, unde se ating douăzeci și opt de grade pe la Baia Mare, Satu Mare.	masc	Florin Busuioc	negativ
369_10.wav	Pe timpul nopții cer variabil, minimele coboară până la minus șase grade.	masc	Florin Busuioc	negativ
255_2.wav	Maximele pleacă de la zero grade în zona depresionară și vor ajunge pe la unsprezece, poate douăsprezece grade în extremitatea sudică a țării.	masc	Florin Busuioc	negativ
174_33.wav	Cincisprezece la Păltiniș, șaisprezece la Stâna de Vale și la Predeal, șaptesprezece grade.	masc	Florin Busuioc	pozitiv
162_23.wav	Ajungem pe la șaptesprezece grade, la noapte mai sunt ceva înnorări și minima ajunge la șapte grade, presiune normală staționară.	masc	Florin Busuioc	pozitiv
389_24.wav	Se răcește foarte tare și pe aici, în miezul zilei, maximele ajung la minus trei grade,	masc	Cosmin Stan	negativ
200_24.wav	În sudul țării vremea e ceva mai bună în ansamblu, doar la deal și la munte, mai pe seară vor veni niște averse,	masc	Florin Busuioc	negativ
393_19.wav	În jumătatea sud-estică mai apar câteva ninsori slabe, iar vântul se intensifică în cea mai mare parte a țării.	masc	Cosmin Stan	negativ
20_10.wav	Dobrogea și Bărăganul. Aici continuă să fie frumos. Mai cald ca ieri.	masc	Florin Busuioc	pozitiv
241_2.wav	Acum dimineața e ceață în zonele joase și au fost emise și avertizări în acest sens.	masc	Cosmin Stan	negativ
218_14.wav	Temperaturile sunt modeste, undeva pe la zece grade la Suceava și numai mult de paisprezece grade la Bacău și Iași.	masc	Florin Busuioc	pozitiv
154_9.wav	Excepție face sud-vestul țării, pe unde se face mai răcoare decât astăzi.	masc	Cosmin Stan	negativ
85_7.wav	Mai sus în Moldova sudică și în nordul Munteniei o să vină câteva reprize de ploaie, în special în zonele mai înalte.	masc	Cosmin Stan	negativ
3_8.wav	Pe litoral e mai bine, acolo într-adevăr temperaturile sunt undeva între douăzeci și șapte și cel mult treizeci și unu de grade	masc	Florin Busuioc	pozitiv
236_15.wav	Maximele undeva pe la douăsprezece grade se vor opri în toată provincia.	masc	Florin Busuioc	negativ
267_5.wav	vremea, ieri a fost o zi foarte rece, ninsori în unele zone, astăzi temperaturile se duc până în unsprezece grade,	masc	Florin Busuioc	negativ
16_7.wav	La amiază avem soare, vreme frumoasă, treizeci și două de grade la Focșani și Brăila.	masc	Florin Busuioc	pozitiv
20_37.wav	treizeci și patru grade la umbră. Mai pe după-amiază se înmulțesc norii	masc	Florin Busuioc	pozitiv
3_2.wav	Cele mai mici valori de douăzeci și șapte de grade se înregistrează pe la Vama Veche în sudul litoralului.	masc	Florin Busuioc	pozitiv
234_24.wav	La amiază temperaturile ajung aproape în toată provincia pe la cincisprezece grade.	masc	Florin Busuioc	pozitiv
35_14.wav	iar în rest soare și temperaturi până la treizeci și patru de grade pe la Bacău.	masc	Florin Busuioc	pozitiv
138_30.wav	Și la București se încălzește astăzi. Avem douăzeci și șapte, douăzeci și opt de grade și în București,	masc	Florin Busuioc	pozitiv
130_8.wav	Până atunci vremea arată bine, e frumoasă, maximele și pe aici ajung pe la douăzeci și șase de grade la Baia Mare.	masc	Florin Busuioc	pozitiv
301_11.wav	Maximele tot așa, mai mici decât ieri, ajung la nouă grade în aproape toată provincia.	masc	Florin Busuioc	pozitiv
87_19.wav	Pe aici aversele destul de abundente apar mai mult pe partea vestică și pe la munte.	masc	Cosmin Stan	negativ
48_27.wav	În sudul României avem scurte perioade cu soare.	masc	Florin Busuioc	pozitiv
198_30.wav	Temperaturile vor ajunge undeva pe la nouăsprezece grade în Lunca Dunării la Giurgiu.	masc	Florin Busuioc	pozitiv
293_31.wav	Mai către seară și la noapte poate că vor fi niște ploi slabe, mai pe la poale, așa în zonele înalte, lapoviță poate chiar ninsoare.	masc	Florin Busuioc	negativ
24_16.wav	și în jur de treizeci și două de grade prin Crișana și în Banat nu vorbim deloc despre ploi	masc	Cosmin Stan	pozitiv
74_12.wav	Se arată trecător și soarele, iar maximele ajung până la douăzeci și opt de grade la Iași.	masc	Cosmin Stan	pozitiv
236_21.wav	În Transilvania dimineața e rece, temperaturile sunt sub zero grade.	masc	Florin Busuioc	negativ
301_18.wav	Vântul agită atmosfera în toată provincia.	masc	Florin Busuioc	negativ
357_2.wav	Pe la munte e lapoviță chiar ninsoare, vântul bate tare în cea mai mare parte a țării,	masc	Florin Busuioc	negativ
389_9.wav	Se răcește și mai sus în Moldova sudică și în nordul Munteniei.	masc	Cosmin Stan	negativ
107_37.wav	Vedem că peste tot, în toată zona de munte plouă, va fi și grindină.	masc	Florin Busuioc	negativ
209_16.wav	La munte, la altitudini mari, poate fi lapoviță chiar ninsoare	masc	Florin Busuioc	negativ
68_14.wav	Maximele ajung pe la douăzeci și șapte de grade pe la Baia Mare. Eu o zi destul de plăcută, însorită.	masc	Florin Busuioc	pozitiv
285_9.wav	Poate că vine și o ploaie de scurtă durată așa. În ansamblu însă vremea e bună, temperaturile cresc.	masc	Florin Busuioc	pozitiv
277_25.wav	Soare, vreme mai bună în celelalte masive, dar temperaturile încep să scadă, iar vântul prinde putere și atinge viteze de șaizeci-optzeci de kilometri pe oră.	masc	Cosmin Stan	negativ
374_33.wav	Condiții se fulguiască ușor ar fi, apoi se arată soarele, vântul devine activ și maxima ajunge undeva pe la șase grade,	masc	Florin Busuioc	negativ
275_27.wav	Pe la București mai avem încă o zi caldă. Astăzi mai e cald, douăzeci de grade.	masc	Florin Busuioc	pozitiv
74_10.wav	Apar mai multe serii de averse cu tunete, fulgere și rafale puternice de vânt. Și în jumătatea nordica Moldovei și în Bucovina	masc	Cosmin Stan	negativ
90_23.wav	În Transilvania avem perioade cu averse consistente, zgomotoase, cu descărcări electrice.	masc	Florin Busuioc	negativ
366_16.wav	Avem și perioade cu soare după aceea mai târziu, până la nouă grade în termometre în zona Satu Mare, acolo e cel mai cald.	masc	Florin Busuioc	pozitiv
366_9.wav	Norii apar destul de rar, vântul se întețește pe crestele Carpaților de Curbură aici,	masc	Florin Busuioc	negativ
43_28.wav	Avem și un cer senin în cea mai mare parte a zilei, către noapte, în vestul Munteniei,	masc	Florin Busuioc	pozitiv
48_13.wav	Maximele undeva pe la nouăsprezece grade, vedeți la Suceava, cel mult douăzeci și patru pe la Iași.	masc	Florin Busuioc	pozitiv
26_4.wav	Începem cu Dobrogea și Bărăgan. Pe aici se mai adună norii, o să plouă din când în când, iar vântul o să bată destul de tare pe parcursul zilei.	masc	Cosmin Stan	negativ
386_22.wav	La altitudini mari vântul ajunge la viteze de șaptezeci de kilometri pe oră, va fi sigur viscol în aceste condiții, vizibilitatea scade foarte mult,	masc	Florin Busuioc	negativ
97_27.wav	Aceste ploi vin cu fenomene electrice și cădere de grindină și vântul bate tare aici în sudul Banatului,	masc	Florin Busuioc	negativ
369_2.wav	Sunt condiții de burniță, poate fulguieli, pe la munte poate ninge un pic de tot în zonele joase.	masc	Florin Busuioc	negativ
190_22.wav	Vântul adie plăcut mai pe după ce se lasă noaptea, vin și câteva ploi slabe în această zonă.	masc	Florin Busuioc	pozitiv
295_28.wav	În București, norii se risipesc treptat, așa că la amiază avem soare și vreme bună, vântul adie plăcut și se încălzește ușor.	masc	Cosmin Stan	pozitiv
267_27.wav	Un aer mai cald pătrunde și în sud, maximele ajung la paisprezece grade prin zona Giurgiului.	masc	Florin Busuioc	pozitiv
343_7.wav	În sudul și-n estul țării apare trecător așa soarele.	masc	Florin Busuioc	pozitiv
182_43.wav	În stațiuni, maximele ajung la optsprezece grade, dar apa mării rămâne rece, doar douăsprezece grade va avea pe la Costinești și pe la Neptun.	masc	Florin Busuioc	pozitiv
83_32.wav	În schimb la mare e foarte frumoasă vremea, soarele strălucește în cea mai mare parte a zilei,	masc	Florin Busuioc	pozitiv
138_14.wav	Atmosfera e însorită până de seară. Atunci, mai pe seară, se adună norii	masc	Florin Busuioc	negativ
333_38.wav	În rest, cerul e mai mult înnorat, în Munții Banatului, în Meridionali poate și în Apuseni, puțină lapoviță.	masc	Florin Busuioc	negativ
85_2.wav	Pe unde se vor strânge peste cincizeci de litri de apă pe metru pătrat. Pe seara e posibil să plouă și în restul țării.	masc	Cosmin Stan	negativ
366_24.wav	La amiază vor fi nouă grade pe la Alba Iulia, însă la noapte minime le ajung din nou la pragul gerului în zona aceasta depresionară.	masc	Florin Busuioc	negativ
68_16.wav	În vestul țării găsim vreme frumoasă, se face destul de cald după prânz, temperaturile se duc până la douăzeci și nouă de grade la Arad și Timișoara.	masc	Florin Busuioc	pozitiv
241_8.wav	Noaptea ne aduce vreme foarte rece în centrul și în nord-estul țării, pe acolo temperaturile coboară sub pragul înghețului și ajung la minus patru, minus cinci grade Celsius.	masc	Cosmin Stan	negativ
1_45.wav	în Semenic, douăzeci și patru Păltiniș, Stâna de Vale douăzeci și șase, Predeal douăzeci și șapte. La mare exagerat de cald.	masc	Florin Busuioc	pozitiv
395_4.wav	La noapte ninsorile cuprind aproape toată țara.	masc	Florin Busuioc	negativ
107_18.wav	Când norii se mulțesc, plouă torențial, averse, cu fenomene meteo severe,	masc	Florin Busuioc	negativ
170_2.wav	În nord-vest și în zona centrală, aversele vin cu descărcări electrice, poate că va fi chiar grindină.	masc	Florin Busuioc	negativ
255_5.wav	Astăzi nu sunt mai mult de unsprezece grade în regiune, din cauza vântului însă se vor resimți temperaturi mult mai scăzute de atât.	masc	Florin Busuioc	negativ
3_28.wav	Vor fi mai multe perioade cu soare, însă apar și ceva fenomene, averse,	masc	Florin Busuioc	negativ
22_9.wav	Vântul e mai insistent în zona litoralului.	masc	Florin Busuioc	negativ
92_14.wav	Avem însă și perioade cu soare pe timpul zilei și maximele se opresc la douăzeci și șase de grade pe la Bistrița.	masc	Florin Busuioc	pozitiv
295_16.wav	Se mai încălzește și în ținuturile vestice.	masc	Cosmin Stan	pozitiv
45_31.wav	Și în Sud se mai încălzește puțin, maximele ajung la treizeci și unu de grade probabil prin zona Giurgiu-Alexandria.	masc	Florin Busuioc	pozitiv
321_16.wav	În nordul Transilvaniei și în Maramureș nu vedem soarele și și plouă din când în când.	masc	Florin Busuioc	negativ
128_2.wav	În majoritatea zonelor e mai cald decât ar fi normal pentru această perioadă.	masc	Florin Busuioc	pozitiv
99_19.wav	Vântul bate tare în sudul Banatului, însă are intensificări și pe timpul ploilor, douăzeci și șapte de grade la Timișoara și la Deva.	masc	Florin Busuioc	negativ
293_12.wav	Mai pe după prânz termometrele vor arăta vreo șaisprezece, până în șaisprezece grade în zona Vaslui e cel mai cald.	masc	Florin Busuioc	pozitiv
154_2.wav	O să plouă puțin în ținuturile vestice, dar s-ar putea să vină o ploaie de scurtă durată și prin celelalte regiuni.	masc	Cosmin Stan	negativ
266_40.wav	Temperaturile sunt în creștere față de noaptea trecută, opt grade Celsius,	masc	Florin Busuioc	pozitiv
172_1.wav	În sud-estul țării vântul bate cam nervos și maximele pleacă de la cincisprezece grade la Miercurea-Ciuc până la douăzeci și patru de grade pe la Timișoara și Oradea.	masc	Florin Busuioc	negativ
378_30.wav	Și avem minus un grad la Păltiniș, minus două la Stâna de Vale, minus patru în Semenic, minus cinci la Predeal, iar în Ceahlău minus șapte grade.	masc	Florin Busuioc	negativ
30_23.wav	Pe aici se simte disconfortul termic, mai vin niște averse, abundente, iar pe timpul ploilor pot să apară și vijelii.	masc	Florin Busuioc	negativ
243_23.wav	Vântul e mai insistent și la noapte poate că va fi un pic de lapoviță în partea vestică a provinciei	masc	Florin Busuioc	negativ
24_17.wav	și nici vântul nu prea se simte. În Transilvania este răcoare acum dimineață, mai ales în zona depresionară.	masc	Cosmin Stan	pozitiv
26_25.wav	Și pe litoral avem o zi cam agitată din cauza vântului, mai pot apărea câteva ploi și aici,	masc	Cosmin Stan	negativ
214_20.wav	Temperaturile ajung, e adevărat, pe la șaptesprezece, poate chiar optsprezece grade,	masc	Florin Busuioc	pozitiv
157_6.wav	Temperaturile rămân undeva la valori de aprilie, undeva pe la optsprezece-nouăsprezece grade la Galați și Brăila e cel mai cald.	masc	Florin Busuioc	pozitiv
255_1.wav	Va fi și vânt puternic, vor fi și precipitații în toate zonele,	masc	Florin Busuioc	negativ
110_9.wav	În nordul Transilvaniei și în Maramureș, avem soare, o atmosferă foarte plăcută în prima parte a zilei, după care, după masă și către seară, revine instabilitatea în zona Transilvaniei.	masc	Florin Busuioc	pozitiv
218_6.wav	Pe aici, puțin așa apare soarele, însă mai către seară și la noapte apar averse zdravene, consistente.	masc	Florin Busuioc	negativ
141_1.wav	Ploile o să apară în special pe partea vestică a României.	masc	Florin Busuioc	negativ
266_24.wav	Picură puțin, așa, trecător, vor fi și perioade cu soare,	masc	Florin Busuioc	pozitiv
209_23.wav	Până la ora nouă, cod galben de ceață densă pentru județele Giurgiu, Ilfov, Teleorman și Dâmbovița	masc	Florin Busuioc	negativ
68_9.wav	Temperaturile scad și aici. Ieri au fost treizeci și unu de grade, astăzi n-avem mai mult de douăzeci și șase de grade la Buzău și Brăila.	masc	Florin Busuioc	negativ
305_8.wav	Partea vestică a țării are o zi foarte frumoasă, soare, poate câțiva nori decorativi așa și temperaturi nefiresc de mari pentru data din calendar, undeva până în douăzeci de grade se pot atinge pe timpul zilei,	masc	Florin Busuioc	pozitiv
13_16.wav	Pot să se strângă peste patruzeci de litri de apă pe metru pătrat.	masc	Florin Busuioc	negativ
22_29.wav	Amiaza ne aduce vreme foarte călduroasă.	masc	Florin Busuioc	pozitiv
22_6.wav	Vedem cum arată vremea în fiecare regiune. În Dobrogea și în Bărăgan, în primul rând, continuă să fie vreme frumoasă.	masc	Florin Busuioc	pozitiv
90_4.wav	Maximele pleacă de pe la douăzeci și unu de grade în zona litoralului, e cel mai răcoare.	masc	Florin Busuioc	negativ
182_35.wav	La noapte se înseninează complet și temperatura coboară până la opt grade,	masc	Florin Busuioc	pozitiv
266_32.wav	Vor fi temperaturi de nouăsprezece-douăzeci grade chiar pe la Drobeta-Turnu Severin,	masc	Florin Busuioc	pozitiv
214_29.wav	Apar mai multe reprize cu ploi, în Carpații Meridionali se așteaptă douăzeci de litri de apă pe metru pătrat,	masc	Florin Busuioc	negativ
384_14.wav	În vest nori apar sporadic dar și pe aici e destul de frig și maximele se opresc undeva pe la zero grade pe la Arad, Timișoara și Deva	masc	Florin Busuioc	negativ
357_17.wav	În nordul Transilvaniei și în Maramureș cam neplăcută vremea și pe aici se răcește,	masc	Florin Busuioc	negativ
299_23.wav	Urmează o noapte foarte rece, va fi ger în depresiuni, minus zece grade Celsius, deci foarte rece.	masc	Florin Busuioc	negativ
99_27.wav	Avem și pe aici douăzeci și șase de grade. În sudul țării continuă vremea frumoasă,	masc	Florin Busuioc	pozitiv
230_15.wav	Iar mai către seară în sudul Banatului vântul începe să fie mai nervos.	masc	Florin Busuioc	negativ
43_20.wav	dar după aceea soarele încălzește atmosfera, vedeți că se ating douăzeci și nouă de grade,	masc	Florin Busuioc	pozitiv
198_19.wav	Vreme cam închisă și în zona Transilvaniei, cel mai mult o să plouă pe la munte,	masc	Florin Busuioc	negativ
301_26.wav	Undeva pe la opt grade se opresc maximele la Râmnicu Vâlcea și e o valoare sub normalul perioadei și aceasta,	masc	Florin Busuioc	negativ
61_2.wav	iar maximele pleacă de pe la douăzeci și cinci de grade pe litoral și o să ajungă undeva pe la treizeci și trei, chiar treizeci și patru, au spus meteorologii,	masc	Florin Busuioc	pozitiv
166_16.wav	Apare puțin soarele printre nori și nu prea sunt semne de ploaie, vremea însă e rece,	masc	Florin Busuioc	pozitiv
285_12.wav	Acum dimineață e ceață în zonele de câmpie, dar la amiază soare și până la douăzeci de grade pe la Iași.	masc	Florin Busuioc	negativ
351_14.wav	Poate va fi un pic de lapoviță sau chiar ninsoare la munte, maximele nu trec de nouă, poate zece grade pe la Târgu Mureș, la noapte se face frig,	masc	Florin Busuioc	negativ
190_13.wav	Vremea însă rămâne rece pentru data din calendar, maximele nu trec de treisprezece grade.	masc	Florin Busuioc	negativ
166_27.wav	ba poate chiar ninsoare. În Oltenia se adună norii și poate picură trecător, din când în când,	masc	Florin Busuioc	negativ
338_9.wav	În jumătatea nordică a Moldovei și în Bucovina, temperaturile cresc un pic, dar atmosfera rămâne închisă. Va fi rece.	masc	Florin Busuioc	negativ
168_31.wav	Și în București se schimbă vremea și pe aici se răcește, plouă, vântul bate cam nervos.	masc	Florin Busuioc	negativ
168_12.wav	Mai rece se face, la Suceava doar șase grade. Asta e o temperatură de decembrie.	masc	Florin Busuioc	negativ
236_28.wav	Până atunci vremea e bună, soare cu nori, temperaturi potrivite pentru acest moment al anului, la Ploiești șaptesprezece grade,	masc	Florin Busuioc	pozitiv
141_2.wav	Vântul bate tare pe partea sud-estică și pe la munte.	masc	Florin Busuioc	negativ
357_16.wav	Temperaturile scad, se vor opri tot așa pe la nouă grade pe la Bacău,	masc	Florin Busuioc	pozitiv
141_29.wav	În schimb pe la Craiova vreo optsprezece grade cel mult.	masc	Florin Busuioc	pozitiv
168_29.wav	Temperaturile scad și pe aici destul de tare.	masc	Florin Busuioc	negativ
180_26.wav	Și la munte găsim vreme frumoasă, avem temperaturi potrivite pentru începutul lunii mai.	masc	Florin Busuioc	pozitiv
83_3.wav	Maximul le pleacă de pe la cincisprezece-șaisprezece grade în Bucovina, acolo e cel mai rece,	masc	Florin Busuioc	negativ
13_45.wav	Aerul se vor atinge patruzeci de grade la umbră.	masc	Florin Busuioc	negativ
190_2.wav	Vântul bate tare pe crestele munților în est și în sud-est.	masc	Florin Busuioc	negativ
243_2.wav	Iar în celelalte zone mai sunt niște ploi slabe, maximele pleacă de la trei grade în zonele vestice, pe la Oradea	masc	Florin Busuioc	negativ
119_17.wav	Zece grade în Ceahlău, paisprezece în Semenic, șaisprezece la Păltiniș, Stâna de Vale și Predeal, șaptesprezece grade.	masc	Florin Busuioc	pozitiv
125_11.wav	Cu tunete, fulgere și vânt puternic, maxime între douăzeci și patru pe la Suceava, Piatra Neamț, până la douăzeci și șapte la Iași și la Bacău.	masc	Florin Busuioc	negativ
10_23.wav	În Transilvania temperaturile scad un pic, vor fi cel mult treizeci de grade pe la Alba Iulia.	masc	Florin Busuioc	pozitiv
107_24.wav	În Transilvania găsim tot așa vreme instabilă, plouă torențial, va tuna, vor fi fulgere grindină, vijelii.	masc	Florin Busuioc	negativ
218_27.wav	Cu greu se pot atinge treisprezece grade pe la Drobeta-Turnu Severin.	masc	Florin Busuioc	negativ
68_24.wav	În toată provincia e această situație, temperaturile cam la fel ca ieri ajung la douăzeci și opt, chiar douăzeci și nouă de grade pe la Giurgiu.	masc	Florin Busuioc	pozitiv
35_24.wav	Apare așa puțin și soarele printre nori și temperaturile ajung pe la douăzeci și nouă de grade la Craiova.	masc	Florin Busuioc	pozitiv
285_14.wav	Soarele însă va încălzi rapid atmosfera, vântul adie plăcut, temperaturi de șaptesprezece, poate chiar optsprezece grade pe la Satu Mare.	masc	Florin Busuioc	pozitiv
45_11.wav	Soare, vreme bună, doi-trei nori decorativi, așa, după prânz nu sunt semne de ploaie.	masc	Florin Busuioc	pozitiv
374_21.wav	Undeva pe la șase grade la Timișoara.	masc	Florin Busuioc	pozitiv
138_21.wav	Transilvania, după-amiază, are parte de înnorări și ploi,	masc	Florin Busuioc	negativ
372_17.wav	Se anunță o zi cam închisă, tot așa mohorâtă, în norări, plouă poate puțină, lapoviță.	masc	Florin Busuioc	negativ
234_28.wav	Mergem în Oltenia, ziua de astăzi ne aduce soare în foarte multe zone, e o încălzire ușoară a vremii,	masc	Florin Busuioc	pozitiv
267_9.wav	Se vor atinge douăsprezece grade la Focșani, Buzău și Brăila.	masc	Florin Busuioc	pozitiv
92_28.wav	Pe litoral urmează o zi cu soare, cu vreme de plajă, vreme superbă, vântul bate un pic mai nervos din când în când, nu tot timpul, și temperaturile ajung la valori foarte agreabile, douăzeci și patru de grade.	masc	Florin Busuioc	pozitiv
53_3.wav	Și o să vedem cum arată vremea în fiecare regiune în parte. Dobrogea și Bărăgan. Pe aici e vreme destul de bună.	masc	Florin Busuioc	pozitiv
61_19.wav	În Transilvania norii se înmulțesc treptat și în a doua parte a zilei vin reprize de ploaie cu tunete, cu fulgere, sunt zone în care se pot strânge cantități mari de apă,	masc	Florin Busuioc	negativ
198_38.wav	și temperaturile scad, în special pe masivele vestice.	masc	Florin Busuioc	negativ
1_38.wav	Către seară e posibil să apară niște manifestări de instabilitate, adică intensificări de vânt, descărcări electrice.	masc	Florin Busuioc	negativ
285_7.wav	Doar pe litoral e un pic mai răcoare, douăsprezece-treisprezece grade.	masc	Florin Busuioc	negativ
266_17.wav	Apare puțin soarele, se face un pic mai cald decât a fost ieri,	masc	Florin Busuioc	pozitiv
343_20.wav	Se arată însă și soarele pe timpul zilei. Vântul poate să ajungă la viteze de șaizeci de kilometri pe oră.	masc	Florin Busuioc	negativ
349_8.wav	Domină atmosfera închisă și poate și pe aici să picure trecător.	masc	Florin Busuioc	negativ
293_17.wav	În Transilvania acum dimineață e destul de frig mai ales în zona depresionară.	masc	Florin Busuioc	negativ
378_20.wav	Vântul mai are ceva porniri pe creste, la noapte revine gerul și temperaturile se vor apropia din nou de minus douăzeci și cinci de grade	masc	Florin Busuioc	negativ
285_15.wav	Valori mai potrivite pentru aprilie decât pentru luna martie.	masc	Florin Busuioc	pozitiv
266_3.wav	Astăzi avem o încălzire în cea mai mare parte a țării. În jumătatea nord-estică e înnorat plouă, vedeți.	masc	Florin Busuioc	negativ
3_9.wav	și vântul e mai nervos, mai insistent, asta mai ajută puțin.	masc	Florin Busuioc	negativ
45_16.wav	însă la Iași și la Bacău se vor atinge douăzeci și nouă de grade.	masc	Florin Busuioc	pozitiv
372_12.wav	Valori mari pentru mijlocul lunii februarie. Ar trebui să fie vreo cinci-șase grade cel mult.	masc	Florin Busuioc	pozitiv
144_19.wav	Vântul bate nervos din când în când și temperaturile scad un pic, cel mult douăzeci de grade pe la Râmnicu Vâlcea, dar în această provincie,	masc	Florin Busuioc	negativ
78_30.wav	Și aceste ploi vin cu fenomene meteo severe, cu grindină, cu vijelii.	masc	Florin Busuioc	negativ
78_43.wav	Maximele se duc până la douăzeci și șase de grade, apa douăzeci și două de grade.	masc	Florin Busuioc	pozitiv
115_4.wav	Plouă slab, dar așa, pe suprafețele strânse avem și perioade cu soare și se face puțin mai cald, adică undeva pe la douăzeci și patru de grade la Slobozia, Călărași și Tulcea.	masc	Florin Busuioc	pozitiv
99_9.wav	Mai sus, în Moldova sudică și în nordul Munteniei, continuă vremea frumoasă.	masc	Florin Busuioc	pozitiv
162_25.wav	la altitudini mari, lapoviță poate chiar ninsoare, vântul bate tare pe creste, mai ales în masivele sud-vestice.	masc	Florin Busuioc	negativ
249_27.wav	Minus unu la Păltiniș, la Predeal zero grade Celsius.	masc	Florin Busuioc	negativ
182_15.wav	În nordul Transilvaniei și în Maramureș parcă e mai bine, puțin mai cald,	masc	Florin Busuioc	pozitiv
141_40.wav	Treisprezece la Păltiniș, la Stâna de Vale și la Predal, cincisprezece grade.	masc	Florin Busuioc	pozitiv
13_31.wav	După ce se risipește ceața, soarele încălzește rapid atmosfera.	masc	Florin Busuioc	pozitiv
59_26.wav	Transilvania, astăzi se încălzește și în Transilvania, vor fi treizeci și patru de grade pe la Alba Iulia,	masc	Florin Busuioc	pozitiv
230_8.wav	Temperaturi în creștere simțitoare, ieri au fost douăsprezece grade, astăzi avem șaptesprezece, chiar optsprezece grade în cea mai mare parte a provinciei.	masc	Florin Busuioc	pozitiv
301_29.wav	La București se răcește simțitor, ieri au fost cincisprezece grade, azi avem nouă,	masc	Florin Busuioc	negativ
168_15.wav	Ceva mai bine o să fie prin zona Maramureșului, unde poate că apare trecător soarele așa.	masc	Florin Busuioc	pozitiv
174_6.wav	Dobrogea și Bărăganul, avem vreme frumoasă aici, vor fi și câțiva nori, temperaturile cresc un pic,	masc	Florin Busuioc	pozitiv
222_6.wav	Din păcate poate să fie și grindină în unele locuri.	masc	Florin Busuioc	negativ
35_21.wav	Vor fi perioade cu înnorări, vom avea și ploi zgomotoase,	masc	Florin Busuioc	negativ
222_38.wav	La București astăzi se mai răcorește, avem cel mult șaptesprezece grade, cerul rămâne acoperit, mai vin niște serii de averse zgomotoase și consistente	masc	Florin Busuioc	negativ
81_20.wav	Dar și în estul și în sudul Banatului mai vin mai multe reprize ploi torențiale,	masc	Florin Busuioc	negativ
182_20.wav	Pot să se înregistreze până în douăzeci și cinci de grade Celsius în zonă,	masc	Florin Busuioc	pozitiv
266_10.wav	Mai sus, în Moldova sudică și nordul Munteniei, ziua e închisă, mohorâtă, vântul e activ,	masc	Florin Busuioc	negativ
198_20.wav	unde pot să se strângă peste patruzeci de litri de apă pe metru pătrat.	masc	Florin Busuioc	negativ
1_23.wav	Temperaturile scad un pic în vest, dar disconfortul termic rămâne ridicat. Norii apar rar.	masc	Florin Busuioc	pozitiv
30_22.wav	În Oltenia vremea e mai caldă, undeva până în treizeci și două de grade pe la Craiova și din cauza umezelii.	masc	Florin Busuioc	pozitiv
230_6.wav	mai sus în Moldova sudică și în nordul Munteniei ar fi niște condiții de ploaie dimineață,	masc	Florin Busuioc	negativ
43_35.wav	cu grindină, șaptesprezece grade în Ceahlău, douăzeci în Semenic, douăzeci și două Păltiniș,	masc	Florin Busuioc	negativ
212_22.wav	Nici Oltenia nu scapă de ploi, pe aici apar averse cu descărcări electrice, pot să fie cantități mari de apă.	masc	Florin Busuioc	negativ
78_0.wav	Să știți că astăzi e cam instabilă vremea în cea mai mare parte a țării.	masc	Florin Busuioc	negativ
395_20.wav	La noapte însă ninge serios și se depune strat de zăpadă.	masc	Florin Busuioc	negativ
369_20.wav	În sud-vestul țării se anunță soare, o atmosferă foarte plăcută, cer senin în general.	masc	Florin Busuioc	pozitiv
266_4.wav	În rest, hai să zicem că vremea ar fi un pic mai bună. Apar niște ploi sporadice,	masc	Florin Busuioc	negativ
198_29.wav	condiții de grindină, vânt cam intens.	masc	Florin Busuioc	negativ
384_27.wav	La București urmează opt grade cu minus bineînțeles, la București urmează o zi însorită, rece, două grade cel mult pe la prânz	masc	Florin Busuioc	negativ
275_32.wav	La noapte se răcește accentuat, ninge în majoritatea masivelor și pe creste e viscol puternic.	masc	Florin Busuioc	negativ
61_27.wav	pe stațiunile din nord mai cald. Mai pe seară e posibil să vină o ploaie așa de scurtă durată, apa măria ajunge, iată, astăzi la douăzeci și patru de grade, deci mai caldă decât s-a prevăzut ieri că va fi apa.	masc	Florin Busuioc	negativ
97_45.wav	În nordul Carpaților Orientali, mai pot să fie acumulări de douăzeci de litri de apă pe metru pătrat,	masc	Florin Busuioc	negativ
30_5.wav	Astăzi nu avem mai mult de treizeci - treizeci și unu de grade pe la Călărași și Constanța e cel mai cald.	masc	Florin Busuioc	pozitiv
236_25.wav	După-amiază sunt zone în care vor fi averse, probabil cu fenomene electrice.	masc	Florin Busuioc	negativ
157_24.wav	În zonele înalte poate fi lapoviță, poate chiar ninsoare, mai sus pe creste și vântul bate tare în munții Banatului și vestul Meridionalilor, unde rafalele depășesc șaptezeci de kilometri pe oră.	masc	Florin Busuioc	negativ
20_32.wav	Pe la Drobeta-Turnu Severin treizeci și cinci grade la umbră, crește și disconfortul termic	masc	Florin Busuioc	pozitiv
141_33.wav	La București vremea e cam schimbătoare. E răcoare și aici, scurte momente cu soare.	masc	Florin Busuioc	pozitiv
13_9.wav	Căldura e sufocantă, la amiază temperaturile ajung la valori extreme.	masc	Florin Busuioc	negativ
267_2.wav	și la noapte ploile se vor extinde pe toată partea vestică, sud-vestică și pe zonele centrale.	masc	Florin Busuioc	negativ
301_10.wav	O situație asemănătoare în Moldova sudică și nordul Munteniei, e acoperit cerul de nori, plouă, vântul e cam nervos,	masc	Florin Busuioc	negativ
275_12.wav	La noapte însă se răcește și ploile se transformă în lapoviță chiar ninsoare.	masc	Florin Busuioc	negativ
338_1.wav	Adică în cea mai mare parte a țării avem temperaturi undeva de pe la două grade în zona Suceava	masc	Florin Busuioc	pozitiv
90_37.wav	Paisprezece grade în Ceahlău, cincisprezece grade în Semenic, șaptesprezece Stâna de Vale,  Păltiniș, optsprezece Predeal, douăzeci și unu de grade.	masc	Florin Busuioc	pozitiv
209_27.wav	La munte o zi cam închisă, mohorâtă, plouă, în special pe Meridionali, Carpații de Curbură pe acolo, pe creste, e mai frig	masc	Florin Busuioc	negativ
243_8.wav	Poate un pic să apară soarele, avem și câțiva nori de ploaie, maximele se opresc la unsprezece-douăsprezece grade pe la Galați și Brăila	masc	Florin Busuioc	negativ
92_9.wav	În jumătatea nordică a Moldovei și în Bucovina, temperaturile se duc până în douăzeci și șapte de grade pe la Vaslui, pe acolo e cel mai cald.	masc	Florin Busuioc	pozitiv
272_27.wav	La Arad și Timișoara e cel mai cald, să zicem, deși e frig și pe acolo.	masc	Florin Busuioc	negativ
343_46.wav	Asta înseamnă strat serios de zăpadă. Avem minus un grad în Ceahlău, unu grad cu plus la Stâna de Vale,	masc	Florin Busuioc	negativ
193_6.wav	În Dobrogea și în Bărăgan, că tot vorbeam de Bărăgan, avem o zi cam închisă, mohorâtă, nu prea vedem soarele deloc.	masc	Florin Busuioc	negativ
285_21.wav	În Oltenia mai avem ceva înnorări, va fi și ceață dimineața.	masc	Florin Busuioc	negativ
251_8.wav	Va ploua, vântul bate și aici cu putere și sporește senzația de frig	masc	Florin Busuioc	negativ
193_3.wav	Vântul bate tare în multe zone. Vremea se răcește și devine cam rece pentru perioada aceasta.	masc	Florin Busuioc	negativ
236_9.wav	Pe la amiază, maximele sunt undeva între șaisprezece și optsprezece grade la Buzău cel mai cald.	masc	Florin Busuioc	pozitiv
285_1.wav	Mai pot să apară doi-trei nori așa de ploaie.	masc	Florin Busuioc	negativ
61_20.wav	Avem și condiții de grindină, până atunci, până după masă, e o atmosferă cu soare și maximele ajung undeva pe la treizeci de grade în vestul provinciei la Târgu Mureș.	masc	Florin Busuioc	pozitiv
20_22.wav	Vântul bate domol, douăzeci și nouă - treizeci de grade prin termometre.	masc	Florin Busuioc	pozitiv
81_47.wav	Mai pe după masă, așa și seara, se adună norii și poate că vin și o aversă, două	masc	Florin Busuioc	negativ
176_0.wav	Se face mai rece în sud și în est și coboară temperaturile sub normalul acestei perioade în aceste zone.	masc	Florin Busuioc	negativ
59_27.wav	Avem mai multe perioade cu soare, însă după masă, la munte se adună și aici, la munte nori de ploaie.	masc	Florin Busuioc	negativ
321_25.wav	Vântul bate cu viteze mari de peste optzeci de kilometri pe oră. Zece grade Târgu Mureș și Brașov.	masc	Florin Busuioc	negativ
180_10.wav	Maximele ajung și aici la douăzeci de grade, vedeți, iar în nordul Transilvaniei și în Maramureși avem o zi foarte plăcută,	masc	Florin Busuioc	pozitiv
45_34.wav	Și la București se anunță o zi superbă cu vânt domol, cresc și aici temperaturile,	masc	Florin Busuioc	pozitiv
35_37.wav	În schimb, pe litoral continuă vremea frumoasă, mult mai cald decât a fost ieri.	masc	Florin Busuioc	pozitiv
90_36.wav	Vântul bate nervos pe timpul ploilor.	masc	Florin Busuioc	negativ
222_19.wav	Pot să se strângă peste douăzeci și cinci de litri de apă pe metru pătrat. Destul de mult.	masc	Florin Busuioc	negativ
10_18.wav	Iertați-mă, crește instabilitatea mai pe seară, avem averse consistente și un vânt cam intens.	masc	Florin Busuioc	negativ
78_32.wav	La amiază avem cel mult douăzeci și șapte de grade pe la Râmnicu Vâlcea.	masc	Florin Busuioc	pozitiv
144_2.wav	Cantități de apă undeva pe la treizeci și cinci și în Oltenia și vestul Munteniei chiar patruzeci de litri pe momentul pătrat izolat.	masc	Florin Busuioc	negativ
266_44.wav	La altitudini mari sigur e lapoviță chiar ninsoare, vântul bate tare pe creste,	masc	Florin Busuioc	negativ
1_4.wav	Și vor fi treizeci și nouă de grade în Oltenia și în Muntenia.	masc	Florin Busuioc	pozitiv
170_3.wav	Pe partea sudică ziua arată bine, e destul de plăcut, e mai mult soare, vântul se intensifică aici în sudul Banatului.	masc	Florin Busuioc	pozitiv
301_3.wav	Vântul bate cam nervos în vestul țării și prin zonele de munte, peste șaizeci de kilometri pe oră	masc	Florin Busuioc	negativ
372_39.wav	La munte găsim atmosferă închisă, rece, ceva ninsori slabe în masivele sudice și în cele estice,	masc	Florin Busuioc	negativ
293_8.wav	Pot fi tot așa șaptesprezece grade prin zona Buzăului.	masc	Florin Busuioc	pozitiv
230_10.wav	Norii se risipesc treptat, avem vreme frumoasă, șaptesprezece grade după prânz așa pe la Bacău,	masc	Florin Busuioc	pozitiv
372_16.wav	Iar în jumătatea nordică a Moldovei și în zona Bucovinei, temperaturile urcă până la șapte grade la Bacău.	masc	Florin Busuioc	negativ
234_19.wav	În nordul Transilvaniei și în Maramureș avem o zi destul de frumoasă, dar după masă,	masc	Florin Busuioc	pozitiv
115_12.wav	Temperaturile cresc un pic, vor fi undeva până în douăzeci și șapte de grade pe la Oradea.	masc	Florin Busuioc	pozitiv
13_24.wav	Poate să fie și grindină să se producă vijelii foarte puternice.	masc	Florin Busuioc	negativ
81_4.wav	Cu greu ajung pe la douăzeci și opt de grade în zona Bărăganului. Temperaturile.	masc	Florin Busuioc	negativ
33_12.wav	De asemeni poate scada grindină și aici maximele ajung la treizeci de grade la Arad și Timișoara. Instabilitatea persistă și în Transilvania, unde aversele pot să lase în urmă cincizeci și peste cincizeci de litri de apă pe metru pătrat.	masc	Florin Busuioc	negativ
333_39.wav	Vântul bate tare în Munții Banatului și dimineața se lasă ceața în zona depresionară.	masc	Florin Busuioc	negativ
285_6.wav	Undeva pe la șaisprezece grade vor fi pe la Slobozia și Tulcea.	masc	Florin Busuioc	pozitiv
174_19.wav	Maximele, undeva până în douăzeci și unu de grade prin vestul provinciei, pe la Alba Iulia, pe acolo, pe la Târgu Mureș.	masc	Florin Busuioc	pozitiv
374_20.wav	Atmosferă plăcută, temperaturile ajung la valori normale, potrivite pentru data din calendar,	masc	Florin Busuioc	pozitiv
343_32.wav	Însă temperaturile mai cresc un pic față de ieri. Va fi un pic mai cald decât ar fi normal.	masc	Florin Busuioc	pozitiv
343_14.wav	Și în Moldova sudică și în nordul Munteniei, vreme foarte caldă pentru momentul acesta al anului.	masc	Florin Busuioc	pozitiv
99_8.wav	Temperaturile puțin mai mari decât ieri vor ajunge pe la douăzeci și șase de grade în Bărăgan, însă la malul mări avem douăzeci-douăzeci și unu de grade.	masc	Florin Busuioc	pozitiv
138_1.wav	dar în Moldova și în Muntenia se ating douăzeci și opt de grade, deci se face mai cald decât ar fi normal.	masc	Florin Busuioc	pozitiv
214_4.wav	În Dobrogea și în Bărăgan vedem că ziua nu arată prea bine, e o zi neplăcută, plouă, vântul bate tare și cad cantități mari de apă, să știți.	masc	Florin Busuioc	negativ
97_15.wav	Se pot atinge douăzeci și opt de grade pe la Focșani,	masc	Florin Busuioc	pozitiv
78_34.wav	Pe spații mici poate fi grindină, apare și soarele printre nori, e adevărat, dar în general va fi cu ploaie.	masc	Florin Busuioc	negativ
285_20.wav	Doar la munte se mai adună ceva nori și e posibil să vină o ploaie trecătoare.	masc	Florin Busuioc	negativ
166_6.wav	Aici, atmosfera e închisă, plouă slab, vântul e destul de puternic,	masc	Florin Busuioc	negativ
301_2.wav	Pe zonele centrale, în nord-est, în dealurile vestice, e lapoviță și la munte predomină ninsorile.	masc	Florin Busuioc	negativ
366_15.wav	și asta pe suprafețe foarte restrânse, până atunci avem ceață dimineața,	masc	Florin Busuioc	negativ
283_10.wav	Soare, atmosferă plăcută, temperaturile mult mai ridicate decât ar fi normal. Se mai încălzește față de ieri,	masc	Florin Busuioc	pozitiv
351_20.wav	Astăzi avem tot o temperatură foarte mare, cincisprezece grade față de șapte cât ar trebui să fie, mai către seară și la noapte e posibil să plouă și în București și spre dimineață cinci grade vor fi.	masc	Florin Busuioc	negativ
46_22.wav	În Sud mai sunt ceva condiții de ploaie, dar în ansamblu e soare și vreme foarte frumoasă, un aer mai cald ajunge și aici,	masc	Florin Busuioc	pozitiv
43_23.wav	În Oltenia avem o atmosferă cu soare, e mai cald decât ieri și aici, treizeci și două de grade pe la prânz,	masc	Florin Busuioc	pozitiv
299_12.wav	și pe aici se ating unsprezece grade în toată provincia.	masc	Florin Busuioc	pozitiv
243_14.wav	În nordul Transilvaniei și în Maramureș foarte frig, maximele nu trec de trei, poate patru grade pe la Bistița	masc	Florin Busuioc	negativ
168_16.wav	Temperaturile scad și pe aici, nu atât de mult ca în Moldova, dar vom avea nu mai mult de cincisprezece grade.	masc	Florin Busuioc	negativ
90_1.wav	Pot să se acumuleze cantăți mari de apă în zonele despre care am vorbit.	masc	Florin Busuioc	negativ
209_13.wav	Parcă mai cald un pic se face și în vest, tot așa optsprezece grade pe la orele prânzului	masc	Florin Busuioc	pozitiv
349_27.wav	În zonele înalte de munte predomină ninsorile, vântul bate cu peste șaptezeci-optzeci de kilometri pe oră.	masc	Florin Busuioc	negativ
78_39.wav	La munte vremea e cam instabilă, aversele apar după prânz cu tunete, cu fulgere, cu vânt foarte puternic.	masc	Florin Busuioc	negativ
378_27.wav	dar mai pe seară din nou se lasă frigul, minus șapte grade în centru Bucureștiului, minus unsprezece la periferia orașului.	masc	Florin Busuioc	negativ
343_45.wav	În masivele vestice se pot acumula patruzeci de litri de apă pe metrul pătrat.	masc	Florin Busuioc	negativ
90_30.wav	Temperaturile ajung undeva pe la douăzeci și opt, poate chiar douăzeci și nouă de grade să fie pe la Giurgiu.	masc	Florin Busuioc	pozitiv
68_7.wav	Se face mai răcoare față de ieri, cel mult douăzeci și șase de grade pe la Călărași și o să plouă și în Moldova sudică și în nordul Munteniei.	masc	Florin Busuioc	negativ
258_0.wav	Astăzi să știți că avem o răcire în special pe jumătatea nordică a României.	masc	Florin Busuioc	negativ
157_23.wav	La munte e cam frig, plouă, în special în masivele vestice.	masc	Florin Busuioc	negativ
166_34.wav	înnorări persistente, sunt și condiții de ploaie, și vântul bate intens,	masc	Florin Busuioc	negativ
357_7.wav	În Dobrogea și în Bărăgan în primul rând, înnorări, vor fi și niște ploi sporadice,	masc	Florin Busuioc	negativ
330_6.wav	Se face parcă puțin mai cald după prânz, zece grade pe la Focșani, în restul provinciei nouă grade.	masc	Florin Busuioc	pozitiv
182_1.wav	Vântul bate cam nervos prin Moldova până pe la cincizeci de kilometri pe oră.	masc	Florin Busuioc	negativ
141_37.wav	Dar în celelalte masive e mai bună vremea.	masc	Florin Busuioc	pozitiv
20_33.wav	și în a doua parte a zilei, pe la deal, pe la munte, se cam adună norii de ploaie.	masc	Florin Busuioc	negativ
99_35.wav	Sunt și condiții de grindină și vântul bate tare pe creste, în special în Meridionali	masc	Florin Busuioc	negativ
30_26.wav	În rest, temperaturile sunt acceptabile, vedeți, douăzeci și opt - douăzeci și nouă de grade.	masc	Florin Busuioc	pozitiv
3_7.wav	Prin zona Călărașului vom resimți un disconfort termic foarte, foarte pronunțat.	masc	Florin Busuioc	negativ
45_42.wav	La mare, condiții meteo excepționale, soare, o briză foarte plăcută, douăzeci și opt de grade pe plajă,	masc	Florin Busuioc	pozitiv
3_31.wav	Treizeci și nouă de grade la Umbra, la Drobeta-Turnu Severin, și la Craiova este extrem de cald.	masc	Florin Busuioc	pozitiv
35_30.wav	Mai pe seară se înnorează, ar fi ceva șanse de averse cu fenomene electrice,	masc	Florin Busuioc	negativ
43_37.wav	La mare, vreme excepțională de plajă, cer senin, o briză activă, douăzeci și nouă de grade prin stațiuni,	masc	Florin Busuioc	pozitiv
48_24.wav	Iar în Oltenia se înmulțesc norii, plouă.	masc	Florin Busuioc	negativ
1_25.wav	Iar în Transilvania, acum dimineață, în zona depresionară, pe la Miercurea Ciuc, e ceață.	masc	Florin Busuioc	negativ
78_4.wav	Se pot strânge peste patruzeci de litri de apă pe metru pătrat.	masc	Florin Busuioc	negativ
372_5.wav	cu viteze mari în Moldova, până la șaptezeci și cinci de kilometri pe oră,	masc	Florin Busuioc	negativ
321_23.wav	Și în Transilvania vin ceva ploi. Acum dimineață și la noapte avem lapoviță chiar ninsoare.	masc	Florin Busuioc	negativ
234_3.wav	Maximele pleacă de la nouă-zece grade în zona depresionară,	masc	Florin Busuioc	negativ
22_20.wav	Până atunci, o zi cu soare, vânt domol, treizeci de grade în termometre pe la Baia Mare și Zalău.	masc	Florin Busuioc	pozitiv
196_8.wav	Transilvania vremea e închisă, plouă în multe zone, la peste o mie șase sute de metri altitudine la munte pot fi precipitații slabe sub formă de lapoviță, chiar ninsoare	masc	Florin Busuioc	negativ
285_0.wav	Se îndreaptă vremea, avem o încălzire în majoritatea zonelor, pe partea sudică și pe la munte.	masc	Florin Busuioc	pozitiv
81_6.wav	Din când în când se mai adună ceva nori și vântul bate cam nervos.	masc	Florin Busuioc	negativ
395_24.wav	unde se pot strânge douăzeci și cinci de litri de apă pe metru pătrat, deci destul de mult.	masc	Florin Busuioc	negativ
349_10.wav	Se face mai frig decât în alte regiuni. Pe la Suceava sunt două grade, nu mai mult.	masc	Florin Busuioc	negativ
182_26.wav	iar în a doua parte a zilei, în Meridionali, se adună câțiva nori de ploaie,	masc	Florin Busuioc	negativ
190_26.wav	La noapte, în depresiuni, minimele se duc în minus patru grade și sigur va fi brumă.	masc	Florin Busuioc	negativ
266_39.wav	Condiții de ploaie acum dimineața, la noapte mai avem ceva înnorări,	masc	Florin Busuioc	negativ
384_21.wav	Și în Oltenia, dimineața e tot geroasă, sunt zone în care e ger acum, dimineața urmează o zi însorită în general	masc	Florin Busuioc	negativ
299_7.wav	Vântul rămâne destul de insistent, ajunge pe la viteze de cincizeci și cinci de kilometri pe oră	masc	Florin Busuioc	negativ
46_26.wav	Mai vin și niște averse pe după masă, vântul bate tare și ajunge pe la cincizeci de kilometri pe oră, zece grade în Ceahlău,	masc	Florin Busuioc	negativ
249_18.wav	Temperaturile sunt mai potrivite pentru o zi de iarnă, cu greu ajung la trei grade pe la Sibiu.	masc	Florin Busuioc	negativ
59_8.wav	În zona Bărăganului, maximele ajung la treizeci și patru, chiar treizeci și cinci de grade,	masc	Florin Busuioc	pozitiv
230_17.wav	În Transilvania vremea e bună, poate câțiva nori, temperaturile cresc și pe aici, se vor atinge cincisprezece grade pe la Sibiu.	masc	Florin Busuioc	pozitiv
13_4.wav	și apar averse abundente cu fenomene meteo severe, cu grindină, cu vijelii.	masc	Florin Busuioc	negativ
200_13.wav	după care către seară se cam înnorează și o să fie și averse fenomene electrice, pot fi și căderi de grindină izolat.	masc	Florin Busuioc	negativ
107_31.wav	E o atmosferă însorită, va fi cald și pe aici, temperaturile se duc în treizeci, chiar treizeci și unu de grade pe la Giurgiu.	masc	Florin Busuioc	pozitiv
243_18.wav	După aceea sunt dominante ploile în sudul Banatului, vântul bate cam nervos	masc	Florin Busuioc	negativ
78_28.wav	Poate să ia aspect de vijelie. Nu mai mult de douăzeci și cinci de grade pe la Brașov.	masc	Florin Busuioc	negativ
119_12.wav	Temperaturi de douăzeci și șapte, poate chiar douăzeci și opt de grade în estul Munteniei, prin zona Ploieștiului, pe acolo și la București.	masc	Florin Busuioc	pozitiv
43_10.wav	Doi-trei nori așa după prânz și pe aici se face foarte cald, treizeci și patru de grade la Galați și la Brăila.	masc	Florin Busuioc	pozitiv
20_31.wav	În Oltenia, temperaturile cresc, vânt destul de insistent, la amiază avem caniculă,	masc	Florin Busuioc	negativ
200_22.wav	În sud-vestul țării se anunță vreme închisă, vor fi averse zgomotoase și vântul e cam insistent,	masc	Florin Busuioc	negativ
180_5.wav	E adevărat că la malul mării e mai răcoare decât ieri, cel mult paisprezece-cincisprezece, poate șaisprezece grade pe la Constanța, mai sus.	masc	Florin Busuioc	negativ
182_19.wav	Vreme bună găsim și în vestul țării, temperaturile cresc și pe aici,	masc	Florin Busuioc	pozitiv
234_27.wav	Pe crestele Carpaților Meridionali o să vină ceva Ninsori, poate lapoviță, tot acolo vântul ajunge la viteze de șaptezeci-optzeci de kilometri pe oră.	masc	Florin Busuioc	negativ
267_30.wav	Amiaza aduce soare, un pic de vânt, maxima paisprezece grade Celsius.	masc	Florin Busuioc	pozitiv
236_1.wav	Aversele se mută pe partea vestică, pe centru și pe sudul României,	masc	Florin Busuioc	negativ
97_46.wav	În rest vremea e bună și vântul e ceva mai intens în munții Banatului și în Meridionali.	masc	Florin Busuioc	pozitiv
272_7.wav	Astăzi n-avem mai mult de zece-unsprezece grade prin zona Tulcea, prin zona Constanța.	masc	Florin Busuioc	pozitiv
13_50.wav	Rafale de peste optzeci de km pe oră.	masc	Florin Busuioc	negativ
249_10.wav	Mergem în jumătatea nordică a Moldovei și în Bucovina, unde vedem că ziua este în continuare neobișnuit de rece.	masc	Florin Busuioc	negativ
1_14.wav	Poate că apare și o aversă zgomotoasă prin zonă.	masc	Florin Busuioc	negativ
333_30.wav	Ar trebui să fie vreo nouă grade în momentul ăsta, nouă-zece pe acolo. Cam la fel va fi vremea și în sud.	masc	Florin Busuioc	pozitiv
45_36.wav	La noapte aceeași situație, senin complet, vreme foarte frumoasă și maxima ajunge la,	masc	Florin Busuioc	pozitiv
22_25.wav	În Transilvania, acum dimineață, e răcoare. Mai ales în zona depresionară, e chiar răcoare, răcoare.	masc	Florin Busuioc	negativ
395_23.wav	La noapte ninge mai ales pe la deal, pe la munte,	masc	Florin Busuioc	negativ
236_32.wav	Așa, mai pe seară poate vine și o ploaie slabă, de scurtă durată.	masc	Florin Busuioc	negativ
157_19.wav	Pe aici o să fie puține ploi, temperaturile nu trec de șaptesprezece grade la Ploiești și Giurgiu, acum ar trebui să avem vreo douăzeci și trei de grade.	masc	Florin Busuioc	negativ
30_1.wav	Fenomenele aceste apar mai ales în a doua parte a zilei și temperaturile au o ușoară scădere față de ieri.	masc	Florin Busuioc	negativ
59_13.wav	iar în zonele de munte e posibil să vină și niște averse.	masc	Florin Busuioc	negativ
372_10.wav	Vântul bate cam nervos, e posibil să vină și câțiva stropi de ploaie.	masc	Florin Busuioc	negativ
272_31.wav	Rafale de peste o sută patruzeci de kilometri pe oră.	masc	Florin Busuioc	negativ
321_39.wav	Avem temperatură de minus trei grade în Ceahlău, trei grade cu plus în Semenic.	masc	Florin Busuioc	negativ
190_34.wav	însă și aceste temperaturi sunt mai mici decât ar fi normal.	masc	Florin Busuioc	negativ
3_19.wav	dar treptat se înnorează și avem mai multe reprize cu ploi zgomotoase.	masc	Florin Busuioc	negativ
222_20.wav	Vântul bate cam nervos și maximele se apropie de normal undeva până în nouăsprezece grade la Brăila.	masc	Florin Busuioc	negativ
110_16.wav	În sudul țării cam înnorat dimineața și acum dimineață plouă puțin pe nordul Munteniei, se degajează însă cerul mai târziu și la amiază vremea e superbă, frumoasă, treizeci de grade se ating în zona Giurgiului,	masc	Florin Busuioc	pozitiv
333_27.wav	Și în Oltenia vin câteva ploi slabe. Pe suprafețele strânse e adevărat.	masc	Florin Busuioc	negativ
166_5.wav	Temperatura sub normalul acestei perioade. Vedem cum arată vremea în fiecare dintre regiuni. Dobrogea și Bărăganul.	masc	Florin Busuioc	negativ
266_38.wav	Atmosfera e cam schimbătoare așa, vântul e mai insistent,	masc	Florin Busuioc	negativ
170_8.wav	Și vântul bate tare la munte, dar și în sudul Banatului în continuare bate acolo vântul mai tare, temperaturile coboară la patru grade în zona Sucevei.	masc	Florin Busuioc	negativ
299_33.wav	Se îndreaptă vremea, norii se risipesc treptat, doar în munții Banatului și în Meridionali ar mai fi ceva condiții de fulguieli.	masc	Florin Busuioc	negativ
251_17.wav	În Transilvania s-anunț o zi rece, vor fi cel mult cinci grade pe la Târgu Mureș și Brașov	masc	Florin Busuioc	negativ
395_42.wav	în Semenic, în Ceahlău minus unsprezece și vedeți că deja a crescut stratul de zăpadă în toate masivele.	masc	Florin Busuioc	negativ
138_5.wav	Pe aici predomină vremea frumoasă, poate izolat, izolat doar să vină o ploaie de scurtă durată,	masc	Florin Busuioc	pozitiv
333_14.wav	Însă la noapte se face cam frig, să știți. Și minimele vor fi în Bucovina pe la minus șapte grade.	masc	Florin Busuioc	negativ
249_12.wav	Vântul ajunge pe la optzeci și cinci de kilometri pe oră. Sigur că va fi viscol puternic, vizibilitate aproape zero.	masc	Florin Busuioc	negativ
20_30.wav	Mai pe după masă, așa, vin mai multe serii de averse și vântul prinde putere pe la munte.	masc	Florin Busuioc	negativ
35_39.wav	Apa mării se mai răcește, va avea douăzeci, cel mult douăzeci și unu de grade.	masc	Florin Busuioc	pozitiv
35_8.wav	Mai pe după masă e posibil să vină pe aici niște ploi rapide și zgomotoase în cam toată zona,	masc	Florin Busuioc	negativ
222_40.wav	La munte ploile vor cuprinde majoritatea masivelor.	masc	Florin Busuioc	negativ
366_21.wav	În plus, până la ora zece avem foarte multe localități care se află sub cod galben de ceață densă și vizibilitate redusă.	masc	Florin Busuioc	negativ
287_3.wav	Mai târziu plouă puțin pe la deal, pe la munte.	masc	Florin Busuioc	negativ
10_16.wav	În partea Nordică a Moldovei și în Bucovina mai răcoare un pic se face și va fi foarte plăcut.	masc	Florin Busuioc	pozitiv
16_1.wav	Atmosfera rămâne cu soare prima parte a zilei și după masă în vest, nordvest, în centru se adună norii și vin averse cu tunete, cu fulgere, intensificări de vânt.	masc	Florin Busuioc	negativ
81_16.wav	Avem însă și ploi, și fenomene electrice. Și se face mai răcoare decât ieri.	masc	Florin Busuioc	negativ
157_5.wav	În Moldova sudică și nordul Munteniei avem o zi cam mohorâtă, probabil că picură în unele zone, apare puțin de tot și soarele.	masc	Florin Busuioc	negativ
128_26.wav	sud-vestul țării, în zonele înalte, se anunță ploi zgomotoase,	masc	Florin Busuioc	negativ
166_33.wav	iar maximele nu trec în Lunca Dunării de cincisprezece grade, la București o zi neplăcută,	masc	Florin Busuioc	negativ
1_44.wav	Opsprezece grade în Ceahlău, douăzeci și două	masc	Florin Busuioc	pozitiv
321_38.wav	În zona montană înaltă, vântul bate cu rafale de peste optzeci de kilometri pe oră.	masc	Florin Busuioc	negativ
330_17.wav	În Oltenia ne așteaptă o zi neplăcută. Avem dimineața ceață, câteva ploi mai apoi și cel mult zece grade în termometre	masc	Florin Busuioc	negativ
45_27.wav	Către seară vor fi niște înnorări și ar fi și ceva condiții de ploaie.	masc	Florin Busuioc	negativ
81_29.wav	Pot să strângă încă treizeci de litri de apă pe metru pătrat.	masc	Florin Busuioc	negativ
168_14.wav	Plouă și prin nord-vestul țării, mai ales în zona Transilvaniei.	masc	Florin Busuioc	negativ
90_14.wav	Vor fi descărcări electrice, poate să cadă și grindină.	masc	Florin Busuioc	negativ
160_10.wav	În Oltenia se adună norii, o să vină și câteva reprize cu ploi zdravene, mai ales pe la munte plouă serios, vântul bate cam nervos și maximele se vor opri pe la optsprezece grade și pe aici, pe la Slatina e cel mai cald,	masc	Florin Busuioc	negativ
144_18.wav	În sud-vestul țării vremea e închisă, plouă în mai multe reprize, pot să se strângă cantități mari de apă, treizeci și cinci, poate chiar patruzeci de litri pe metru pătrat.	masc	Florin Busuioc	negativ
266_43.wav	Plouă destul de mult, cantități de apă peste douăzeci de litri pe metru pătrat,	masc	Florin Busuioc	negativ
190_32.wav	Vremea devine frumoasă și în sudul țării.	masc	Florin Busuioc	pozitiv
243_0.wav	Să știți că astăzi tot rece e, vreme foarte rece chiar, precipitații acestea devin neînsemnate cantitativ	masc	Florin Busuioc	negativ
13_21.wav	Vedem că la Baia Mare avem douăzeci și șase, e cea mai mică temperatură din țară,	masc	Florin Busuioc	negativ
343_18.wav	Un aer cald pătrunde și în jumătatea nordică a Moldovei și Bucovina.	masc	Florin Busuioc	pozitiv
316_10.wav	În nordul Transilvaniei și în Maramureș o zi cam închisă, mohorâtă, poate că și plouă după prânz.	masc	Florin Busuioc	negativ
182_8.wav	În zona Dobrogei se face mai cald, undeva până în douăzeci de grade se vor atinge,	masc	Florin Busuioc	pozitiv
20_41.wav	Ploile vin cu tunete, cu fulgere, cu intensificări de vânt și temperaturile rămân la valori foarte plăcute.	masc	Florin Busuioc	negativ
214_18.wav	Temperaturile nu trec de șaisprezece grade pe la Târgu Mureș, nici Oltenia.	masc	Florin Busuioc	negativ
99_33.wav	La munte instabilitatea crește în a doua parte a zilei.	masc	Florin Busuioc	negativ
138_7.wav	Pe la amiază se ating douăzeci și șapte de grade, pe la Tulcea,	masc	Florin Busuioc	pozitiv
99_28.wav	Norii apar doar așa, în treacăt, nu sunt semne de ploaie deloc,	masc	Florin Busuioc	negativ
209_6.wav	Dobrogea și Bărăganul, pe aici se arată soarele din când în când, apar niște ploi doar izolat, cu totul izolat	masc	Florin Busuioc	negativ
174_1.wav	Poate că vin niște ploi slabe de scurtă durată.	masc	Florin Busuioc	negativ
128_23.wav	În Transilvania vremea e bună, acum dimineața mai avem un pic de ceață în unele zone,	masc	Florin Busuioc	pozitiv
138_23.wav	și temperaturile mai mari decât ieri vor ajunge pe la Alba Iulia,	masc	Florin Busuioc	pozitiv
321_31.wav	O să fie undeva pe la șaptesprezece grade la Giurgiu, cea mai mare temperatură din țară.	masc	Florin Busuioc	pozitiv
283_17.wav	și pe aici se ating douăzeci și două - douăzeci și trei de grade chiar pe la Arad, Timișoara.	masc	Florin Busuioc	pozitiv
43_4.wav	Maximele pleacă de undeva de pe la douăzeci și șase de grade la malul mării și vor ajunge la treizeci și patru de grade pe aici, prin zona Giurgiu.	masc	Florin Busuioc	pozitiv
170_9.wav	Și vor fi undeva pe la douăsprezece grade prin sudul țării, probabil în zona Giurgiului pe acolo.	masc	Florin Busuioc	pozitiv
366_18.wav	Temperaturi cu mult mai mari decât temperaturile normale pentru data din calendar,	masc	Florin Busuioc	negativ
349_17.wav	În Transilvania ziua e cam închisă, mohorâtă, câțiva stropi de ploaie, un pic de ninsoare la munte și la altitudini mari.	masc	Florin Busuioc	negativ
267_23.wav	iar peste noapte ploile vor ajunge și în această regiune.	masc	Florin Busuioc	negativ
338_0.wav	Astăzi temperaturile sunt apropiate de normalul acestei perioade.	masc	Florin Busuioc	pozitiv
182_10.wav	Dar e adevărat că vântul bate cam nervos, în ansamblu vremea e foarte bună,	masc	Florin Busuioc	pozitiv
90_3.wav	În Oltenia poate că vin câteva averse către seară.	masc	Florin Busuioc	negativ
46_10.wav	În jumătatea nordică a Moldovei și în Bucovina, vântul bate cam nervos și după prânz avem și câteva averse în unele zone.	masc	Florin Busuioc	negativ
299_14.wav	Temperaturile cresc, ieri au fost cinci grade, astăzi maximele ajung pe la nouă-zece grade, chiar pe la Iași.	masc	Florin Busuioc	pozitiv
1_15.wav	În jumătatea nordică a Moldovei și în zona Bucovinei, foarte cald. Câteva reprize de ploaie după amiază.	masc	Florin Busuioc	pozitiv
110_5.wav	Aici în zona litoralului sunt douăzeci și cinci - douăzeci și șase de grade, mai sus, în Moldova sudică și în nordul Munteniei, e o atmosferă cu soare, douăzeci și opt - douăzeci și nouă de grade în termometre, vedeți și dumneavoastră.	masc	Florin Busuioc	pozitiv
299_1.wav	Pe partea sudică mai sunt niște stropi de ploaie, vântul are intensificări la munte, în est și în sud-est	masc	Florin Busuioc	negativ
78_5.wav	Poate să fie și grindină și să se producă vijelii.	masc	Florin Busuioc	negativ
357_26.wav	Temperaturile scad cu șase chiar șapte grade față de ieri, avem vreo șase grade pe la Târgu Mureș.	masc	Florin Busuioc	negativ
174_2.wav	În partea sud-estică, atmosfera e cu soare, la noapte însă vântul începe să bată cam tare pe aici.	masc	Florin Busuioc	pozitiv
236_0.wav	Astăzi avem ploi, puțin așa plouă dimineața în nord, prin partea nord-estică și pe sud-vestul extrem, mai pe după masă.	masc	Florin Busuioc	negativ
170_6.wav	La Drobeta-Turnu Severin, pe la Târgu Jiu, pe la Arad sunt douăzeci și patru, la Timișoara chiar douăzeci și cinci de grade.	masc	Florin Busuioc	pozitiv
364_3.wav	Acum dimineața mai sunt ceva condiții să apară puțină ceață, se mai încălzește și pe aici și maximele ajung tot pe la douăsprezece grade prin zona Buzăului.	masc	Florin Busuioc	negativ
384_17.wav	Aproape în toată provincia, chiar în toată aș zice, cel mai cald la Alba Iulia, să zicem, pe unde vor fi zero grade	masc	Florin Busuioc	negativ
3_13.wav	Temperaturile se duc până în treizeci și șapte, chiar treizeci și opt de grade Celsius.	masc	Florin Busuioc	pozitiv
338_15.wav	În vestul țării e mai mult înnorat. Pe spații mici poate că apar niște precipitații.	masc	Florin Busuioc	negativ
20_23.wav	Mai către seară se înmulțesc norii și vor fi unele zone în care va veni o ploaie trecătoare.	masc	Florin Busuioc	negativ
81_11.wav	O să vină câteva averse destul de abundente în zona Bucovinei, în special și pe la munte.	masc	Florin Busuioc	negativ
330_16.wav	cu vizibilitate sub cincizeci de metri. Mare atenție dacă plecați la drum.	masc	Florin Busuioc	negativ
90_22.wav	E posibil să fie și vijelii și căderi de grindină și temperaturile ajung la douăzeci și șase de grade pe la Timișoara.	masc	Florin Busuioc	negativ
299_24.wav	În Oltenia o zi cam închisă, mohorâtă, poate că și picură puțin trecător, apare și soarele pentru scurte momente	masc	Florin Busuioc	negativ
3_24.wav	Treizeci și opt de grade la umbră, uitați-vă, și la Arad, și la Timișoara.	masc	Florin Busuioc	negativ
285_32.wav	Atenție, nu vă aventurați pe acolo!	masc	Florin Busuioc	negativ
338_3.wav	În sud plouă puțin, vântul bate cam nervos. În vest și pe la munte vor fi lapoviță și ninsori.	masc	Florin Busuioc	negativ
128_12.wav	În nordul Moldovei și în Bucovina o zi foarte plăcută, nu plouă deloc,	masc	Florin Busuioc	pozitiv
283_0.wav	Vreme mult mai caldă decât ar fi normal, vântul nu bate prea tare. Dimineață mai sunt condiții de ceață în unele zone,	masc	Florin Busuioc	pozitiv
212_14.wav	În nordul Transilvaniei și în Maramureș, poate că o să vedem puțin soarele așa printre nori,	masc	Florin Busuioc	pozitiv
384_20.wav	La altitudini mari vântul bate tare, viscolește ninsoarea cu rafale de șaizeci de kilometri pe oră	masc	Florin Busuioc	negativ
372_3.wav	În zonele centrale, în nord și pe partea estică, vor fi niște precipitații slabe.	masc	Florin Busuioc	negativ
83_6.wav	Aici găsim vreme destul de bună, din când în când, așa se mai adună ceva nori,	masc	Florin Busuioc	negativ
1_1.wav	Avem caniculă, o atmosferă sufocantă în sud, în vest.	masc	Florin Busuioc	negativ
3_34.wav	Sudul țării are cele mai mari temperaturi din țară. Pe aici se ating patruzeci de grade pe la Giurgiu,	masc	Florin Busuioc	pozitiv
214_19.wav	Nu scapă de ploi, pe aici apar averse, cu descărcări electrice.	masc	Florin Busuioc	negativ
83_25.wav	Pe aici aversele apar pe spații ceva mai restrânse, e adevărat, vor fi perioade cu soare,	masc	Florin Busuioc	pozitiv
275_26.wav	Ploile ajung și aici, în special în a doua parte a zilei și vor fi averse cu fenomene electrice.	masc	Florin Busuioc	negativ
81_44.wav	În Carpații Occidental și în Meridionali cantitățile de apă depășesc treizeci de litri pe metru pătrat.	masc	Florin Busuioc	negativ
61_13.wav	Pe la Munte vor fi câteva serii de averse, însă în restul provinciei e soare și vreme foarte frumoasă.	masc	Florin Busuioc	pozitiv
162_10.wav	În nordul Moldovei și în zona Bucovinei, temperaturile cresc un pic, vor fi undeva între douăsprezece grade la Suceava și vreo șaisprezece grade pe la Iași.	masc	Florin Busuioc	pozitiv
59_2.wav	În prima parte a zilei e soare, după prânz însă, mai pe după masă apar ploi	masc	Florin Busuioc	negativ
45_30.wav	La noapte, senin complet se face și temperaturile cu vreo două-trei grade mai mari față de noaptea care tocmai a trecut.	masc	Florin Busuioc	pozitiv
45_5.wav	și așa cum am spus, vor ajunge la treizeci și unu de grade în București.	masc	Florin Busuioc	pozitiv
372_4.wav	Sub toate formele vin aceste precipitații și vântul bate cam nervos în multe regiuni,	masc	Florin Busuioc	negativ
301_12.wav	În jumătatea nordică a Moldovei și în Bucovina nu vedem soarele deloc,	masc	Florin Busuioc	negativ
1_33.wav	Noaptea e tropicală, minimele sunt peste douăzeci de grade.	masc	Florin Busuioc	pozitiv
243_22.wav	În Oltenia se face mai rece un pic decât ieri, avem vreme cam neplăcută așa, e acoperit cerul, plouă slab, cel mult opt-nouă grade pe la Târgu Jiu	masc	Florin Busuioc	negativ
168_6.wav	Atmosfera e închisă, reprize de ploaie, vânt puternic.	masc	Florin Busuioc	negativ
357_14.wav	În nordul Moldovei și în Bucovina o zi cu mulți nori și un vânt tare insistent,	masc	Florin Busuioc	negativ
59_39.wav	douăzeci și șase la Stâna de Vale, douăzeci și șapte de grade.	masc	Florin Busuioc	pozitiv
22_26.wav	După care soarele va încălzi rapid atmosfera, iar temperaturile vor ajunge pe la Târgu Mureș la treizeci de grade.	masc	Florin Busuioc	pozitiv
13_12.wav	Mai sus în Moldova sudică și nordul Munteniei, tot așa, vreme caniculară, cu soare arzător.	masc	Florin Busuioc	pozitiv
176_8.wav	Și nici pe aici nu prea vedem soarele, adică e cam închisă ziua și în această zonă, și se face mai rece,	masc	Florin Busuioc	negativ
61_16.wav	Maximele ajung și pe aici, pe la treizeci și unu de grade, la Satu Mare, acolo e cel mai cald.	masc	Florin Busuioc	pozitiv
59_22.wav	După prânz vor fi treizeci și cinci de grade la umbră, în zona Timișoara,	masc	Florin Busuioc	pozitiv
349_21.wav	Și în sud, cam înnorat, poate și pe aici să plouă puțin, se întețește și vântul, temperaturile pierd șapte-opt grade față de ieri.	masc	Florin Busuioc	negativ
351_13.wav	Se cam răcește față de ziua trecută, încă sunt valori peste normalul perioadei, paisprezece grade la Timișoara, în Transilvania urmează o zi cam închisă, mohorâtă, plouă trecător,	masc	Florin Busuioc	negativ
395_22.wav	Se și răcește, ieri au fost șapte-opt grade, astăzi maximele se opresc pe la patru grade la Oradea și Timișoara.	masc	Florin Busuioc	negativ
43_31.wav	La noapte se cam înnorează, spre dimineața ar fi niște șanse de ploaie, dar nu e obligatoriu,	masc	Florin Busuioc	negativ
209_7.wav	Vântul bate cam nervos, poate să ajungă la cincizeci și cinci de kilometri pe oră, mai cald un pic, se face optsprezece grade pe la Slobozia, Călărași	masc	Florin Busuioc	negativ
130_15.wav	În vestul Munteniei se adună norii și vin câteva averse zgomotoase și abundente.	masc	Florin Busuioc	negativ
369_9.wav	În nordul Moldovei și Bucovina o zi cu soare, avem pe la Bacău o temperatură de șapte grade, cea mai mare din regiune.	masc	Florin Busuioc	pozitiv
174_26.wav	La București, ziua de astăzi ne aduce soare, e o atmosferă foarte plăcută, poate câțiva nori, mai pe seară, așa.	masc	Florin Busuioc	pozitiv
301_27.wav	Iar în Sud cam la fel, aceeași situație, înnorări persistente, plouă, temperaturile mai mici decât ieri,	masc	Florin Busuioc	negativ
180_0.wav	Vremea este superbă, avem doar câțiva nori pe vest, un vânt mai intens, e adevărat, pe partea sud-vestică a României,	masc	Florin Busuioc	pozitiv
198_35.wav	La munte, tot așa, atmosferă instabilă, averse, care pot să lasă în urmă cantități mari de apă,	masc	Florin Busuioc	negativ
299_9.wav	Vor fi unsprezece grade aproape în toată provincia.	masc	Florin Busuioc	pozitiv
59_3.wav	de scurtă durată, e adevărat, cu fenomene electrice, mai ales la deal și la munte.	masc	Florin Busuioc	negativ
43_32.wav	un pic mai cald decât în noaptea trecută, undeva pe la optsprezece grade.	masc	Florin Busuioc	pozitiv
249_26.wav	Și ajunge la viteze de șaptezeci de kilometri pe oră, așa că o să cam fie viscol, minus șase grade în Ceahlău, minus cinci în Semenic, minus trei Stâna de Vale,	masc	Florin Busuioc	negativ
384_16.wav	În Transilvania în primele ore ale dimineții este ger, peste zi maximele rămân tot așa negative	masc	Florin Busuioc	negativ
45_35.wav	Nu vedem norii deloc, avem o maximă de treizeci și unu de grade.	masc	Florin Busuioc	pozitiv
20_19.wav	În a doua parte a zilei vor veni aceste ploi zgomotoase pe care le vedeți și pe grafică	masc	Florin Busuioc	negativ
386_32.wav	Uitați-vă puțin, avem temperaturi foarte scăzute, mai ninge puțin în Orientali și în Meridionali, vântul viscolește ninsoarea sau, sigur,	masc	Florin Busuioc	negativ
97_42.wav	Noaptea e foarte liniștită, foarte plăcută,	masc	Florin Busuioc	pozitiv
366_31.wav	Se încălzește și la munte, avem o atmosferă însorită, vântul însă prinde putere la altitudini mari, la noapte,	masc	Florin Busuioc	pozitiv
68_1.wav	Dacă vorbim în general, vedem că astăzi e soare și vreme mai bună pe partea vestică a României,	masc	Florin Busuioc	pozitiv
30_11.wav	Iar în jumătatea nordică a Moldovei și în zona Bucovinei, avem tot așa o scădere simțitoare de temperaturi.	masc	Florin Busuioc	negativ
380_5.wav	Cel mult zero grade la amiază, vântul mai pare intensificări aici în zona litoralului, dar nu mai ajunge la viteze atât de mari.	masc	Florin Busuioc	negativ
125_16.wav	În Transilvania, acum dimineață în unele zone avem și un pic de ceață, instabilitatea crește, după orele amiezii vin ploi zgomotoase,	masc	Florin Busuioc	negativ
214_16.wav	iar în Transilvania vremea e cam neplăcută, multă ploaie, cantități mari de apă în zonele de munte în special,	masc	Florin Busuioc	negativ
141_18.wav	Și la amiază temperaturile ajung undeva pe la douăzeci și trei de grade pe la Bistrița.	masc	Florin Busuioc	pozitiv
162_9.wav	După prânz tot cincisprezece-șaisprezece grade pe la Buzău și Focșani.	masc	Florin Busuioc	pozitiv
299_28.wav	Poate că apar și doi-trei stropi de ploaie și maximele sunt mai ridicate decât în alte zone, treisprezece grade, cum ziceam, la Ploiești,	masc	Florin Busuioc	negativ
35_10.wav	Amiaza ne aduce soare arzător, zăpușeală, treizeci și cinci, chiar treizeci și șase de grade și pe aici,	masc	Florin Busuioc	negativ
1_42.wav	Acolo unde apar ploile sunt violente.	masc	Florin Busuioc	negativ
267_35.wav	La noapte plouă serios în Occidentali și în zonele înalte e lapoviță, chiar ninsoare.	masc	Florin Busuioc	negativ
182_12.wav	În jumătatea nordică a Moldovei și în Bucovina soare în cea mai mare parte a zilei.	masc	Florin Busuioc	pozitiv
380_0.wav	Să vă povestesc despre cum se înseninează astăzi în cea mai mare parte a țării,	masc	Florin Busuioc	pozitiv
30_6.wav	Chiar și așa, disconfortul termic rămâne ridicat, să știți. După amiază se înnorează și vin ploi foarte serioase.	masc	Florin Busuioc	negativ
293_27.wav	Parcă e mai cald față de ieri, după prânz se vor atinge nouăsprezece grade.	masc	Florin Busuioc	pozitiv
190_18.wav	Amiaza ne aduce soare și nu mai mult de treisprezece, poate paisprezece grade pe la Baia Mare.	masc	Florin Busuioc	pozitiv
343_11.wav	Se încălzește foarte tare. Temperaturi de șaptesprezece-optsprezece grade chiar pe la Călărași.	masc	Florin Busuioc	pozitiv
162_11.wav	Cerul rămâne acoperit de nori, vedeți, nu apare soarele deloc, dar izolat doar, poate că va ploua puțin de tot.	masc	Florin Busuioc	negativ
46_18.wav	dar la amiază, temperaturile, acum dimineața e rece acolo, sunt șase-șapte grade, dar la amiază temperaturile sunt un pic mai mari decât ieri,	masc	Florin Busuioc	negativ
209_9.wav	Vântul e mai insistent și pe aici, se mai încălzește față de ei	masc	Florin Busuioc	negativ
68_23.wav	În sudul României plouă în mai multe reprize, averse consistente, fenomene electrice, intensificări ale vântului.	masc	Florin Busuioc	negativ
