path	sentence	gender	name	class
100_0.wav	Bună dimineața! Cod QR de scanat cu telefonul mobil ca să vedem ce se întâmplă la horoscop. E o zi cu energie.	fem	Neti Sandu	pozitiv
100_1.wav	Pornim în forță ca să ne putem atinge toate obiectivele, să dăm drumul și proiectelor noi ca să ne putem exprima total.	fem	Neti Sandu	pozitiv
100_11.wav	Vărsător. O să vă contacteze cineva care vede în voi șeful unui proiect de anvergură și o să vă lăsați curtați până o să vă dați acceptul.	fem	Neti Sandu	pozitiv
100_12.wav	Pești. Poate aveți de dat un examen, vă duceți la un interviu, o să fiți în atenția unor oameni dar o să primiți calificative de top.	fem	Neti Sandu	pozitiv
100_2.wav	Vibrația zilei este cinci și o să simțim gustul aventurii profesionale pentru că vrem să ne reinventăm.	fem	Neti Sandu	pozitiv
100_4.wav	Rac. Se observă cheltuieli, poate pentru că plecați pe undeva și o să vă bucurați că o să aveți un asemenea prilej care nu trebuie ratat.	fem	Neti Sandu	pozitiv
100_5.wav	Leu. Poate dați concurs pentru un post de conducere sau o să vă angajați undeva și totul o să meargă șnur.	fem	Neti Sandu	pozitiv
100_6.wav	Fecioara. O reușită după un parcurs anevoios. V-oți fi zbătut pentru niște aprobări și abia acum o să primiți ok-ul.	fem	Neti Sandu	pozitiv
100_7.wav	Balanța. O să vă alegeți o destinație turistică și vorbiți cu partenerii ca să știți cine e amator să vă însoțească și se vor găsi.	fem	Neti Sandu	pozitiv
100_9.wav	Săgetător. Vin de undeva niște bani și o să vă alegeți probabil o vacanță ca să mai și respirați după o perioadă de agitație.	fem	Neti Sandu	pozitiv
118_13.wav	Vărsător. Or să vă caute acei prieteni care știu că pot conta pe voi,	fem	Neti Sandu	pozitiv
118_15.wav	Pești. O să le faceți pe plac copiilor, nepoților, are loc o ceremonie de grup și poate fi o petrecere	fem	Neti Sandu	pozitiv
118_2.wav	Vibrația zilei este unu și să ne bucurăm de un nou început de succes.	fem	Neti Sandu	pozitiv
118_3.wav	Să vedem ce se întâmplă în fiecare dintre zodii. Gemeni. Vă invită cineva într-o excursie și nu e de refuzat așa ceva	fem	Neti Sandu	pozitiv
118_7.wav	Fecioara. Poate aveți ceva de discutat între patru ochi cu o persoană importantă și o să luați și o decizie la final.	fem	Neti Sandu	pozitiv
118_9.wav	Scorpion. Poate vă duceți la o ceremonie, se căsătoresc niște prieteni sau e o gală de premiere.	fem	Neti Sandu	pozitiv
11_1.wav	Vibrația zilei este cinci și aventura este cuvântul cheie al zilei. Aventură a cunoașterii.	fem	Neti Sandu	pozitiv
11_15.wav	Berbec. Se poate să vi se dea ceva nou de făcut la serviciu și să vă prindă ideea. Totul e să nu vă plictisiți înainte de a termina.	fem	Neti Sandu	pozitiv
11_18.wav	O zi frumoasă!	fem	Neti Sandu	pozitiv
11_5.wav	Fecioara. Poate dați de niște bilete de vacanță mai ieftine și o să plecați în călătorie	fem	Neti Sandu	pozitiv
11_8.wav	După ce oți fi întâmpinat tot felul de piedici și odată depășite o să vă focusați atenția pe familie	fem	Neti Sandu	negativ
120_0.wav	Bună dimineața! Cod QR de scanat cu telefonul mobil ca să vedem ce se întâmplă la horoscop. O zi cu de toate!	fem	Neti Sandu	pozitiv
120_11.wav	Vărsător. Poate îi dați de capăt unei povești de dragoste care s-a cam răcit așa, că or fi  fost acolo niște intriganți care au răspândit minciuni despre voi, mai știi.	fem	Neti Sandu	negativ
120_12.wav	Pești. Poate vă ocupați și de casa, asta ca să reamenajați interiorul, ca ați mai cumpărat câte ceva și faceți diverse lucruri și în grădină, poate.	fem	Neti Sandu	pozitiv
120_13.wav	Berbec. O să vă bucurați de revederea cuiva drag, dar nu o să fie poate omul în toanele cele mai bune.	fem	Neti Sandu	negativ
120_14.wav	Taur. Se poate să vă ocupați mare parte din zi de casă, o să trebăluiți doar două ore diseară așa, o să ieșiți și la distrație.	fem	Neti Sandu	negativ
120_3.wav	Poate vă face o vizită cineva pe care nu l-ați mai văzut de multă vreme și o să fie un schimb emoțional de valoare.	fem	Neti Sandu	pozitiv
120_4.wav	Rac. Încearcă să se apropie cineva de voi și să vă cunoașteți în vederea unei relații și păreți destiniși, altfel decât de obicei.	fem	Neti Sandu	pozitiv
120_6.wav	Fecioara. Se poate să recuperați niște bani pentru care vă zbateți de ceva vreme și o să aveți succes să ieșiți în oraș, la un suc, o înghețată.	fem	Neti Sandu	pozitiv
120_7.wav	Balanța. O să vă puteți pune în valoare prin ce veți prezenta acolo într-un cadru public, poate și ținuta voastră o să creeze impresie bună și o să străluciți.	fem	Neti Sandu	pozitiv
120_8.wav	Scorpion. O să aveți succes la orice fel de încercări, la un concurs, la un interviu, dacă vreți să vă înscrieți într-un grup care să se adune în timpul liber.	fem	Neti Sandu	pozitiv
120_9.wav	Săgetător. Are cineva să vă dea înapoi niște bani și o să vă puteți repezi într-o stațiune de agrement ca să faceți un pic de mișcare.	fem	Neti Sandu	pozitiv
127_0.wav	Cod QR pe aici, descarat cu telefonul mobil, ca să vedem ce se întâmplă la horoscop. O zi cu vești amestecate.	fem	Neti Sandu	negativ
127_1.wav	O să dăm zor să ne achităm de toate datoriile, atât materiale cât și morale, și să privim cu încredere spre viitor.	fem	Neti Sandu	pozitiv
127_10.wav	Săgetător. Se poate să se încheie un parcurs și să aveți un câștig de cauză și o să vă revină o proprietate, custodia copiilor, mai multe.	fem	Neti Sandu	pozitiv
127_12.wav	Vărsător. Poate aveți de achitat impozite, asigurări pentru casă, mașină și o să păstrați bani pentru vacanță.	fem	Neti Sandu	negativ
127_14.wav	Berbec. Poate o să faceți un drum în străinătate, fie cu treabă, fie pentru că vă așteaptă careva acolo și o să fie cu încărcătură emoțională.	fem	Neti Sandu	pozitiv
127_15.wav	Taur. Se poate să apară cineva care să vă facă fericit și să vă schimbe viața în bine. O zi cu vești amestecate.	fem	Neti Sandu	pozitiv
127_4.wav	E posibil să vină un angajator cu ofertă de colaborare și o să vă încânteți suma de bani ca să aveți pentru concediu.	fem	Neti Sandu	pozitiv
127_6.wav	Leu. Răspunsul pe care l-așteptați de la cineva drag o să sosească, dar e posibil să vă pună puțin pe gânduri, așa?	fem	Neti Sandu	pozitiv
127_7.wav	Fecioara. O să vi se dea de lucru mai mult decât de obicei, dar trebuie să aveți grijă de sănătate, că nu e punctul vostru forte acum.	fem	Neti Sandu	negativ
127_9.wav	Scorpion. Relația cu partenerul de cuplu poate avansa spre o căsătorie și dacă aveți și unde locui, atunci o să fie perfect.	fem	Neti Sandu	pozitiv
129_15.wav	Capricorn. Se poate să vi se aprobe fie un împrumut, fie o amânare a unor rate, că aveți alte cheltuieli neprevăzute luna asta.	fem	Neti Sandu	pozitiv
129_16.wav	Vărsător. Vi se face curte și dacă sunteți într-o relație, nu vă interesează, e clar,	fem	Neti Sandu	pozitiv
129_19.wav	O să vă alegeți o preocupare de timp liber care să vă deconecteze, poate practicați un sport sau vă cultivați niște calități, un hobby.	fem	Neti Sandu	pozitiv
129_20.wav	Taur. O să perfectați sfera comunicării și poate vă impuneți punctul de vedere pe o platformă online	fem	Neti Sandu	pozitiv
129_5.wav	Sunteți prinsi cu multe treburi și o să fie un efort acolo să vă achitați de toate obligațiile,	fem	Neti Sandu	negativ
135_12.wav	Să nu treziți vreun sentiment de gelozie că ar fi păcat daca tot nu e nimic.	fem	Neti Sandu	negativ
135_13.wav	Pești. Poate le faceți o surpriză copiilor, nepoților și o să vă duceți într-o excursie.	fem	Neti Sandu	pozitiv
135_15.wav	Berbec. O să scoateți cu ușurință niste bani din buzunar și o să le faceți o surpriză unor prieteni din alt oraș că, le faceți o vizita inopinată.	fem	Neti Sandu	pozitiv
135_16.wav	Taur. Poate vă rupeți două-trei ore din timpul liber și vă duceți la un grătar, la cineva care locuiește cam departe, dar o să vă placa și drumul.	fem	Neti Sandu	pozitiv
135_4.wav	Rac. Se poate să dați o fugă la malul marii sau altundeva că să vă luați acea gură de oxigen care v-ar remonta.	fem	Neti Sandu	pozitiv
135_5.wav	Leu. Poate vă duceți într-un parc de agrement, îi luați și pe copii și o să fie distracție, nu glumă.	fem	Neti Sandu	pozitiv
135_7.wav	Balanța. Se poate să vă invite cineva la un spectacol, la o festivitate și o să vă destindeți.	fem	Neti Sandu	pozitiv
135_8.wav	SCORPION. E cineva de departe care e in trecere si vrea sa va intalniti daca n-aveti alt program la voi acasa ori in oras.	fem	Neti Sandu	pozitiv
135_9.wav	Săgetător. Se poate să vă scoață la o cafea de afaceri un posibil partener de muncă și o să vă propună un proiect incitant.	fem	Neti Sandu	pozitiv
139_0.wav	Avem luna nouă pentru astăzi, soare și lună în zodia taurului. E o zi bună pentru evaluări.	fem	Neti Sandu	pozitiv
139_11.wav	Săgetător. O să vă scoată la cafea cineva care vrea să vă propună un business și o să vă consultați agenda să vedeți dacă aveți timp sau nu.	fem	Neti Sandu	pozitiv
139_13.wav	Vărsător. Poate vă luați vreo două zile cazare pe undeva ca să vă eliberați de griji, să vă recapătați forțele fizice, psihice.	fem	Neti Sandu	pozitiv
139_14.wav	Pești. Sfera amoroasă e nuanțată frumos și poate vă bucurați de prezența cuiva care se simte atrasă de voi, această persoană.	fem	Neti Sandu	pozitiv
139_2.wav	Vibrația zilei este unu și e bine să o luăm de la început cu ce nu ne-a reușit, dar și cu lucrurile nou-nouțe, așa e la luna nouă.	fem	Neti Sandu	pozitiv
139_3.wav	Vedem ce se întâmplă în fiecare dintre zodii. Taur. Se poate să vă asociați cu niște oameni ca să dați drumul unui proiect care să vă aducă aprecieri din partea celor care știu câtă muncă a fost acolo.	fem	Neti Sandu	pozitiv
139_4.wav	Gemeni. Poate e nevoie de un consult medical ca să știți sigur dacă sunteți sănătoși.	fem	Neti Sandu	negativ
139_6.wav	Rac. Se poate să vă uniți forțele cu ale unora care sunt pricepuți și o să vă apucați de treabă de luni încolo.	fem	Neti Sandu	pozitiv
139_9.wav	Balanța. O să ajungeți la un concert, la un târg tradițional, o să fie o șansă de a vă întâlni și cu prieteni mai vechi, mai noi.	fem	Neti Sandu	pozitiv
142_0.wav	Surprize astăzi. Povestim la următoarele de ce. O să venim în ajutorul unor oameni dragi care au nevoie de o vorbă, un sfat,	fem	Neti Sandu	pozitiv
142_14.wav	Poate primiți un răspuns afectiv de la cineva cu care ați avut răbdare,	fem	Neti Sandu	pozitiv
142_18.wav	Berbec. Poate se face în sfârșit lumină într-o chestiune de ordin sentimental și o să vă înțelegeți mult mai bine cu partenerul de cuplu.	fem	Neti Sandu	pozitiv
142_5.wav	Rac. Se poate să vă lăsați antrenați așa într-o activitate care să vă aducă un profit și să vă gestionați energia,	fem	Neti Sandu	pozitiv
142_8.wav	E cineva care insistă să lucrați împreună, dar nu acceptați voi cu una, cu două, că sunteți conservatori, dar cine știe?	fem	Neti Sandu	negativ
148_0.wav	O zi, vă spun, chiar frumoasă. Se schimbă vibrația.	fem	Neti Sandu	pozitiv
148_1.wav	Jupiter intră în zodia taurului și o să avem grijă de banii noștri, dar și de noi, ca să ne mai și relaxăm.	fem	Neti Sandu	pozitiv
148_10.wav	Balanța. Întrevedere cu cineva care se luptă de multă vreme să vă convingă de faptul că sentimentele pe care vi le poartă sunt sincere.	fem	Neti Sandu	pozitiv
148_14.wav	Capricorn. E cineva care vă place și o să vă spună, numai să fiți și voi pregătiți cu răspunsul, dacă sunteți interesați, bineînțeles.	fem	Neti Sandu	pozitiv
148_18.wav	Berbec. Vine cineva după o absență îndelungată și o să faceți echipă?	fem	Neti Sandu	pozitiv
148_19.wav	O să puteți fi împreună de acum încolo, o să vedeți. O zi chiar frumoasă.	fem	Neti Sandu	pozitiv
148_2.wav	Vibrația zilei este șapte și o să facem alegeri înțelepte de aici încolo, să vedem ce se întâmplă în fiecare dintre zodii. Taur.	fem	Neti Sandu	pozitiv
148_7.wav	Leu. O invitație de mers la un spectacol, poate faceți parte dintr-un grup	fem	Neti Sandu	pozitiv
148_9.wav	Se poate să aveți de susținut un examen, un interviu, să luați un doctorat sau o să fie alt gen de validare.	fem	Neti Sandu	negativ
14_10.wav	Capricorn. Vi se fac promisiuni de bani în plus și o să vă fie mai ușor să duceți la bun sfârșit toate obligațiile, atât pe cele de serviciu cât și pe cele din particular.	fem	Neti Sandu	pozitiv
14_11.wav	Vărsător. E posibil să apară ceva nou la serviciu și să vă implicați așa de la bun început în proiectul respectiv ca să vă asigurați succesul.	fem	Neti Sandu	pozitiv
14_12.wav	Pești. E momentul să treceți și pe la doctor, să vă faceți un set de analize medicale, să vedeți cum stați și să vă și tratați, dacă e ceva.	fem	Neti Sandu	negativ
14_16.wav	Provocări, azi am zis.	fem	Neti Sandu	negativ
14_3.wav	Vibrația zilei este patru și e bine să avem grijă de casă și de familie. Vedem acum ce se întâmplă în fiecare dintre zodii. Rac.	fem	Neti Sandu	pozitiv
14_4.wav	Vin bani din surse colaterale, poate sunt acele sume restante care tot nu mai ajungeau la voi, acum însă gata, le recuperați.	fem	Neti Sandu	pozitiv
14_5.wav	Leu. Se poate să aveți cheltuieli mari în perioada asta, poate pentru că vă luați altă mașină sau ca să plecați în concediu.	fem	Neti Sandu	negativ
14_6.wav	Fecioara. Se încearcă, o să vedeți cooptarea voastră într-o acțiune care poate fi particular și să le fiți de ajutor unor oameni.	fem	Neti Sandu	pozitiv
14_7.wav	Balanța. Are loc o lansare la apă. O fi un proiect care o să vă dea de furcă, dar vin și satisfacțiile deloc modeste.	fem	Neti Sandu	pozitiv
14_8.wav	Scorpion. O să-și facă apariția cineva care se străduie de multă vreme să vă cucerească și poate de data asta va și reuși.	fem	Neti Sandu	pozitiv
14_9.wav	Săgetător. Se rezolvă chestiuni mai vechi și o să faceți un salt calitativ.	fem	Neti Sandu	pozitiv
151_0.wav	O zi destinsă. O să ne achităm de obligație morală, de mers într-o vizită, de ieșit de la cafea cu cineva sau până în parcuri, la meci, la piscină să ne revigorăm.	fem	Neti Sandu	pozitiv
151_10.wav	Capricorn. Păreți ceva mai relaxați cu banii și dacă aveți totuși chef de ieșit din casă, e clar, o să aveți bani de buzunar.	fem	Neti Sandu	pozitiv
151_11.wav	Vărsător. Se poate să vă duceți într-o vizită, să ziceți cuiva la mulți ani sau casă de piatră și să aveți o stare de spirit cât se poate de bună.	fem	Neti Sandu	pozitiv
151_12.wav	Pești. O să vă bucurați de prezența unor oameni dragi pe care nu i-ați putut vedea de ceva vreme și o să fie un balsam sufletesc.	fem	Neti Sandu	pozitiv
151_13.wav	Berbec. Se invită cineva, poate e o petrecere la voi sau poate e ceva important pe care n-ați vrea să-l ratați în altă parte și vă duceți.	fem	Neti Sandu	pozitiv
151_14.wav	O zi destinsă!	fem	Neti Sandu	pozitiv
151_2.wav	Taur. O să vă bucurați de întâlnirea cu cineva care vă invită în oraș și se poate lega o frumoasă poveste de dragoste dacă sunteți singuri.	fem	Neti Sandu	pozitiv
151_3.wav	Gemeni. Se poate să dați o fugă pe undeva și să vă bucurați de anturajul cu care plecați și de vreme, de peisaje.	fem	Neti Sandu	pozitiv
151_4.wav	Rac. S-ar putea să vă duceți într-un parc de agrement, la rugămințile copiilor sau într-o stațiune turistică unde vă e mai aproape.	fem	Neti Sandu	pozitiv
151_5.wav	Leu. Vă caută cineva care vrea să lăsați toate preocupările și să plecați împreună într-un dus întors așa mare, munte, da, și vă duceți.	fem	Neti Sandu	pozitiv
151_6.wav	Fecioara. Se poate să vă invite cineva la masă fără un motiv festiv și o să vă prindă bine să schimbați impresii între două feluri de mâncare.	fem	Neti Sandu	pozitiv
151_7.wav	Balanța. Întâlnire cu oameni simpatici care să vă ajute să scăpați de oboseală și să nu vă mai gândiți la stresul de zi cu zi.	fem	Neti Sandu	pozitiv
151_8.wav	Scorpion. O să vă ia prin surprindere vizita cuiva și o să vă întrebați dacă nu cumva vă îndreptați spre o relație și mai serioasă. O căsătorie.	fem	Neti Sandu	pozitiv
151_9.wav	Săgetător. Poate vă invită cineva la o ceremonie, se decernează niște premii, ori poate e o cununie religioasă.	fem	Neti Sandu	pozitiv
153_0.wav	Taur. Se poate să dați o petrecere de zi aniversară, chiar cu o oarecare întârziere, poate fi un alt motiv de stat la taclale cu prietenii și să vă simțiți cu toții bine.	fem	Neti Sandu	pozitiv
153_1.wav	Gemeni. Apar situații neprevăzute, pot fi și surprize plăcute din partea celor care vă iubesc, dar și voi aveți o stare de spirit la nivel înalt și o să fie o efervescență.	fem	Neti Sandu	pozitiv
153_11.wav	Vărsător. Se poate să treceți în revistă mondenitățile ca să vă reactualizați niște contacte, relații de afaceri și să vă puneți la curent cu noutățile.	fem	Neti Sandu	pozitiv
153_12.wav	Pești. Se poate să vi se facă o surpriză, să primiți un cadou, invitație în oraș sau la plimbare mai departe de casă și să vă atingă acolo la coarda sensibilă.	fem	Neti Sandu	pozitiv
153_2.wav	Rac. Aveți nevoie de socializare și poate ieșiți pe la târguri, expoziții ca să vă încărcați bateriile că v-o fi ajuns oboseala și e nevoie de o gură de aer proaspăt.	fem	Neti Sandu	pozitiv
153_3.wav	Leu. E cineva care vă roagă de multă vreme să ieșiți la o întâlnire și să fiți însfârșit de acord ca să și testați compatibilitatea. Există? Nu există?	fem	Neti Sandu	pozitiv
153_4.wav	Fecioara. Poate vă faceți timp să ieșiți la cafea cu cineva care vrea să vă propună un job și dacă nu vă grăbește nimic, vă gândiți, faceți un calcul și dați răspunsul săptămâna viitoare.	fem	Neti Sandu	pozitiv
153_6.wav	Scorpion. E posibil să vă duceți într-o vizită sau la un spectacol, la un party, poate fi și un boten sau poate că se căsătoresc niște prieteni.	fem	Neti Sandu	pozitiv
155_11.wav	Săgetător. Se poate să aveți un eveniment în familie și să vă ocupați de tratație, de invitați că să se simtă toată lumea bine.	fem	Neti Sandu	negativ
155_15.wav	Berbec. Poate faceți o tratație la voi acasă, o fi o zi de naștere sau oți fi avut un succes.	fem	Neti Sandu	pozitiv
155_16.wav	Pe curând. O zi frumoasa vă spun. O să revin puțin mai tărziu. V-aștept!	fem	Neti Sandu	pozitiv
155_4.wav	Taur. O să puteți ieși la un prânz în doi, vă duceți la un picnic să vă bucurați de soare, de mirosul florilor, al ierbii, de aer. Gemeni.	fem	Neti Sandu	pozitiv
155_5.wav	O chestiune sufletească erodează cam de la începutul anului și daca faceți abstracție de ea, să știți că nu se vă rezolva de la sine, trebuie făcut ceva.	fem	Neti Sandu	negativ
155_6.wav	Rac. Se poate să vă duceți la o zi de naștere, de căsătorie, o fi poate un botez care o să adune lume cu care o să vă întrețineți frumos chiar.	fem	Neti Sandu	pozitiv
155_8.wav	Fecioara. Vi se fac promisiuni de ieșit de la plimbare, prin țară, daca aveți chef, vă puteți duce cu familia, cu prietenii pe undeva.	fem	Neti Sandu	pozitiv
155_9.wav	Balanță. O să răsturnați pușculița că să faceți rost de bani, să dați o fugă la mare, la munte.	fem	Neti Sandu	pozitiv
158_10.wav	Scorpion. Se poate să lucrați în formula de grup, dar să nu vă înțelegeți la fel de bine cu toți membrii echipei,	fem	Neti Sandu	negativ
158_13.wav	Capricorn. Se poate să apară de undeva niște bani și să aveți cu ce să ieșiți cu ai voștri în oraș, în afară, prin țară, pe undeva.	fem	Neti Sandu	pozitiv
158_3.wav	Taur. O problemă de familie se cere urgent rezolvată și poate se reunește familia zilele astea	fem	Neti Sandu	negativ
158_7.wav	Leu. O să faceți tot posibilul să plecați pe undeva ca să vă detașați de problemele curente care v-au tot stresat în ultima vreme.	fem	Neti Sandu	negativ
158_8.wav	Fecioara. Se poate să vă consultați cu familia în privința unui party care va avea loc în weekend. Cine să participe și cu ce.	fem	Neti Sandu	pozitiv
161_10.wav	Balanța. Vă socotiți banii să vedeți dacă vă ajung ca să schimbați mașina, iar dacă e vorba despre casă, probabil trebuie un credit.	fem	Neti Sandu	negativ
161_11.wav	Scorpion. Un proiect nou la serviciu și o să vă alegeți cu bani frumoșă, poate urmează și o promovare.	fem	Neti Sandu	pozitiv
161_12.wav	Săgetător. Vă invită cineva într-o plimbare și dacă nu aveți alt program mâine, voi mâine vă duceți.	fem	Neti Sandu	pozitiv
161_14.wav	Vărsător. Poate o să reveniți în ajutor părinților, rudelor mai în vârstă și o să vă fie apreciat gestul de omenie. Pești.	fem	Neti Sandu	pozitiv
161_15.wav	O să faceți pace cu niște prieteni care nu v-au putut ajuta atunci când le-ați solicitat ajutorul și o să vă vedeți mai des.	fem	Neti Sandu	pozitiv
161_16.wav	Berbec. Poate ar trebui să fiți mai comunicativi, așa că probabil uneori tăcerea voastră se traduce greșit.	fem	Neti Sandu	negativ
161_2.wav	Vibrația zilei este unsprezece, număr maestru, și o să știm să facem față provocărilor.	fem	Neti Sandu	pozitiv
161_3.wav	Vedem ce se întâmplă la fiecare dintre zodii. Taur. O problemă de sănătate se rezolvă dacă vă duceți la medic.	fem	Neti Sandu	negativ
161_4.wav	Vă faceți și niște investigații medicale ca să știți cu ce să vă tratați dacă e ceva, se descoperă ceva.	fem	Neti Sandu	negativ
163_0.wav	Rezolvări azi. O să primim atenționări și o să știm ce avem de făcut pe ce anume pică accentul și o să ne descurcăm frumos.	fem	Neti Sandu	pozitiv
163_1.wav	Vibrația zilei este unu și e bine să o luăm de la început cu ce ne dorim să se definitiveze ca lumea.	fem	Neti Sandu	pozitiv
163_10.wav	Săgetător. Vi se răsplătesc orele de muncă suplimentară și o să primiți aprecieri din partea șefilor după ce v-au solicitat în fel și chip.	fem	Neti Sandu	pozitiv
163_11.wav	Capricorn. Un semn de atenție din partea cuiva care ține la voi dar n-a îndrăznit să se apropie pentru că n-a primit încurajări și totuși vine.	fem	Neti Sandu	pozitiv
163_12.wav	Vărsător. Poate vă oferiți să lucrați la un proiect la serviciu care să vă aducă bani, că s-ar putea suplimenta veniturile.	fem	Neti Sandu	pozitiv
163_13.wav	Pești. O să reglați o situație scriptică, să puteți avansa fie cu studiile, fie cu alte demersuri de afaceri ca să definitivați niște lucrări.	fem	Neti Sandu	pozitiv
163_2.wav	Vedem ce se întâmplă în fiecare dintre zodii. Taur. Vi se plătesc niște sume restante și o să vă descurcați frumos cu banii,	fem	Neti Sandu	pozitiv
163_6.wav	Leu, vin bani atât de la serviciu cât și din surse paralele și o să aveți cu ce să plecați în concediu așa cum ați visat.	fem	Neti Sandu	pozitiv
163_8.wav	Balanța, relația cu partenerul de cuplu e pe punctul de a fi legalizată, așa pare.	fem	Neti Sandu	pozitiv
163_9.wav	Scorpion, poate vă parvine un rezultat de la școală sau de la un interviu și o să vă bucurați de o nouă deschidere.	fem	Neti Sandu	pozitiv
167_0.wav	Surprize astăzi. O să culegem roadele eforturilor noastre, o să ne achităm de toate obligațiile morale, materiale, față de toți cei cărora le-om fi fost datori.	fem	Neti Sandu	pozitiv
167_10.wav	Capricorn, poate vă luptați pentru drepturile copiilor sau le asigurați o vacanță acolo unde și-au dorit.	fem	Neti Sandu	pozitiv
167_12.wav	Pești, e cineva care vă face curte și o să vă lăsați impresionați dacă nu e nimeni în viața voastră și chiar vă doriți.	fem	Neti Sandu	pozitiv
167_2.wav	Vedem acum ce se întâmplă în fiecare dintre zodii. Taur. Apare o veste neașteptată. Poate vă face o vizită cineva care v-a dus dorul și o să vă meargă bine de aici încolo.	fem	Neti Sandu	pozitiv
167_3.wav	Gemeni, o să vă puteți împăca după niște neînțelegiri cu cineva la care țineți și la care nu vreți să renunțați în ruptul capului.	fem	Neti Sandu	pozitiv
167_4.wav	Rac, se poate să întâlniți pe cineva care să rezoneze cu stilul vostru și să începeți o relație care să vă facă fericiți.	fem	Neti Sandu	pozitiv
167_5.wav	Leu, sunt lucruri de rezolvat pe acasă, poate sunt niște reparații, vă luați imobilă nouă sau aparatură ca să dați altă alură interiorului.	fem	Neti Sandu	negativ
167_6.wav	Fecioara, o să puteți ajunge acolo unde v-ați propus mai demult și o să vă luați o porție generoasă de respiro acum sau în weekend.	fem	Neti Sandu	pozitiv
167_8.wav	Scorpion, e cineva care vrea să vă întâlniți, să stați de vorbă și poate fi începutul unei frumoase povești de dragoste.	fem	Neti Sandu	pozitiv
167_9.wav	Săgetător, sfera sentimentală e tot animată și se poate să apară cineva care să vă fascineze și să vă îndrăgostiți.	fem	Neti Sandu	pozitiv
171_1.wav	O să ne bucurăm de revederea unor oameni și locuri de care avem nevoie sufletește și o să uităm de toate greutățile.	fem	Neti Sandu	pozitiv
171_10.wav	Săgetător. O să vă bucurați de o invitație la masă care poate fi și în alt oraș și o să reîmprospătați o relație la care țineți.	fem	Neti Sandu	pozitiv
171_12.wav	O întâlnire în doi ar pune capăt unor neînțelegeri și v-ați putea continua nestingheriți relația, ca să nu o pierdeți.	fem	Neti Sandu	pozitiv
171_16.wav	O să vă crească stima de sine, că vă simțiți curtați, și o să aveți de unde să alegeți dacă nu există niciun impediment, adică o relație.	fem	Neti Sandu	pozitiv
171_17.wav	Vărsător. O să vă alăturați unui grup ca să aveți șanse mai mari să vă distrați, că singur nu e atât de nostim.	fem	Neti Sandu	pozitiv
171_3.wav	Vi se lansează invitația să porniți la drum acolo unde v-ați propus cu ceva timp în urmă și o să vă placă anturajul. Gemeni.	fem	Neti Sandu	pozitiv
171_4.wav	Poate ieșiți la o cafea cu un posibil partener de afaceri care vine cu idei de proiect în care v-ați putea implica și voi. Rac.	fem	Neti Sandu	pozitiv
171_5.wav	E cineva care ține la voi și vă face o declarație de dragoste, vă ia într-o plimbare prin țară sau în străinătate. Leu.	fem	Neti Sandu	pozitiv
171_7.wav	Fecioara. Va căuta cineva care vine de departe și poate vă dați întâlnire în oraș dacă sunteți sătui de stat în casă. Balanța.	fem	Neti Sandu	pozitiv
171_8.wav	O să reapară cineva care speră să aveți o relație mai bună decât înainte și chiar o să se poată. Scorpion.	fem	Neti Sandu	pozitiv
171_9.wav	Poate revedeți în sfârșit o persoană care vă ajută să treceți cu bine peste o problemă mai delicată de ordin sentimental.	fem	Neti Sandu	pozitiv
173_0.wav	O zi a surprizelor plăcute, să știți.	fem	Neti Sandu	pozitiv
173_1.wav	O să ne achităm de obligațiile morale față de cei cărora le-am promis diverse lucruri și o să fim împăcați, sufletește.	fem	Neti Sandu	pozitiv
173_10.wav	Săgetător, o să vi se facă o invitație la o nuntă, la un botez, și o să vă duceți, că vă plac petrecerile de acest gen.	fem	Neti Sandu	pozitiv
173_11.wav	Capricorn, o să vă caute cineva care vrea să vă propună o afacere cu bătaie lungă și poate vă faceți timp să vă explice în ce constă.	fem	Neti Sandu	pozitiv
173_12.wav	Vărsător, se pare că o să reușiți să vă faceți timp să vă duceți la niște prieteni care vă așteaptă demult și abia acum vă faceți drum într-acolo.	fem	Neti Sandu	pozitiv
173_13.wav	Pești, poate le-ați propus mai demult copiilor că îi scoateți la o plimbare și o să faceți tot posibilul să vă țineți de cuvânt, că ei sunt drăguți și merită.	fem	Neti Sandu	pozitiv
173_6.wav	Leu, aveți chef de socializare și poate vă duceți la un munte, la un botez, la ziua cuiva de naștere, într-un club, să vă dezmorțiți.	fem	Neti Sandu	pozitiv
173_8.wav	Balanța, o să dați o raită prin împrejurimi, să ne faceți o vizită unor cunoștințe, să vă eliberați de stres și să mai vedeți și alte locuri, alți oameni.	fem	Neti Sandu	pozitiv
173_9.wav	Scorpion, se poate să vă reauziți la telefon cu cineva care vrea să vă propună o afacere și care s-ar putea să vă intereseze.	fem	Neti Sandu	pozitiv
175_1.wav	Și să nu ne risipim în tot felul de activități care să ducă la epuizare.	fem	Neti Sandu	negativ
175_11.wav	Care v-ar aduce mulți bani, și totul este să negociați cum trebuie condițiile.	fem	Neti Sandu	pozitiv
175_12.wav	Scorpion, prezența cuiva o să vă aducă energie, chef de viață, luna e la voi acolo și poate vă faceți planuri să plecați pe undeva.	fem	Neti Sandu	pozitiv
175_20.wav	Pe care le-oți fi tot amânat ca să vă puteți duce mâine și la distracție. O zi cu lună plină și energie!	fem	Neti Sandu	pozitiv
175_3.wav	E cineva cu care v-ați putea înțelege de minune și să formați un cuplu dacă nu e nimeni în viața voastră sentimentală.	fem	Neti Sandu	pozitiv
175_7.wav	Leu, o să mai faceți niște schimbări în locuință, că aveți un buget pentru așa ceva, și o să vă reamenajați interiorul.	fem	Neti Sandu	pozitiv
175_8.wav	Fecioara, o să vă întâlniți cu grupul, că aveți program comun	fem	Neti Sandu	pozitiv
175_9.wav	Poate plecați într-o vacanță împreună și o să reușiți acolo să vă destindeți.	fem	Neti Sandu	pozitiv
177_0.wav	Reușite azi, tocmai pentru că e totul complicat. O să apelăm la resursele interioare ca să ne adjudecăm succesul, că am muncit prea mult pentru el, ca să nu mergem până la capăt.	fem	Neti Sandu	pozitiv
177_4.wav	Leu. Se poate să treacă pe la voi cineva diseară, dar dacă sunteți sătui de casă, poate să ieșiți împreună la o plimbare. Fecioara. E cineva dintr-o fostă relație care vă poate deveni	fem	Neti Sandu	pozitiv
177_7.wav	Săgetător. E cineva care vă place și pare să fie reciproc sentimentul și de aici se poate naște o frumoasă poveste de iubire. Capricorn. Se poate să vă faceți timp pentru	fem	Neti Sandu	pozitiv
179_0.wav	O zi de acțiune. O să putem cântări bine de tot situația în care ne aflăm, ca să știm ce decizii să luăm și la repezeală, așa dacă e cazul.	fem	Neti Sandu	pozitiv
179_11.wav	Vărsător, o rază de speranță în sfera sentimentală și o să apară cineva care să vă admire, o să vă aprecieze și o să puteți începe o relație.	fem	Neti Sandu	pozitiv
179_12.wav	Pești, e un rest de plată care trebuia mai demult să ajungă la voi și o să vă descurcați o vreme până vă intră salariul sau banii din colaborări.	fem	Neti Sandu	negativ
179_2.wav	O să aveți de făcut niște drumuri, fie cu treabă, fie vă duceți la odihnă pentru câteva zile, posibil în weekend. Gemeni.	fem	Neti Sandu	pozitiv
179_5.wav	Leu, se poate să vă înscrieți într-o competiție să câștigați un titlu, poate fi și un meci amical și care să vă destindă după o perioadă încordată.	fem	Neti Sandu	pozitiv
179_7.wav	Balanța, se poate să luați niște bani pe care să îi cheltuiți rapid că apar neprevăzute.	fem	Neti Sandu	negativ
179_8.wav	Scorpion, cineva de care sunteți atașați sufletește, revine și dacă mai e locul liber în inima voastră o să mergeți mai departe dacă nu.	fem	Neti Sandu	pozitiv
17_1.wav	V-am zis surprize astăzi de la combinația asta Lună-Uranus.	fem	Neti Sandu	pozitiv
17_12.wav	Săgetător. Poate vă parvin lucrurile pe care le-ați revendicat printr-un proces sau prin negociere cu un fost partener	fem	Neti Sandu	pozitiv
17_14.wav	Capricorn. Poate o să vă apucați de o activitate care v-ar scoate la ivelă talentele ascunse	fem	Neti Sandu	pozitiv
17_16.wav	Vărsător. Or să insiste niște colaboratori să vă angajați dintr-o cursă de succes, să lucrați la ceva care să vă aducă beneficii.	fem	Neti Sandu	pozitiv
17_17.wav	Pești. Se poate să aveți un eveniment în familie la sfârșit de săptămână și să faceți de zori pregătiri,	fem	Neti Sandu	pozitiv
17_19.wav	Berbec. O să fie ceva nou de lucru la serviciu, poate să fie un proiect particular	fem	Neti Sandu	pozitiv
17_5.wav	Vi se dă un răspuns, primiți bani, un aviz favorabil că puteți da drumul unui proiect care promite să vă aducă bani frumoși.	fem	Neti Sandu	pozitiv
181_16.wav	E cineva interesat să lucreze cu voi și poate faceți cumva să vă contorizați efortul	fem	Neti Sandu	pozitiv
181_18.wav	Apar noi oportunități de a vă lansa pe o nouă orbită profesională	fem	Neti Sandu	pozitiv
181_20.wav	Se poate să întâlniți cu cineva care să vă facă fericiți că veți descoperi compatibilitatea care să vă ajute să vorbiți același dialect.	fem	Neti Sandu	pozitiv
181_21.wav	O zi destinsă.	fem	Neti Sandu	pozitiv
181_6.wav	Rac. Încă vă mai frământă niște aspecte de ordini sentimental și o să vă destăinuiți ființei iubite ca să vă puteți continua relația.	fem	Neti Sandu	pozitiv
181_9.wav	Se poate să vină mai mulți bani de la serviciu și să vă ajungă pentru ieșire la sfârșit de săptămână,	fem	Neti Sandu	pozitiv
183_1.wav	Vibrația zilei este unu și e bine să ne restartăm, da? Ca să folosim energia momentului.	fem	Neti Sandu	pozitiv
183_15.wav	Berbec. Vă puteți alege cu o sumă de bani și să faceți o investiție care să sporească pe parcursul anului să fie un succes.	fem	Neti Sandu	pozitiv
183_2.wav	Vedem ce se întâmplă în fiecare dintre zodii. Taur. Or se se adune bani din mai multe surse, poate or fi colaborări și o să reușim să punem și niște bani deoparte.	fem	Neti Sandu	pozitiv
183_3.wav	Gemeni, e momentul să faceți o programare la medic să vedeți dacă stați bine cu sănătatea și dacă nu, să luați un tratament.	fem	Neti Sandu	negativ
183_4.wav	Rac. Se poate să vă intereseați de starea de funcționare a mașinii și o să vă duceți la service ca să-i faceți o evaluare.	fem	Neti Sandu	negativ
183_5.wav	Poate nu azi, dar vă programați.	fem	Neti Sandu	pozitiv
183_8.wav	Fecioara. O să vă mai și odihniți după o perioadă încărcată și nu o să rămâneți acasă, poate vă duceți în vizită la rude.	fem	Neti Sandu	pozitiv
183_9.wav	Balanța. Întrevedere cu cineva care vrea să vă convingă să lucrați împreună, chiar și în particular, și o să vi se pară o combinație fericită, o să vedeți.	fem	Neti Sandu	pozitiv
185_0.wav	Bună dimineața! Cod QR de scanat cu telefonul mobil ca să aflăm ce se întâmplă la horoscopi. E o zi senină.	fem	Neti Sandu	pozitiv
185_10.wav	Se poate să vină în vizită copiii, nepoții, strănepoții, finii, cei cărora le e dor de voi.	fem	Neti Sandu	pozitiv
185_12.wav	Capricorn! Se poate să vă duceți la un botez sau e o aniversare a copiilor, nepoților, copiii par să fie eroii	fem	Neti Sandu	pozitiv
185_7.wav	Leu! O să dați zor să vă achitați de toate obligațiile morale ca să vă duceți cu prietenii în oraș, la plimbare, în parc, la picnic.	fem	Neti Sandu	negativ
185_9.wav	Balanța! E bine să circulați cu prudență ca să nu încasați vreo amendă, fie că sunteți la volan sau pieton. Scorpion!	fem	Neti Sandu	negativ
188_1.wav	O zi frumoasă. O să ne putem întâlni cu oameni pe care nu credeam că o să-i mai vedem și o să ne consolidăm relațiile.	fem	Neti Sandu	pozitiv
188_10.wav	Scorpion. Cineva cu care ați mai încercat o relație revine cu timiditate așa și poate îi mai acordați o șansă că poate să s-a schimbat.	fem	Neti Sandu	pozitiv
188_11.wav	Săgetător. E un grup care vă ia pe sus într-o excursie și vă puteți întoarce și diseară, târziu, dar și mâine.	fem	Neti Sandu	pozitiv
188_12.wav	Capricorn. Poate le pregătiți celor mici o petrecere, or fi o întrecere sportivă sau o serbare, e ceva care o să fie antrenant pentru ei.	fem	Neti Sandu	pozitiv
188_14.wav	Pești. Poate vă luați o revanșă față de niște prieteni care v-au întrecut într-o competiție, indiferent de ce gen, și-i provocați la un duel, la o întrecere.	fem	Neti Sandu	pozitiv
188_16.wav	O zi frumoasă!	fem	Neti Sandu	pozitiv
188_5.wav	Gemeni. O problemă de suflet vă răscolește și până nu o să vorbiți deschis cu persoana în cauză, nu o să vă liniștiți.	fem	Neti Sandu	negativ
188_6.wav	Rac. Poate organizați o masă festivă în familie cu un prilej anume și o să vă bucurați de prezența unor oameni care vă sunt dragi.	fem	Neti Sandu	pozitiv
188_7.wav	Leu. Se poate să primiți o invitație la plimbare, poate să fie o cină romantică și să vă treziti și cu un cadou.	fem	Neti Sandu	pozitiv
188_8.wav	Fecioara. Poate o să descoperiți niște bani în cont și o să aveți cu ce să călătoriți sau să vă duceți la distracție.	fem	Neti Sandu	pozitiv
191_12.wav	Capricorn, o să vă ocupați de copii, îi duceți acolo unde le-ați promis, poate e o zi aniversară și pregătiți așa un mini party.	fem	Neti Sandu	pozitiv
191_7.wav	Leu, se poate să puneți umărul la pregătirea unui eveniment care v-ar aduce și vouă un plus de vizibilitate că o să iasă ceva frumos.	fem	Neti Sandu	pozitiv
191_8.wav	Fecioara, se poate să se contramandeze o reuniune cu prietenii, dar o să puneți în locul ei o preocupare deconectantă și tot bine o să fie.	fem	Neti Sandu	pozitiv
194_1.wav	Ies niște secrete la iveală și o să luăm și noi atitudine, o să mai facem niște schimbări pe aici, pe colo.	fem	Neti Sandu	pozitiv
194_11.wav	Scorpion. Se poate să reziliați un contract și să optați în favoarea altuia ca să vă asigurați un alt confort financiar.	fem	Neti Sandu	negativ
194_12.wav	Săgetător. E cineva care nu v-a putut uita, vă căută, vine cu promisiuni de viață frumoasă în doi și o să vă încercați șansa de a fi împreună.	fem	Neti Sandu	pozitiv
194_16.wav	Am zis? Berbec. Încă mai puteți spera la o împăcare cu ființa iubită ca să vă puteți întemeia și voi o familie.	fem	Neti Sandu	pozitiv
194_5.wav	Și totul se amplifică. E momentul să urmați un tratament dacă simțiți ceva în neregulă.	fem	Neti Sandu	negativ
194_6.wav	Gemeni. Se repară prin minune o relație sentimentală și dați uitării toate neînțelegerile. Mergeți mai departe și o să fiti fericiți.	fem	Neti Sandu	pozitiv
197_14.wav	Capricorn. Vă luați lucruri noi pentru casă, pe unele poate le primiți cadou că fie v-ați mutat, fie v-ați	fem	Neti Sandu	pozitiv
197_7.wav	Poate fi un prilej anume ca să ieșiți cu prietenii în oraș, poate sălbătoriți ceva sau aveți de împărțit, nu știu, poate împărtășiți	fem	Neti Sandu	pozitiv
199_4.wav	Sănătatea să fie pe primul loc în perioada asta și să vă duceți la un consult ca să nu apară probleme	fem	Neti Sandu	negativ
201_1.wav	Pentru azi avem o zi echilibrată. O să avem chef și de treabă și de petrecut un timp cu ai noștri, afară, acasă,	fem	Neti Sandu	pozitiv
201_10.wav	Balanța, se așteaptă un răspuns de la voi cu privire la un business pe care l-ați putea începe și trebuie să spuneți da sau ba.	fem	Neti Sandu	pozitiv
201_18.wav	Pești, e posibil să vă scoată la cafea cineva care vă supărase cu o vorbă, cu un gest	fem	Neti Sandu	negativ
201_3.wav	Taur. Se vine cu oferte de lucru, de colaborare și o să vă consultați agenda înainte de a face o alegere ca să nu vă pripiți.	fem	Neti Sandu	pozitiv
201_6.wav	Rac, vin bani și o să dați o raită așa pe la cumpărături ca să faceți aprovizionare și mai echitați și niște facturi.	fem	Neti Sandu	pozitiv
201_7.wav	Leu, apar niște schimbări la serviciu și poate candidați pentru un post ca să lucrați în condiții mai bune și să fiți mai bine plătiți.	fem	Neti Sandu	pozitiv
201_8.wav	Fecioara, o să legalizați acele acte pentru care ați tot făcut drumuri	fem	Neti Sandu	pozitiv
203_11.wav	Săgetător, apare cineva care dispăruse din peisaj și o să vedeți dacă i-ați simțit lipsa în ultima vreme sau nu.	fem	Neti Sandu	pozitiv
203_12.wav	Capricorn, se poate să aveți musafiri, dar să aveți chef mai degrabă de ieșit în oraș, ca să mai vedeți și altă lume, că oți fi satui de casă.	fem	Neti Sandu	pozitiv
203_2.wav	"Vibrația zilei este cinci și o să avem curaj să spunem ""te iubesc""."	fem	Neti Sandu	pozitiv
203_5.wav	Gemeni, relația de cuplu o să fie mult mai nuanțată dacă o să vă faceți program comun cu ființa iubită, că doar așa o să fiți și doar voi.	fem	Neti Sandu	pozitiv
203_6.wav	Rac, o să vă puteți împăca după o lungă absență cu cineva care vă e lipit de suflet, dar orgoliile le v-or fi încurcat, împiedicat să vă cereți iertare.	fem	Neti Sandu	negativ
203_7.wav	Leu, o să vă lăsați transportați așa la un meci, o gală, la un botez, o să fie cu atmosferă festivă și o să vă placă.	fem	Neti Sandu	pozitiv
203_8.wav	Fecioară, se poate să vi se facă o surpriză, să primiți un cadou și să faceți cinste că e ceva care o să vă facă într-adevăr plăcere.	fem	Neti Sandu	pozitiv
203_9.wav	"Balanță, poate plecați într-o excursie ca să vizitați un obiectiv turistic și să mai treceți și pe la vreun prieten să-i ziceți un ""la mulți ani"" ori ""casa de piatră""."	fem	Neti Sandu	pozitiv
205_12.wav	Pești. E posibil să-i treziți sentimente de gelozie ființe iubite, deși nu faceți nimic greșit și totuși să se înțeleagă altceva. Fiți mai atenți.	fem	Neti Sandu	negativ
205_2.wav	Taur. O să vă faceți timp să petreceți câteva ore cu rudele apropiate și să puneți la cale un eveniment care va avea loc în curând.	fem	Neti Sandu	pozitiv
205_4.wav	Rac. Prietenii vor să dați o fugă prin împrejurimi, că o fi o destinație care era mai demult în agenda voastră și o să fie deconectant.	fem	Neti Sandu	pozitiv
205_6.wav	Fecioara. O să țineți cont de preferințele partenerului de cuplu și vă faceți program comun ca să spargeți monotonia, rutina, să aduceți un plus de culoare în relație.	fem	Neti Sandu	pozitiv
205_7.wav	Balanța. Poate prindeți din zbor o ofertă de colaborare și o să vă gândiți până săptămâna viitoare dacă e convenabilă sau nu.	fem	Neti Sandu	pozitiv
205_8.wav	Scorpion. Se poate să primiți un e-mail referitor la o colaborare și să lăsați la dospit acolo oferta, acasă, vă relaxați ca lumea în weekend.	fem	Neti Sandu	pozitiv
213_1.wav	S-avem grijă de noi, de ceilalți, să ne gândim de două ori înainte de a lua o decizie, ca să fim în acord cu noi.	fem	Neti Sandu	pozitiv
213_11.wav	Balanța. O problemă de sănătate vă poate zgândări și dacă o s-o ignorați o să vă facă și mai mari neplăceri, vă spun.	fem	Neti Sandu	negativ
213_14.wav	Săgetător. O să vă puteți întâlni și voi cu cineva care să fie pe tiparul vostru	fem	Neti Sandu	pozitiv
213_5.wav	Gemeni. Sunt niște răscoliri sufletești care se pot calma dacă vă luați inima în dinți	fem	Neti Sandu	pozitiv
213_7.wav	Rac. Întrevedere cu cineva care vă propune un job și o să cântăriți bine de tot situația înainte de a da un răspuns.	fem	Neti Sandu	pozitiv
215_17.wav	Vărsător. Sfera sentimentală e frumos nuanțată și o să vă puteți găsi și voi pe cineva	fem	Neti Sandu	pozitiv
215_8.wav	Rac. Se poate să luați acei bani pe care-i așteptați, poate de anul trecut și să vă luați ce vă trebuie pentru casă și familie.	fem	Neti Sandu	pozitiv
215_9.wav	Leu. O să tot fiți invitați pe la mondenități și veți ajunge la un spectacol, un meci, o lansare de produs.	fem	Neti Sandu	pozitiv
219_15.wav	Și să căpătați un plus de vizibilitate. Scorpion. Vi se lansează o invitație pentru weekend.	fem	Neti Sandu	pozitiv
219_16.wav	Să plecați pe undeva dacă nu o să fiți prinși cu alte treburi pe acasă. Săgetător.	fem	Neti Sandu	negativ
219_9.wav	Se poate să vă încerce niște regrete, că n-ați spus lucrurilor pe nume,	fem	Neti Sandu	negativ
21_0.wav	Bună dimineața! Cod QR de scanat cu telefonul mobil că să vedem ce se întâmplă la horoscop. Reușite azi.	fem	Neti Sandu	pozitiv
21_1.wav	O să trecem în revistă ce am făcut bun și ce mai avem de făcut că să ne adjudecăm mai repede succesul.	fem	Neti Sandu	pozitiv
21_10.wav	Capricorn. E posibil să va propună cineva o formă de colaborare și să nu îl tratați cu refuz, că nu v-ar stica niște bani.	fem	Neti Sandu	pozitiv
21_11.wav	Vărsător. Poate bateți palma pentru un contract care v-ar asigura banii pe o bună bucată de timp și va apucați de treabă, dar după concediu.	fem	Neti Sandu	pozitiv
21_13.wav	Berbec. O să apară cineva care va vrea înapoi după ce v-oți fi separat și vă puteți gândi serios dacă vă vedeți în relație de aici încolo sau nu.	fem	Neti Sandu	negativ
21_14.wav	Taur. Poate vă dați întâlnire cu prietenii să desfășurați o activitate deconectantă și să puneți țara la cale pentru o plecare în vacanță.	fem	Neti Sandu	pozitiv
21_15.wav	Gemeni. Se poate să aveți de dat un examen, ori vă prezentați la un interviu și o să vă bucurați de succes. Reușite azi!	fem	Neti Sandu	pozitiv
21_2.wav	Vibrația zilei este unsprezece, număr maestru, și o să mai facem încă un pas că să ne depășim pe noi înșine.	fem	Neti Sandu	pozitiv
21_4.wav	O să obțineți OK-ul pentru un proiect și o să va asigurați că vi se respectă toate condițiile specificate acolo în contract.	fem	Neti Sandu	pozitiv
21_6.wav	Fecioara. Vă parvine un act gata asemnat și o să puteți face un împrumut să va luați casă, mașină sau că să plecați câteva zile la distracție, în vacanță.	fem	Neti Sandu	pozitiv
21_7.wav	Balanță. O să va pregătiți de plecare, e de mers pe undeva, poate și cu treabă, dar nu neapărat că aveți nevoie și de odihnă.	fem	Neti Sandu	pozitiv
21_8.wav	Scorpion. E cineva care vrea să va scoată la plimbare, la cafea, să stați la povești, că aveți de urmărit felul vostru de a fi așa că să afle ce vă place și ce nu.	fem	Neti Sandu	pozitiv
221_10.wav	Leu! V-au mai rămas niște rude pe care vreți să le vedeți ca să trăiți împreună atmosfera sărbătorilor pascale și vă duceți.	fem	Neti Sandu	pozitiv
221_11.wav	Fecioara! Se poate să dați o fugă și în alt oraș, dacă e cineva drag care să vă aștepte cu un cozonac, pască, așa, ca de Paște.	fem	Neti Sandu	pozitiv
221_6.wav	Se poate să întâlniți oameni cu care vă doriți să lucrați în echipă, că aveți un numitor comun, talentul. Taur!	fem	Neti Sandu	pozitiv
221_8.wav	Gemeni! Poate ieșiți la o întâlnire cu cineva pe care nu l-ați mai văzut de multă vreme și o să vă bucurați de niște daruri și de vești bune.	fem	Neti Sandu	pozitiv
221_9.wav	Rac! Se pare că nu o să puteți evita niște cheltuieli, poate sunteți pe drumul de întoarcere de pe unde oți fi fost plecați.	fem	Neti Sandu	negativ
225_10.wav	Fecioara! E posibil să se anunțe cineva care vine de departe și o să vă străduiți să fiți gazde bune dacă nu plecați pe nicăieri.	fem	Neti Sandu	pozitiv
225_11.wav	Balanța! Se poate întâmpla să apară și lume nouă printre invitații de la masă de înviere și să întrețineți relațiile.	fem	Neti Sandu	pozitiv
225_12.wav	Scorpion! Cineva de care vă e dor reapare în peisaj și o să vă bucurați de sărbătoarea Paștelui că e un prilej să vă reinventați.	fem	Neti Sandu	pozitiv
225_14.wav	Capricorn! O să fiți invitați de onoare, poate la un eveniment spectacol și o să fie o atmosferă pe gustul vostru.	fem	Neti Sandu	pozitiv
225_16.wav	Pești! Vă puteți bucura de o invitație la cineva care vă așteaptă de ceva vreme și aceste sărbători sunt chiar o ocazie perfectă să vă revedeți.	fem	Neti Sandu	pozitiv
225_9.wav	Leu! Vă puteți deplasa cu arme și bagaje spre o destinație de vacanță și să mergeți acolo la înviere și să vă și relaxați în următoarele zile.	fem	Neti Sandu	pozitiv
231_13.wav	Capricorn, poate vă hotărâți să plecați prin împrejurimi după Paște și alegeți prietenii rudele.	fem	Neti Sandu	pozitiv
231_15.wav	Pești, partenerul de cuplu traversează, să știți, o perioadă de frământări și o să vă străduiți să nu tulburați apele, așa ar fi de dorit.	fem	Neti Sandu	negativ
231_16.wav	O zi cu dezvaluiri.	fem	Neti Sandu	pozitiv
231_6.wav	Gemeni, sufletește, ar fi momentul să întâlniți pe cineva și să construiți o relație care să ducă la căsătorie, așa, treptat, nu dintr-o dată.	fem	Neti Sandu	pozitiv
231_9.wav	Fecioara, or să vă invite niște rude la ele de Paște și e posibil să vă duceți prin țară, pe undeva.	fem	Neti Sandu	pozitiv
233_10.wav	O să vă strânească interesul și o să faceți rost de bani să nu pierdeți o astfel de ocazie. Fecioara.	fem	Neti Sandu	pozitiv
233_11.wav	O să puteți legaliza un act, să încheiați o situație școlară și o să scăpați de niște griji. Balanța.	fem	Neti Sandu	pozitiv
233_12.wav	Relația voastră de cuplu se nuanțează frumos și dacă nu e nimeni, apare. Iar dacă sunteți căsătoriți, vă reînnoiți jurămintele.	fem	Neti Sandu	pozitiv
233_14.wav	Săgetător. O să dați de oameni amabili care să vă susțină moralul și o să vă faceți program să ieșiți împreună în perioada asta.	fem	Neti Sandu	pozitiv
233_18.wav	Așa pentru care au fost plătiți și atunci cineva trebuie să o facă, probabil voi. Pești.	fem	Neti Sandu	negativ
233_2.wav	O să ne putem lupta pentru drepturile noastre și să și câștigăm toate bătăliile pentru că avem energie și determinare.	fem	Neti Sandu	pozitiv
233_4.wav	Încep să se adună banii pe care îi mai aveați de luat și o să vă permiteți o plecare în vacanță, poate chiar în această vacanță de Paște.	fem	Neti Sandu	pozitiv
233_9.wav	Și vedem dacă e posibil. Și dacă vi se propune, poate vă dați acceptul. Leu. O plecare în vacanță.	fem	Neti Sandu	pozitiv
235_12.wav	Leu. În orice moment vi se poate legaliza acel act pe care l-așteptați cine știe de când de o grămadă de timp	fem	Neti Sandu	pozitiv
235_17.wav	Săgetător. Sfera sentimentală e plină de romantism	fem	Neti Sandu	pozitiv
235_3.wav	Vibrația zilei este unsprezece, număr maestru, și poate să fie o zi de cotitură pentru noi toți.	fem	Neti Sandu	pozitiv
235_4.wav	Așteptăm să vedem ce se întâmplă. Berbec. O reușită.	fem	Neti Sandu	pozitiv
237_0.wav	O zi cu energie, tocmai. O să ne adunăm toate resursele, să facem treabă și la serviciu și acasă, să avem grijă și de noi neapărat.	fem	Neti Sandu	pozitiv
237_1.wav	Și ne pregătim sufletește de sărbători. Vibrația zilei este unu și să începem o viață nouă și frumoasă.	fem	Neti Sandu	pozitiv
237_11.wav	Capricorn! Aveți emoții la gândul unei revederi că ați vrea să îi propuneți persoanei cu pricina să petreceți Paștele împreună. Îndrăzniți!	fem	Neti Sandu	pozitiv
237_12.wav	Vărsător! O să dați zor să vă eliberați de toate datoriile financiare și de cele de serviciu, să puteți începe proiecte noi pe curat.	fem	Neti Sandu	pozitiv
237_13.wav	Pești! E momentul să vă programați și la medic, dacă nu în zilele astea, măcar după Paște, să notați acolo, da?	fem	Neti Sandu	negativ
237_2.wav	Vedem acum ce se întâmplă în fiecare dintre zodii. Berbec. O să recuperați niște bani, poate și niște bunuri, că oți fi câștigat un proces și vă primiți drepturile.	fem	Neti Sandu	pozitiv
237_5.wav	Rac, o reușită! Vi se fac promisiuni de avansare, dar în niște condiții că e concurență și atunci trebuie să luptați pentru locul vostru.	fem	Neti Sandu	pozitiv
237_6.wav	Leu! O să triați colaborările și poate mai renunțați la câte ceva ca să nu vă dispersați, ci să faceți un lucru de cea mai bună calitate.	fem	Neti Sandu	pozitiv
237_7.wav	Fecioara! Sunt niște chestiuni care țin de bani, proprietăți, pe care trebuie neapărat să le rezolvați până vineri.	fem	Neti Sandu	negativ
237_9.wav	Scorpion! Vă scoate cineva la cafea, c-o fi ceva important de discutat, poate are legătură cu programul de sărbători.	fem	Neti Sandu	pozitiv
23_1.wav	E o zi condimentată pentru că sunt tot felul de accente pe cer. O să aflăm și vești bune și poate mai puțin grozave, dar una peste alta	fem	Neti Sandu	pozitiv
23_11.wav	Săgetător. Poate faceți ceva cu locuința, vă mutați sau doar zugrăviți, reamenajați interiorul.	fem	Neti Sandu	pozitiv
23_15.wav	Pești. O să puteți rezolva tot felul de treburi și de serviciu și de familie	fem	Neti Sandu	pozitiv
23_17.wav	Berbec. O să depuneți ceva efort ca să mulțumiți pe toată lumea,	fem	Neti Sandu	pozitiv
23_2.wav	O să ne descurcăm frumos și o să-i putem ajuta și pe cei din jurul nostru.	fem	Neti Sandu	pozitiv
23_21.wav	Gemeni. Vă pot intra bani și să luați ceva scump, bilete de vacanță,	fem	Neti Sandu	pozitiv
23_5.wav	Apar căștiguri, pot fi atât de la serviciu, niște sume în completarea salariului, dar și din colaborări.	fem	Neti Sandu	pozitiv
240_0.wav	Bună dimineața, o zi foarte frumoasă!	fem	Neti Sandu	pozitiv
240_10.wav	Scorpion! Se pare că nu o să simțiți la buzunar dacă o să luați și niște cadouri și produse alimentare, că o să aveți musafiri.	fem	Neti Sandu	pozitiv
240_11.wav	Săgetător! Poate o să le întindeți o mână de ajutor unor rude care și-ar dori să vă vedeți mai des și acum tot sunt sărbători.	fem	Neti Sandu	pozitiv
240_12.wav	Capricorn! Poate le pregătiți celor mici un mini party cu surprize, o bătaie cu flori, așa ca de Florii.	fem	Neti Sandu	pozitiv
240_14.wav	Pești! Se poate să vă treziți cu rudele apropiate frați, surori, nepoți care vor să vă bucurați de această zi de sărbătoare.	fem	Neti Sandu	pozitiv
240_2.wav	Vibrația zilei este nouă și o să putem da dovada de generozitate că vine dinăuntru. Să vedem ce se întâmplă în fiecare dintre zodii. Berbec!	fem	Neti Sandu	pozitiv
240_3.wav	Apare cineva care vă poate face viața mai frumoasă și să vă pliați așa pe felul de a fi al acestei persoane.	fem	Neti Sandu	pozitiv
240_4.wav	Taur! O să vă încânte invitația la o sindrofie, sunt oameni pe care nu i-ți mai fi văzut de multă vreme și o să vă bucurați.	fem	Neti Sandu	pozitiv
240_6.wav	Rac! O să ieșiți la rampă cu ceva care să atragă atenția unui segment interesat de produsele pe care le propuneți și de aici o să vină succesul.	fem	Neti Sandu	pozitiv
240_7.wav	Leu! O să dați zor să vă echipați rapid dacă vreți să o porniți la drum, o fi un dus întors.	fem	Neti Sandu	pozitiv
242_11.wav	Săgetător. Poate vă faceți timp să practicați un hobby și o să aveți o și mai bună stare de spirit că v-o fi ajuns și pe voi oboseala.	fem	Neti Sandu	pozitiv
242_12.wav	Capricorn. Se pare că o să vă bucurați de un plus de atenție din partea cuiva care a lipsit o vreme din viața voastră.	fem	Neti Sandu	pozitiv
242_13.wav	Vărsător. Invitații pe la diverse evenimente festive o să primiți dar o să aveți și voi un criteriu de selecție ca să alegeți ce e pe sufletul vostru.	fem	Neti Sandu	pozitiv
242_4.wav	Taur. E posibil să întâlniți la o reuniune amicală, o persoană care să vă propună o afacere și să vă încânte ideea.	fem	Neti Sandu	pozitiv
242_5.wav	Gemeni. E posibil să apară cineva care să reprezinte idealul vostru de partener de cuplu și să iasă o relație.	fem	Neti Sandu	pozitiv
242_6.wav	Rac. O să fiți înconjurați de oameni care țin la voi, sunt dispuși să vă ajute și să vă facă viața mai frumoasă.	fem	Neti Sandu	pozitiv
242_8.wav	Fecioara. Se reunește familia după o perioadă în care fiecare a fost cu treaba lui și o să puneți la cale întâlnirea de Paște, poate.	fem	Neti Sandu	pozitiv
242_9.wav	Balanța. O să vă caute cineva care v-a dus dorul și poate o să vă vedeți mai des de aici înainte că vreți să consolidați relația.	fem	Neti Sandu	pozitiv
244_10.wav	Scorpion, poate faceți o tratație la voi acasă dacă aveți ceva de servit cu prietenii, să vă bucurați împreună cu ei.	fem	Neti Sandu	pozitiv
244_11.wav	Săgetător, se poate să vă îndeletniciți cu ceva care să vă placă, să vă ajute să aveți o stare de spirit cu mult mai bună.	fem	Neti Sandu	pozitiv
244_12.wav	Capricorn, reapare cineva care nu poate trăi fără voi și dacă și voi fără această persoană, o să fie toată lumea fericită, nu?	fem	Neti Sandu	pozitiv
244_13.wav	Vărsător, se poate să vă duceți într-un city break și să vă faceți cunoscute și niște păreri, munca să vorbească iarăși despre voi.	fem	Neti Sandu	pozitiv
244_14.wav	Pești, o să refaceți grupul de prieteni cu care vă întâlneați în timpul liber, plecați în excursii și o să vă luați de acolo energia necesară.	fem	Neti Sandu	pozitiv
244_4.wav	Taur, e cineva care are nevoie de voi ca de aer și o să vă bucurați că vă caută și că o să aveți șansa să deveniți un cuplu.	fem	Neti Sandu	pozitiv
244_5.wav	Gemeni, prietenii au gânduri mari cu voi, vor să desfășurați activități deconectante și să vă refaceți cu toții starea de spirit.	fem	Neti Sandu	pozitiv
244_7.wav	Leu, o să răspundeți afirmativ invitații unor prieteni care vă cheamă la o petrecere și vă duceți, chiar dacă e prin țară pe undeva.	fem	Neti Sandu	pozitiv
244_9.wav	Balanța, o să vă serviți din contul secret ca să ieșiți cu ai voștri pe undeva, să vă eliberați de grijile care vă tulburau somnul.	fem	Neti Sandu	pozitiv
250_0.wav	Luna plină cu de toate. O să vrem să rezolvăm cât mai multe lucruri, că avem energie, normal, e faza maximă.	fem	Neti Sandu	pozitiv
250_1.wav	Sărbătorile bat la ușă și o să avem sport de la luna asta plină.	fem	Neti Sandu	pozitiv
250_12.wav	Balanța, relația cu partenerul de cuplu promite să fie și mai bună, stabilă și să vă și căsătoriți dacă n-ați făcut până acum mișcarea asta.	fem	Neti Sandu	pozitiv
250_13.wav	Scorpion, vă puneți casa la punct, vă îngrijiți și de aici voștri ca să nu fie vreo problemă, să fie toată lumea sănătoasă.	fem	Neti Sandu	negativ
250_14.wav	Săgetător, vă puteți îndrăgosti în orice moment de cineva care să vă transporte așa în al nouălea cer	fem	Neti Sandu	pozitiv
250_16.wav	Capricorn, poveste bună legată de un copil care se va naște în familia voastră sau poate va avea loc un botez în curând.	fem	Neti Sandu	pozitiv
250_17.wav	Vărsător, o să vă asigurați că aveți tot ce vă trebuie acasă pentru sărbători și dacă lipsește ceva, completați și costă.	fem	Neti Sandu	negativ
250_5.wav	E cineva care ați vrea să fie lângă voi și trebuie făcut ceva ca să o aduceți mai aproape pe această persoană.	fem	Neti Sandu	pozitiv
252_12.wav	Vărsător. O să vă puteți impune pe o piață, într-un domeniu și să deveniți și mai cunoscuți, să vi se recunoască munca.	fem	Neti Sandu	pozitiv
252_2.wav	Berbec. Se poate să faceți cunoștință într-un cerc de prieteni, cu cineva care o să vă placă și o să vreți să fiți împreună. Vedeți ce simțiți.	fem	Neti Sandu	pozitiv
252_3.wav	Taur. Poate dați de o destinație de vacanță care se va potrivi întregii familii și pentru câteva zile or să vă ajungă și banii.	fem	Neti Sandu	pozitiv
252_7.wav	Fecioară. O problemă de sănătate vă poate da de furcă și să trebuiască să vă duceți la un control. Așa ar trebui.	fem	Neti Sandu	negativ
252_8.wav	Balanța. E cineva care vrea să fiți împreună și vă prezintă toate calitățile ca să vă convingă și se pare că nu e greu.	fem	Neti Sandu	pozitiv
254_1.wav	O zi chiar frumoasă!	fem	Neti Sandu	pozitiv
254_14.wav	Scorpion. O să vă dați întâlnire cu cineva care vă poate ajuta într-o chestiune de viață personală și o să vă eliberați de niște greutăți.	fem	Neti Sandu	pozitiv
254_15.wav	Săgetător. În continuare o să fie mult de muncă la serviciu și o să dați zor să fiți la zi cu toate obligațiile că vreți să începeți o viață nouă.	fem	Neti Sandu	negativ
254_17.wav	Vărsător. O să aveți baftă la examene, la interviuri, vi se deschid noi perspective în sfera profesională, în carieră.	fem	Neti Sandu	pozitiv
254_18.wav	Pești. Se poate să mai cheltuiți niște bani cu casa și să faceți alte modificări pe care vi le doreați mai demult.	fem	Neti Sandu	negativ
254_2.wav	O să descoperim înăuntrul nostru acel echilibru care să ne facă să răsturnăm munții și să ne trăim viața din plin.	fem	Neti Sandu	pozitiv
254_3.wav	Vibrația zilei este patru și o să ne bucurăm de toți ai noștri să cultivăm iubirea. Asta trebuie!	fem	Neti Sandu	pozitiv
254_5.wav	Berbec. Se poate să recuperați bani, bunuri, să vi se recunoască niște merite și să vă simțiți stăpâni pe situație.	fem	Neti Sandu	pozitiv
254_6.wav	Taur. O să vă faceți timp și pentru voi să vă alcătuiți o nouă ținută, să vă schimbați frizura, vă duceți și la cosmetică, la sală.	fem	Neti Sandu	pozitiv
254_7.wav	Venus vă trimite.	fem	Neti Sandu	pozitiv
254_9.wav	Rac. Poate vă faceți cunoscute niște aptitudini sau or să vă descopere unii în online și află lumea despre voi și vă faceți un nume.	fem	Neti Sandu	pozitiv
259_1.wav	Revelații azi! O să avem intuiția lucrurilor de care avem cu adevărat nevoie ca să ne putem descurca în viață.	fem	Neti Sandu	pozitiv
259_11.wav	Vi se face o ofertă de colaborare, poate vindeți deja niște produse că s-au găsit cumpărători, sunt niște câștiguri de care o să fiți încântați.	fem	Neti Sandu	pozitiv
259_15.wav	Vi se propune o colaborare care v-ar aduce satisfacții materiale, dar și o stimă de sine ridicată că vi se revelează cât de buni profesioniști sunteți.	fem	Neti Sandu	pozitiv
259_17.wav	Întrevedere cu cineva care vrea să beți o cafea, să stați de vorbă ca să vedeți în ce măsură vă armonizați și ați putea fi un cuplu.	fem	Neti Sandu	pozitiv
259_19.wav	E cineva care vă poate face fericit și o să fiți deschiși sufletește dacă n-aveți pe nimeni și sunteți dispuși să renunțați la singurătate.	fem	Neti Sandu	pozitiv
259_23.wav	O să primiți un rezultat favorabil de la școală, de la interviu și o să upgradați că aveți pregătirea necesară.	fem	Neti Sandu	pozitiv
259_9.wav	O să faceți impresie bună într-un mediu, undeva pe o scenă, poate să fie și online și munca voastră să primească aplauze.	fem	Neti Sandu	pozitiv
25_0.wav	Ce avem pentru azi? O zi cu stare bună. O să dăm frâu liber imaginației și o să ne bucurăm de o plimbare la malul mării, la munte, poate petrecem o zi întreagă la piscină că să ne relaxăm.	fem	Neti Sandu	pozitiv
25_10.wav	Pești. Familia vă așteaptă fie cu masa, fie că să plecați împreună la un picnic, la o plimbare pe litoral sau la munte.	fem	Neti Sandu	pozitiv
25_11.wav	Berbec. Poate o să aveți nevoie de părerea prietenilor într-o privința anume și o să fie legată probabil de o proaspătă cucerire și o să vi se dea o validare.	fem	Neti Sandu	pozitiv
25_13.wav	Gemeni. O reușită, poate pentru că ați strâns în jurul vostru niște oameni care să vă țină companie la preocupările de timp liber, să plecați în excursii împreună.	fem	Neti Sandu	pozitiv
25_14.wav	O zi vă spun cu stare bună.	fem	Neti Sandu	pozitiv
25_2.wav	Rac. E un motiv de fascinație. Poate v-ați îndrăgostit sau vizitați niște locuri care vă taie pur și simplu respirația.	fem	Neti Sandu	pozitiv
25_3.wav	Leu. Poate vă duceți într-o excursie de o zi, un dus-întors că să faceți o plimbare, să luați aer, să schimbați peisajul.	fem	Neti Sandu	pozitiv
25_6.wav	Scorpion. Poate vă așteaptă cineva prin țară pe undeva și dați o fugă până acolo că o fi ziua cuiva de naștere sau de cununie.	fem	Neti Sandu	pozitiv
25_8.wav	Capricorn. Se poate să fiți invitați de onoare la un eveniment festiv și să vă intersectați acolo cu vechi prieteni și o să vă faceți și alții noi.	fem	Neti Sandu	pozitiv
25_9.wav	Vărsător. Se poate să întâlniți într-un cerc de prieteni pe cineva care să vă atragă prin felul de a fi că să puteți speră la o relație de cuplu.	fem	Neti Sandu	pozitiv
261_0.wav	O zi cu surprize. Berbec.	fem	Neti Sandu	pozitiv
261_1.wav	Noutăți care să vă trezească la o nouă viață. Poate apare cineva care o să fie companionul vostru de viață, dacă nu aveți pe nimeni. Taur.	fem	Neti Sandu	pozitiv
261_2.wav	Poate aveți chef de condus și o porniți la drum să vizitați locuri noi, că vreți să vă spălați retina. Gemeni.	fem	Neti Sandu	pozitiv
261_4.wav	Rac. Poate le luați un cadou unor sărbătoriți, vă duceți la o aniversare, o cununie religioasă, o reînnoire a jurămintelor.	fem	Neti Sandu	pozitiv
262_1.wav	Avem energie. Avem chef și de treabă pe acasă și de distracție și o să ne rezervăm timp pentru ambele.	fem	Neti Sandu	pozitiv
262_10.wav	Fecioara. Ați putea dispune de niște bani ca să vă mișcați, s-o porniți spre rude sau spre o stațiune de	fem	Neti Sandu	pozitiv
262_16.wav	Săgetător. Se poate să întâlniți într-un cerc de prieteni, la o întrunire mondenă, poate o persoană care să fie	fem	Neti Sandu	pozitiv
262_22.wav	Pești. Anturajul are nevoie de voi și voi de el ca să vă refaceți starea de spirit și o să găsiți varianta	fem	Neti Sandu	pozitiv
262_6.wav	Gemeni. O să vă achitați de obligațiile casnice și o să vă faceți timp și pentru ieșire la plimbare, să luați aer, să	fem	Neti Sandu	pozitiv
268_1.wav	Apar vești oameni în situații care ne pot da viața peste cap, dar în sensul bun.	fem	Neti Sandu	pozitiv
268_10.wav	Fără obligații contractuale. Fecioara, sunt ceva promisiuni de viață mai bună în cuplu	fem	Neti Sandu	pozitiv
268_12.wav	Balanța, se observă un oarecare disconfort așa sufletesc pentru că au rămas niște lucruri nespuse	fem	Neti Sandu	negativ
268_16.wav	Capricorn, sunt chestiuni de serviciu care se cer remediate din mers	fem	Neti Sandu	negativ
268_4.wav	Vă prezentați la un interviu, dați concurs pentru ocuparea unui post și o să fie cu succes.	fem	Neti Sandu	pozitiv
268_7.wav	Gemeni, un nou proiect la orizont care o să vă aducă bani și o să vă puteți pune în valoare că poate va fi de anvergură.	fem	Neti Sandu	pozitiv
268_8.wav	Rac, e cineva care a lipsit din viața voastră și vrea să recupereze timpul pierdut și pe voi, în mod special că sunteți de valoare.	fem	Neti Sandu	pozitiv
270_10.wav	Fecioara! O problemă de sănătate a tot erodat acolo și dacă nu luați măsuri o să fie deranjant, mai bine vă duceți la un control medical.	fem	Neti Sandu	negativ
270_11.wav	Balanță! Se adună bani în cont, o să și cheltuiți cu frenezie că ați adunat un depozit ca să puteți pleca într-o vacanță.	fem	Neti Sandu	pozitiv
270_13.wav	Săgetător! O să puteți practica un hobby și să vă bucurați și de compania unor buni prieteni și o să fie totul la superlativ.	fem	Neti Sandu	pozitiv
270_14.wav	Capricorn! Poate începeți reamenajarea locuinței, că o să organizați Paștele la voi acasă. Vreți să le oferiți musafirilor o nouă perspectivă, ambianță, știți?	fem	Neti Sandu	pozitiv
270_15.wav	Vărsător! O sa aveți succes la aparițiile în public, o să puteți căpăta notorietate, părerea voastră o să conteze și o să fie o relansare în societate.	fem	Neti Sandu	pozitiv
270_16.wav	Pești! Anturajul feminin o să vă fie de ajutor, o să vă țină isonul dacă vreți să vă plimbați sau să mergeți la shopping.	fem	Neti Sandu	pozitiv
270_4.wav	Berbec! Se poate să încasați niște bani; sursele pot fi diferite și o să vă descurcați cu cheltuielile acestei perioade.	fem	Neti Sandu	pozitiv
270_5.wav	Taur! O să vă preocupe în continuare felul în care arătați; poate vă duceți la cosmetică, la masaj, la spa.	fem	Neti Sandu	pozitiv
270_7.wav	Gemeni! E posibil să vi se facă oferte de colaborare și să vă consultați și cu ai voștri să vă puneți de acord în privința alegerii.	fem	Neti Sandu	pozitiv
270_8.wav	Rac! Poate să fie zi de salariu sau să vă asigurați banii din sursele colaterale, că ați mai lucrat ceva pe aici, pe colo, recunoașteți.	fem	Neti Sandu	pozitiv
273_0.wav	O zi cu surprize plăcute, așa arată. Sunt lucruri pe care le așteptăm cine știe de când, iar pe altele deloc.	fem	Neti Sandu	pozitiv
273_12.wav	Apare cineva care vrea să formați un cuplu pe viață	fem	Neti Sandu	pozitiv
273_16.wav	O să vă preocupe estetica locuinței și o să mai luați una alta ca să fie frumos la voi acasă de Paște, în mod special.	fem	Neti Sandu	pozitiv
273_19.wav	Se definează o situație și o să puteți trece la următorul nivel de studiu ori o fi o practică, oricum vi se recunosc meritele.	fem	Neti Sandu	pozitiv
273_2.wav	Vibrația zilei este unu și e bine să ne restartăm acolo unde simțim nevoia. Berbec.	fem	Neti Sandu	pozitiv
273_3.wav	Vi se dă ok-ul pentru un job și o să vă gândiți dacă e pentru voi sau vreți să rămâneți la actualul serviciu. Taur.	fem	Neti Sandu	pozitiv
273_4.wav	Se poate să vă îngrijiți și de voi, să vă compuneți o garderobă de sezon,	fem	Neti Sandu	pozitiv
273_6.wav	O să revizuiți un contract și poate continuați munca în cazul în care sunteți mulțumiți dacă nu îl sistați.	fem	Neti Sandu	pozitiv
273_7.wav	Rac. Prezența cuiva o să vă imprime o stare de spirit deosebită	fem	Neti Sandu	pozitiv
276_13.wav	Scorpion. Apare cineva care o să vă stârnească fluturași la stomac și poate se creionează așa o relație care să vă facă fericiți.	fem	Neti Sandu	pozitiv
276_14.wav	Săgetător. E cineva care insistă de mai multă vreme să fiți un cuplu.	fem	Neti Sandu	pozitiv
276_16.wav	Capricorn. O nouă dragoste la orizont dacă sunteți singuri și o să vă evaluați sentimentele să știți dacă vă asortați sau nu.	fem	Neti Sandu	pozitiv
276_17.wav	Vărsător. Poate o să le acordați mai mult timp rudelor apropiate	fem	Neti Sandu	pozitiv
276_2.wav	Vibrația zilei este nouă și o să avem o viziune mai clară așa despre viitorul nostru.	fem	Neti Sandu	pozitiv
276_4.wav	Se vine cu oferte de muncă, pot fi lucruri pe care să le faceți cu plăcere și să câștigați bani mai ușor.	fem	Neti Sandu	pozitiv
276_5.wav	Taur. E momentul să scăpați de toate restanțele, atât materiale cât și sufletești, și să începeți o viață nouă și frumoasă.	fem	Neti Sandu	pozitiv
276_6.wav	Gemeni. O să vă implicați într-o activitate care va atrage privirile asupra voastra.	fem	Neti Sandu	pozitiv
278_0.wav	Bună dimineața, cod QR, de scanat cu telefonul mobil și o să găsim detalii în plus ale horoscopului despre care vorbim chiar acum, o zi a surprizelor.	fem	Neti Sandu	pozitiv
278_1.wav	O să ne bucurăm de revederea unor persoane dragi și de o invitație neașteptată la o cafea, o plimbare, ceva care să ne lumineze ziua și viața.	fem	Neti Sandu	pozitiv
278_11.wav	Scorpion. O reușită la voi în sfera comunicării, poate o să ajungeți să vă înțelegeți cu cei care se tot supărau pe voi din diverse motive.	fem	Neti Sandu	pozitiv
278_12.wav	Săgetător. O să puneți în practică o activitate de timp liber. E un hobby care să vă dezmorțească, să vă ocupați cu ceva care vă place.	fem	Neti Sandu	pozitiv
278_13.wav	Capricorn. La o întrunire amicală undeva puteți face cunoștință cu cineva care să vă atragă atenția prin ceva care vă fascinează și să vă îndrăgostiți.	fem	Neti Sandu	pozitiv
278_14.wav	Vărsător. Poate vă duceți la o zi de naștere sau să sărbătoresc ani de căsătorie, de relație și o să fie o atmosferă festivă.	fem	Neti Sandu	pozitiv
278_16.wav	E o zi a surprizelor. O să revin puțin mai târziu. Vă aștept!	fem	Neti Sandu	pozitiv
278_2.wav	Vibrația zilei este 8 și am face bine să ne pățim banii, să nu-i cheltuim așa până la ultimul bănuț, berbec.	fem	Neti Sandu	negativ
278_6.wav	Gemeni. O apariție neașteptată și viața voastră sentimentală o să fie mult mai frumoasă de aici înainte.	fem	Neti Sandu	pozitiv
278_9.wav	Fecioara. E cineva de departe care vrea să vă vedeți, dacă se poate chiar azi, dacă nu altădată, cât de curând.	fem	Neti Sandu	pozitiv
27_10.wav	Poate îi scoateți la masă în oraș pe niște prieteni cu care puneți la cale o plecare în excursie, o mare, un munte.	fem	Neti Sandu	pozitiv
27_11.wav	Capricorn. Se poate să vă dați întâlnire cu un partener de afaceri ca să discutați pe-ndelelete despre o propunere de afaceri.	fem	Neti Sandu	pozitiv
27_17.wav	Gemeni. E o sărbătoare în familie, o fi vreo aniversare și o să fie distrație,	fem	Neti Sandu	pozitiv
27_19.wav	Ne revedem puțin mai târziu. Vă aștept.	fem	Neti Sandu	pozitiv
27_3.wav	O să puteți repara o căsnicie, o relație sentimentală și să treceți peste certuri, neînțelegeri,	fem	Neti Sandu	pozitiv
27_6.wav	Sunt evenimente la care o să vă duceți că or fi rude, prieteni apropiați care se căsătoresc și e de neconceput să lipsiți.	fem	Neti Sandu	pozitiv
280_0.wav	O zi de relaxare. O să facem și acele lucruri pe care le-am tot amânat, să oferim un cadou sau o explicație, cuiva care s-ar liniști, ar înțelege ce are de făcut în continuare.	fem	Neti Sandu	pozitiv
280_12.wav	Vărsător. Poate vă sună cineva care vrea să lucrați împreună și vă gândiți până luni.	fem	Neti Sandu	pozitiv
280_2.wav	Berbec. Se pare că e cineva care vrea să vă vedeți și o să se dea peste cap să ajungă la voi, dar se poate să vă duceți și voi în vizită.	fem	Neti Sandu	pozitiv
280_3.wav	Taur. Se poate să primiți ceva în dar și să dați și voi dovadă de generozitate și poate ieșiți împreună pe undeva la plimbare, la distracție.	fem	Neti Sandu	pozitiv
280_4.wav	Gemeni. Poate pregătiți o petrecere pentru cei mici și surprizele vor fi la ordinea zilei, dar chemați și câțiva părinți.	fem	Neti Sandu	pozitiv
280_5.wav	Rac. Se poate să vă duceți la o aniversare, e ceva mai cu pretenții și o să revedeți niște prieteni cam scumpi la vedere.	fem	Neti Sandu	pozitiv
280_7.wav	Fecioara. Se poate să vă dă cineva înapoi niște bani pe care i-oți fi împrumutat când a avut nevoie persoana respectivă.	fem	Neti Sandu	pozitiv
280_9.wav	Scorpion. E posibil să faceți cunoștință cu cineva care să vă atragă și să vă oferiți un răgaz ca să vedeți dacă rezonați pe mai multe planuri sau nu.	fem	Neti Sandu	pozitiv
284_14.wav	E nevoie de voi să puneți umărul la o acțiune de grup și o să vă țineți de treabă chiar dacă va trebui să munciți și mâine.	fem	Neti Sandu	pozitiv
284_18.wav	Un zi reușită!	fem	Neti Sandu	pozitiv
284_4.wav	Vine cineva care v-a lipsit și o să reîncercați o acomodare în speranța că o să continuați relația. Gemeni.	fem	Neti Sandu	pozitiv
284_5.wav	Poate v-ați decis în sfârșit să vă luați altă mașină sau casa a devenit neîncăpătoare și vă luați alta. Rac.	fem	Neti Sandu	pozitiv
284_7.wav	O să puteți rezolva niște chestiuni legate de școală și să obțineți niște derogări, un transfer dintr-o grupă în alta	fem	Neti Sandu	pozitiv
286_0.wav	O zi frumoasă! Avem energie, entuziasm și totul o să meargă ca pe roate dacă ne mobilizăm.	fem	Neti Sandu	pozitiv
286_1.wav	Vibrația zilei este cinci și e nevoie și de un pic de curaj să facem niște lucruri îndrăznețe.	fem	Neti Sandu	pozitiv
286_10.wav	Scorpion, va scoate cineva la o cafea să incropiți acolo o colaborare în particular.	fem	Neti Sandu	pozitiv
286_11.wav	Săgetător, se poate să primiți o recunoaștere a muncii pe care ați depus-o și pe lângă bani, să fie acolo un voucher, bilete de vacanță.	fem	Neti Sandu	pozitiv
286_12.wav	Capricorn, poate o să luați lucruri noi pentru casă, acum în preajma sărbătorilor pascale, și mai eliminați din cele care nu vă mai trebuie.	fem	Neti Sandu	pozitiv
286_4.wav	Taur. Poate vă schimbați look-ul, garderoba, vă oferiți o viață nouă și frumoasă. Venus se ocupă de toate astea în zodia voastră acolo.	fem	Neti Sandu	pozitiv
286_5.wav	Gemeni. Se poate să intrați într-o echipă de elită și să fie cu succes tot ce întreprindeți.	fem	Neti Sandu	pozitiv
286_6.wav	Rac. Se poate să luați niște bani din urmă și să plecați pentru câteva zile pe undeva să vă mai și relaxați după atâta muncă.	fem	Neti Sandu	pozitiv
286_7.wav	Leu. Poate vă faceți timp și pentru mondenități, să vă duceți la un spectacol, la o sindrofie, să vă deconectați.	fem	Neti Sandu	pozitiv
286_9.wav	Balanță, o să vă mai ocupați și de voi, să arătați mai bine, că încep să se vadă urmele oboselii.	fem	Neti Sandu	pozitiv
288_1.wav	Am avut și lună nouă, ne facem planuri ca să câștigăm noi teritorii, să ne meargă bine peste tot.	fem	Neti Sandu	pozitiv
288_10.wav	Scorpion. E cineva care vă curtează și o să puneți în balanță calitățile și defectele	fem	Neti Sandu	pozitiv
288_13.wav	Capricorn. Se poate să aveți musafiri sau să invitați în oraș pe niște prieteni care țin să vă sărbătorească	fem	Neti Sandu	pozitiv
288_2.wav	Vibrația zilei este douăzeci și doi și să sporim gesturile de omenie, de generozitate. Să vedem la Berbec.	fem	Neti Sandu	pozitiv
288_3.wav	O să faceți progrese pe mai multe planuri și veți trece în revistă actele să fie gata semnate, valabile, să aveți acces liber.	fem	Neti Sandu	pozitiv
288_4.wav	Taur. O să vă acordați și vouă mai multă atenție ca să aveți o stare de spirit mai bună și sănătatea să fie în perfectă stare.	fem	Neti Sandu	pozitiv
288_5.wav	Gemeni. Vă puteți asocia cu niște oameni ca să bucurați în particular. Poate e un proiect din cadrul unei fundații.	fem	Neti Sandu	pozitiv
288_6.wav	Rac. Se poate să încasați niște bani și să vă ajungă pentru o plecare la sfârșit de săptămână într-un city break.	fem	Neti Sandu	pozitiv
288_7.wav	Leu. E posibil să apară cineva care să vă completeze frumos, dacă nu aveți pe nimeni, și să faceți casă bună împreună.	fem	Neti Sandu	pozitiv
291_1.wav	Putem îmbina frumos azi visul cu realitatea și să avem o stare de excelență.	fem	Neti Sandu	pozitiv
291_10.wav	Balanța. Poate ajungeți la o concluzie referitoare la viața de cuplu	fem	Neti Sandu	pozitiv
291_16.wav	Se poate să-i dați răspunsul unui angajator care să vă vrea în echipa lui și voi să vă și duceți. Pești.	fem	Neti Sandu	pozitiv
291_3.wav	O reușită. Viața voastră a căpătat un alt sens, poate v-ați călătorit, urmează să aveți copiii, e ceva deosebit.	fem	Neti Sandu	pozitiv
291_4.wav	Taur, poate vă ocupați și de voi, vă schimbați ținuta vestimentară, tunsoarea, stilul, cu totul că vreți să fiți fresh.	fem	Neti Sandu	pozitiv
291_8.wav	Vi se pune și ultima semănătură pe actele dintr-un dosar de studiu de angajare ori poate cereți un credit ca să vă luați o casă.	fem	Neti Sandu	negativ
291_9.wav	Fecioara. O să vă intre niște bani în cont și se rezolvă o serie de lucruri cărora nu le mai dădeați vreo șansă.	fem	Neti Sandu	pozitiv
294_0.wav	O zi echilibrată. Avem energie, știm încotro s-o direcționăm și să facem ca lucrurile să capete culoare, să creăm o viață nouă și mai bună.	fem	Neti Sandu	pozitiv
294_10.wav	Scorpion. Or să vă fie apreciate eforturile la slujbă și o să luați mai mulți bani să strângeți un capital.	fem	Neti Sandu	pozitiv
294_11.wav	Săgetător. Vă preocupă în continuare locuința pe care vreți să o puneți la punct până de sărbători ca să dați refresh interiorului.	fem	Neti Sandu	pozitiv
294_12.wav	Capricorn. Se poate să luați o primă ori altceva care să compenseze eforturile voastre din ultima vreme.	fem	Neti Sandu	pozitiv
294_13.wav	Vărsător. Poate o să vă perfecționați într-un domeniu și va fi un progres în carieră. O să vedeți asta.	fem	Neti Sandu	pozitiv
294_8.wav	Fecioara. E un suflu de prospețime la voi că o fi apărut cineva în viața voastră și vreți să fructificați la maximum timpul liber comun.	fem	Neti Sandu	pozitiv
294_9.wav	Balanța. O să perfecționați comunicarea cu partenerul și relația voastră de cuplu se va îmbunătăți, simțitor și o să fiți fericiți.	fem	Neti Sandu	pozitiv
296_11.wav	Săgetător, poate mai faceți niște comenzi online ca să luați diverse lucruri pentru casă, de sărbători.	fem	Neti Sandu	pozitiv
296_12.wav	Capricorn, o să aveți grijă de familie, îi scoateți pe ai voștri la plimbare și vă oferiți și vouă o recreație, că ați muncit destul.	fem	Neti Sandu	pozitiv
296_13.wav	Vărsător, e posibil să vă treziți cu niște bani în cont că v-au intrat de ieri și o să aveți cu ce să dați o raită pe afară.	fem	Neti Sandu	pozitiv
296_2.wav	Întrevedere cu cineva care s-ar putea să aibă ceva foarte important de declarat, poate fi un adevăr care a fost ținut la secret.	fem	Neti Sandu	pozitiv
296_4.wav	Taur, o să dați curs unei invitații să plecați pe undeva, să vă duceți la o cununie civilă religioasă, este un eveniment festiv undeva.	fem	Neti Sandu	pozitiv
296_6.wav	Rac, vă invită cineva la o masă festivă, cu un prilej anume și chiar v-ați putea duce.	fem	Neti Sandu	pozitiv
296_7.wav	Leu, o să aflați cui îi pasă de voi, că o să primiți ceva în dar și viața voastră sentimentală poate lua o nouă turnură.	fem	Neti Sandu	pozitiv
296_9.wav	Balanță, o să vă descurcați cu banii, or să vă ajungă dacă vreți să dați o fugă pe undeva prin țară.	fem	Neti Sandu	pozitiv
2_1.wav	O zi cu surprize, am spus. O să fim prompți în replică și selectivi ca să alegem ce e bun pentru noi și să nu ne pierdem în amănunte.	fem	Neti Sandu	pozitiv
2_10.wav	Vărsător. Vi se propune ceva nou de lucru la serviciu, dar poate fi și în particular și să vă mobilizați să lucrați pe mai multe fronturi.	fem	Neti Sandu	pozitiv
2_13.wav	Taur. E posibil să vă îndrăgostiți lulea de cineva care o să știe cum să vă întrețină vraja asta a iubirii, dacă sunteți singuri.	fem	Neti Sandu	pozitiv
2_3.wav	Rac. Se observă bani din colaborări. Poate o să aveți de lucru în particular sau când o să vă întoarceți din concediu, poate dați cursul unor colaborări.	fem	Neti Sandu	pozitiv
2_4.wav	Leu. O reușită aici. Poate semnați un contract și o să aveți o certitudine în sfera financiară, o să aveți bani de concediu și pentru multe altele.	fem	Neti Sandu	pozitiv
2_5.wav	Fecioara. E momentul să vă îngrijiți de sănătate, să fiți apți de muncă susținută, că or să fie proiecte de anvergură la job.	fem	Neti Sandu	negativ
2_6.wav	Balanța. O să vă dați interesul să veniți cu ceva nou care să stârnească rumoare acolo în rândul publicului vostru și o să vă bucurați de succes.	fem	Neti Sandu	pozitiv
2_9.wav	Capricorn. O să descoperiți un hobby care să vă detensioneze că nu mai știți cum să combateți starea de oboseală care vă secătuiește de inspirație.	fem	Neti Sandu	pozitiv
300_10.wav	Balanța. Apare cineva care speră să vă atragă atenția necesară ca să formați un cuplu că se regăsește în felul vostru de a fi.	fem	Neti Sandu	pozitiv
300_11.wav	Scorpion. Or să iasă niște adevăruri la iveală, am zis luna-i lângă Pluton și o să vă repoziționați față de niște oameni pe care i-oți fi judecat greșit.	fem	Neti Sandu	negativ
300_13.wav	Capricorn. Se adună niște bani care or să vă ajute să ieșiți pe afară la plimbare, să vă aerisiți că ați atins acolo un prag de oboseală.	fem	Neti Sandu	pozitiv
300_2.wav	Voi cochetați cu ideea să vă duceți la alt serviciu sau măcar să vă luați ceva de lucru în particular ca să mai câștigați un ban. Berbec.	fem	Neti Sandu	negativ
300_3.wav	Se poate să vă deranjeze ceva, să fie o răscolire sufletească acolo și să se rezolve cu o discuție la cafea și o plimbare.	fem	Neti Sandu	negativ
300_6.wav	Gemeni. Vi se lancează o invitație să luați parte la un eveniment care poate avea legătură și cu profesia, dar și cu latura personală.	fem	Neti Sandu	pozitiv
300_7.wav	Rac. Poate vă apucați de ceva în particular și o să vi se mulțumescă pentru felul în care veniți cu idei ingenioase și utile.	fem	Neti Sandu	pozitiv
300_8.wav	Leu. Se rezolvă o chestiune financiară, poate aprobă banca un împrumut și scăpați de niște griji.	fem	Neti Sandu	pozitiv
300_9.wav	Fecioara. E cineva care vrea să puneți umărul la o colaborare care v-ar aduce satisfacții profesionale și materiale.	fem	Neti Sandu	pozitiv
302_1.wav	O zi, am zis, cu de toate. E bine să menținem așa echilibrul între vis și realitate.	fem	Neti Sandu	pozitiv
302_13.wav	Scorpion, o să luați niște bani și o să le faceți mici surprize alor voștri ca să mai condimentați puțin atmosfera, să vă destindeți.	fem	Neti Sandu	pozitiv
302_14.wav	Săgetător, o confirmare că vi se vor plăti niște bani, pe i-oți fi cerut mai demult și vă puteți mișca în voie, că o să dispuneți de niște bani, nu?	fem	Neti Sandu	pozitiv
302_15.wav	Capricorn, o sumă de bani la voi, o șansă de promovare. Poate o să fiți puși într-o postură de șefi, că oți fi reușit să vă dovediți valoarea în sfârșit.	fem	Neti Sandu	pozitiv
302_16.wav	Vărsător, o să fiți invitați să împărtășiți din experiența voastră ca să le ridicați nivelul profesional unor tineri. O zi cu de toate!	fem	Neti Sandu	pozitiv
302_4.wav	O să vă invite cineva la plimbare, la film, la un spectacol. Poate beți o cafea împreună, să mai povestiți de ale voastre.	fem	Neti Sandu	pozitiv
302_5.wav	Berbec. E cineva care vrea să fiți împreună și o să vă intereseze în ce măsură vă puteți armoniza să construiți o relație.	fem	Neti Sandu	pozitiv
302_6.wav	Taur. Poate organizați o plecare în excursie la sfârșit de săptămână și vă drămuiți banii să vă ajungă.	fem	Neti Sandu	pozitiv
302_7.wav	Gemeni. O invitație în oraș, or fi ceva mondenități la care v-ar prinde bine să vă duceți, că v-ar remonta, ați avea un alt vibe.	fem	Neti Sandu	pozitiv
302_8.wav	Rac. Se poate să primiți ceva în dar, un semn de apreciere, de dragoste din partea cuiva care înseamnă mult pentru voi.	fem	Neti Sandu	pozitiv
302_9.wav	Leu, se poate să fie o perioadă încărcată la serviciu, dar o să vă descurcați. O să luați poate și bani mai mulți.	fem	Neti Sandu	pozitiv
304_11.wav	Fecioară, o reușită în planul comunicării cu partenerii de afaceri, că o să aveți treburi comune și o să dați zor să iasă totul perfect.	fem	Neti Sandu	pozitiv
304_13.wav	Scorpion, apare cineva care se va plia așa pe felul vostru de a fi, dar o să vă fie mai greu să faceți și voi la fel, poate.	fem	Neti Sandu	negativ
304_14.wav	Săgetător, se poate să vă descoperiți un hobby și să petreceți un timp liber de calitate, poate și în compania prietenilor.	fem	Neti Sandu	pozitiv
304_2.wav	Apar vești bune, confirmări și din sfera profesională și din particular și se nasc speranțe de viață mai bună.	fem	Neti Sandu	pozitiv
304_3.wav	Vibrația zilei este șase și o să creăm și să menținem armonia de jur împrejur. Așa ar fi ideal.	fem	Neti Sandu	pozitiv
304_5.wav	Se poate să vă bucurați de o revedere care o să vă stârnească amintiri frumoase și poate veți lua o decizie legată de viața de cuplu.	fem	Neti Sandu	pozitiv
304_6.wav	Berbec, le-ați rămas datori unor oameni și nu o să vă eschivați de la un gest de omenie, ci o să vă achitați onorabil.	fem	Neti Sandu	pozitiv
304_8.wav	Gemeni, se poate să faceți cunoștință cu cineva care vă admiră și speră să aflați mai mult unul despre celălalt pentru o relație.	fem	Neti Sandu	pozitiv
304_9.wav	Rac, se poate să primiți o invitație la un spectacol, poate fi o gală, e ceva care să vă fascineze. Poate fi și o cină în doi.	fem	Neti Sandu	pozitiv
306_1.wav	Atenționări azi. O să fim receptivi la nou și o să putem face față provocărilor dacă apar din senin.	fem	Neti Sandu	pozitiv
306_6.wav	De aici vin bani. Gemeni, vă puteți asocia cu cineva ca să câștigați niște bani în plus sau mai luați o colaborare.	fem	Neti Sandu	pozitiv
308_1.wav	O zi de eforturi. O să ne străduim să completăm niște minusuri pe aici pe colo și să facem lucrurile de calitate extra pentru că suntem în competiție cu noi înșine în primul rând.	fem	Neti Sandu	pozitiv
308_11.wav	Scorpion. Vin de undeva niște bani și o să aveți pentru cheltuielile acestei perioade, că s-au adunat cam multe și o să vă achitați de toate.	fem	Neti Sandu	pozitiv
308_2.wav	Vibrația zilei este patru și o să ne bucurăm de tot ce le putem oferi alor noștri.	fem	Neti Sandu	pozitiv
308_3.wav	E cineva care vrea să petreceți mai mult timp împreună, că aveți o preocupare comună, și poate vă uniți forțele să lucrați ceva.	fem	Neti Sandu	pozitiv
308_4.wav	Berbec. Ați putea pleca pe undeva în vacanță și să vă refaceți forțele dar se poate să faceți o rezervare pentru la vară.	fem	Neti Sandu	pozitiv
308_5.wav	Taur. Se rezolvă o chestiune mai veche și o să vă eliberați de un stres și o să puteți demara un proiect la care visați de multă vreme.	fem	Neti Sandu	pozitiv
308_6.wav	Gemeni. Se poate să vă lansați într-o nouă aventură de afaceri și o să primiți ajutor din partea unor terți, că ați fost și voi de treabă cândva cu oamenii ăștia.	fem	Neti Sandu	pozitiv
308_7.wav	Rac. Poate vă invită cineva în alt oraș să rezolvați niște chestiuni fie profesionale fie de viață personală și o să vă duceți.	fem	Neti Sandu	pozitiv
308_8.wav	Leu. Un răspuns favorabil de la școală, de la instituțiile statului și o să faceți progrese, atingeți un alt nivel profesional.	fem	Neti Sandu	pozitiv
308_9.wav	Fecioara. Se poate să faceți cunoștință cu cineva care o să tot fie în preajma voastră și o să fie o colaborare de succes.	fem	Neti Sandu	pozitiv
312_0.wav	O zi chiar frumoasă. Scoatem la iveală lucrurile pe care le-am ținut ascunse, chiar și de noi înșine.	fem	Neti Sandu	pozitiv
312_10.wav	Leu, poate îi chemați pe niște prieteni pe la voi și o să puneți la cale o plecare în vacanță și vreun eveniment, poate care va avea loc în curând.	fem	Neti Sandu	pozitiv
312_12.wav	Balanță, poate întâlniți în cercul de prieteni pe cineva care vine cu o sugestie de business și s-ar putea să îmbrățișați ideea.	fem	Neti Sandu	pozitiv
312_13.wav	Scorpion, se poate să aniversați câteva luni sau ani de când v-ați cunoscut și să primiți și un cadou, și să-i faceți și voi ceva cadou partenerului.	fem	Neti Sandu	pozitiv
312_2.wav	Vibrația zilei este unsprezece și o să dăm dovadă de înaltă spiritualitate. Să vedem ce avem la Pești.	fem	Neti Sandu	pozitiv
312_3.wav	Se pare că o să faceți cunoștință cu cineva care vi s-ar potrivi.	fem	Neti Sandu	pozitiv
312_5.wav	Berbec, invitațiile curg, iar voi poate aveți deja un program și oricum aveți de unde alege.	fem	Neti Sandu	pozitiv
312_6.wav	Taur, se poate să primiți un cadou de la cineva drag și o să vă străduiți să-i întoarceți și voi gestul. Gemeni.	fem	Neti Sandu	pozitiv
312_7.wav	Voi păreți amatori de puțină mișcare, poate plecați într-o excursie sau vă duceți la o sală de sport ca să vă dezmorțiți.	fem	Neti Sandu	pozitiv
317_0.wav	O zi cu surprize de la combinația asta, am zis. O să ne ocupăm și de ca să de ai noștrii, dar și de noi.	fem	Neti Sandu	pozitiv
317_7.wav	Gemeni. Vă invita cineva la un spectacol sau e o zi de naștere, va fi o atmosferă festivă și toată lumea o să se simtă bine.	fem	Neti Sandu	pozitiv
317_9.wav	Leu. E cineva prin țară care vă așteaptă să-i călcați pragul că a trecut multă vreme de când nu v-ați mai întâlnit.	fem	Neti Sandu	pozitiv
31_1.wav	O zi echilibrată. O să facem și treabă, o să ne și distrăm și pe cât posibil o să ne îngrijim și de noi să fim în parametrii.	fem	Neti Sandu	pozitiv
31_10.wav	Capricorn. Poate dați cursul unei invitații de plecat într-o excursie în doi că să spună fiecare ce își dorește de la celălalt să vă meargă și mai bine în relație.	fem	Neti Sandu	pozitiv
31_11.wav	Vărsător. Se poate să vină cineva de la drum și să petreceți mai mult de o zi împreună că să simțiți că vă tihnește șederea.	fem	Neti Sandu	pozitiv
31_12.wav	Pești. Apare cineva care vă cânta în strună că speră să-i acordați și mai multă atenție pentru că vă iubește.	fem	Neti Sandu	pozitiv
31_13.wav	Berbec. Se poate să faceți și voi cunoștință cu cineva care e pe lungimea voastră de undă și o să cultivați relația să vedeți ce iese.	fem	Neti Sandu	pozitiv
31_2.wav	Vibrația zilei este șapte și intuiția o să ne spună ce e valoros și ce nu ca să facem alegerile potrivite.	fem	Neti Sandu	pozitiv
31_4.wav	Rac. O să puteți definitiva o situație, să primiți avize favorabile și să vă parafați și niște acte care așteaptă de multă vreme semnătura finală.	fem	Neti Sandu	pozitiv
31_5.wav	Leu. Or să vă aborteze din nou partenerii de afaceri că să intrați într-o combinație care v-ar aduce succes și bani și pare-se că n-aveți de ce să refuzați.	fem	Neti Sandu	pozitiv
31_6.wav	Fecioara. Cineva de care sunteți atașați sufletește vă caută și o să vă dați seama dacă mai aveți sentimente de iubire pentru acea persoană sau nu.	fem	Neti Sandu	pozitiv
31_7.wav	Balanța. O să vă fie recunoscută muncă, poate vi se dau bani, o să se vorbească despre voi și mai pot fi și altfel de compensații pe care o să le primiți.	fem	Neti Sandu	pozitiv
31_8.wav	Scorpion. Se poate să întâlniți pe cineva care să vă fie companion de viață dacă nu aveți pe nimeni și să va înțelegeți în cei mai buni termeni.	fem	Neti Sandu	pozitiv
31_9.wav	Săgetător. Vă invită cineva într-un city break și vă duceti că n-așteptați de două ori să vă cheme cineva în plimbare, la distracție.	fem	Neti Sandu	pozitiv
320_11.wav	Balanţa. O să se regleze cumva relaţia cu şefii şi o să fiţi promţi în replică	fem	Neti Sandu	pozitiv
320_14.wav	Săgetător. Se poate să vă îndrăgostiţi de cineva care nu e fix pe lungimea voastră de undă	fem	Neti Sandu	negativ
320_17.wav	Vărsător. E un anturaj cooperant şi la voi	fem	Neti Sandu	pozitiv
320_3.wav	Taur. Sunt nişte oameni care se adună în jurul vostru că vor să colaboraţi la un proiect care v-ar aduce beneficii financiare şi relaţii stabile.	fem	Neti Sandu	pozitiv
320_4.wav	Gemeni. Se poate să ieşiţi la rampă cu ceva nou şi să existe un impact pozitiv.	fem	Neti Sandu	pozitiv
322_0.wav	Luna plină cu rezolvări.	fem	Neti Sandu	pozitiv
322_1.wav	Avem energie și o să avem și spor la treabă, ne mai ajută și câte cineva și o să ne putem achita onorabil de toate obligațiile.	fem	Neti Sandu	pozitiv
322_10.wav	Balanță, se conturează un job nou, o afacere care să vă asigure banii, de rate, facturi și să vă puteți și mișca.	fem	Neti Sandu	pozitiv
322_11.wav	Scorpion, se pare că o să vă asociați cu niște oameni să lucrați la un proiect care o să vă aducă beneficii și nu o să duceți lipsă de bani în cazul ăsta.	fem	Neti Sandu	pozitiv
322_12.wav	Săgetător, sufletește, ar avea de unde să vă fie mai bine și să existe un echilibru emoțional pe termen lung.	fem	Neti Sandu	pozitiv
322_13.wav	Capricorn, o să fiți mai comunicativi și veți lucra bine în echipă, că aveți un obiectiv comun.	fem	Neti Sandu	pozitiv
322_14.wav	Vărsător, se poate să vă prezentați la un interviu și să fiți admis, să lucrați la ceva care vă place și vi se potrivește.	fem	Neti Sandu	pozitiv
322_3.wav	Pești, e cineva care o să vă coopteze într-o activitate care s-ar putea să aibă legătură cu sănătatea și să vă și placă.	fem	Neti Sandu	pozitiv
322_5.wav	Taur, se poate să luați o decizie referitoare la relația de cuplu și să vă faceți planuri pe termen lung, să vă căsătoriți, poate.	fem	Neti Sandu	pozitiv
322_7.wav	Rac, o să vă luptați pentru drepturile bănești, să nu rămână în buzunarul altuia munca voastră, banii, știți?	fem	Neti Sandu	negativ
322_8.wav	Leu, o să vă fie răsplătită munca, poate vin și ceva bani din urmă și o să fie o relaxare financiară.	fem	Neti Sandu	pozitiv
322_9.wav	Fecioara, se rezolvă o problemă de suflet dacă o să fiți și voi dispuși să mai faceți unele concesii, să fiți flexibili.	fem	Neti Sandu	pozitiv
324_0.wav	Provocări azi. O să trebuiască să ne ascuțim reflexele ca să facem față situațiilor, ca să nu ne prindă pe picior greșit, că avem nevoie de succes.	fem	Neti Sandu	negativ
324_10.wav	Scorpion, aveți inspirație și o să vă descoperiți probabil o nouă pasiune, că simțiți nevoia să externalizați un tumult interior.	fem	Neti Sandu	pozitiv
324_11.wav	Săgetător, e posibil să vă pice cu tronc cineva care să întruchipeze genul vostru de partener și să urmeze o poveste de dragoste.	fem	Neti Sandu	pozitiv
324_12.wav	Capricorn, vi se fac promisiuni de promovare la locul de muncă, poate veți schimba și domeniul sau departamentul.	fem	Neti Sandu	pozitiv
324_2.wav	O să primiți OK-ul pentru un proiect la care visați de anul trecut, că atunci a fost Jupiter la voi și veți fructifica și alte aspecte care țin de viața personală.	fem	Neti Sandu	pozitiv
324_3.wav	Berbec, e momentul vostru de afirmare și poate vă focusați pe toată experiența acumulată ca să vă reinventați.	fem	Neti Sandu	pozitiv
324_4.wav	Taur, poate vă alăturați unui grup ca să vă asigurați spatele dacă vreți să lansați la apă un proiect.	fem	Neti Sandu	pozitiv
324_7.wav	Leu, apare cineva care vrea să vă cunoașteți mai bine, că poate o să fiți un cuplu și dacă și voi o să găsiți de cuviință, iese ceva acolo.	fem	Neti Sandu	pozitiv
324_9.wav	Balanța, e posibil să apară și acea persoană cu care o să vă continuați restul vieții, dacă o să vă simțiți împliniți sufletește.	fem	Neti Sandu	pozitiv
326_11.wav	Săgetător, poate îi faceți o surpriză ființei iubite și rezervați o masă în alt oraș, la un restaurant, și dați o fugă până acolo.	fem	Neti Sandu	pozitiv
326_2.wav	Ați putea da o fugă în alt oraș la invitația cuiva și o să aflați noutăți despre o posibilă afacere și o să vă gândiți la ofertă.	fem	Neti Sandu	pozitiv
326_3.wav	Berbec, se poate să întâlniți pe cineva care să fie foarte aproape de sufletul vostru și să vă bucurați de o compatibilitate cu totul neașteptată.	fem	Neti Sandu	pozitiv
326_5.wav	Gemeni, poate se vorbește despre voi în public și vă oferă un premiu, e ceva care vă stârnește interesul pentru încă o afacere care o să vă aducă succes.	fem	Neti Sandu	pozitiv
326_6.wav	Rac, poate aflați de azi un răspuns legat de un accept că o să lucrați și altceva decât ce ați fost obișnuiti, o să fie ceva nou-nouț.	fem	Neti Sandu	pozitiv
326_7.wav	Leu, poate fi un moment decisiv pentru voi și să vă exprimați sentimentele, să-i spuneți ființei iubite că nu puteți trăi fără ea.	fem	Neti Sandu	pozitiv
326_9.wav	Balanță, ați putea pleca într-un dus-întors ca să-i faceți o vizită cuiva apropiat și să vă întoarceți de acolo cu idei, cu inspirație.	fem	Neti Sandu	pozitiv
328_0.wav	Să vedem ce avem pentru azi. O zi frumoasă, plutește în aer așa o exuberanță din care ne putem alimenta fără să plătim vreun ban și să ne prindă bine sufletește.	fem	Neti Sandu	pozitiv
328_10.wav	Scorpion. Încă nu păreți pregătit de reluarea unei relații, dar când o să fiți față în față, nu știu, o să fie altceva.	fem	Neti Sandu	negativ
328_13.wav	Vărsător. Surprize la tot pasul. Pentru voi apar oameni, situații care să vă inspire, vă și ajută, concret, o zi frumoasă.	fem	Neti Sandu	pozitiv
328_2.wav	Pești. Se poate să vă scoată cineva la plimbare și să vă prindă bine să mai vedeți și alți oameni, alte locuri, să vă detensionați.	fem	Neti Sandu	pozitiv
328_3.wav	Berbec. Se strigă adunarea și prietenii vor să vă scoată la o plimbare, o alergare în parc, la shopping, să faceți cumva să vă vedeți.	fem	Neti Sandu	pozitiv
328_4.wav	Taur. O să vă bucurați de veștile bune, de prezența cuiva care o să vă distragă atenția de la toate grijile acumulate.	fem	Neti Sandu	pozitiv
328_5.wav	Gemeni. E rost de plecare pe undeva la prieteni sau ca să vizitați o zonă turistică, ori în vizită la prieteni, la rude.	fem	Neti Sandu	pozitiv
328_6.wav	Rac. Se poate să vă duceți la o nuntă, un botez, o fi o aniversare, e o petrecere la care să vină lume cu care chiar rezonați.	fem	Neti Sandu	pozitiv
328_7.wav	Leu. Invitație la o serbare, o fi un spectacol sau vă duceți la un meci și o să fie cu adrenalină forte.	fem	Neti Sandu	pozitiv
328_8.wav	Fecioara. O să scoateți de la saltea niște bani ca să le faceți mici surprize alor voștri, ieșiți la plimbare, luați masa în oraș.	fem	Neti Sandu	pozitiv
329_1.wav	Pești, se poate să primiți ajutor din partea cuiva care vă apreciază pentru cât de săritori sunteți când cineva are nevoie de voi și întoarce gestul.	fem	Neti Sandu	pozitiv
329_10.wav	Săgetător, vă dați întâlnire cu grupul ca să plecați pe undeva în plimbare, să faceți mișcare sau vă duceți la spa.	fem	Neti Sandu	pozitiv
329_11.wav	Capicorn, aveți șansa unei colaborări care v-ar scuti de grija zilei de mâine și v-ar da o lejeritate financiară.	fem	Neti Sandu	pozitiv
329_13.wav	O zi cu de toate!	fem	Neti Sandu	pozitiv
329_2.wav	Berbec, poate plecați de azi într-o scurtă vacanță și dați zor să vă achitați de toate obligațiile și de serviciu și de familie.	fem	Neti Sandu	pozitiv
329_4.wav	Gemeni, o să aveți mai mult curaj să-i abordați pe șefi ca să mai câștigați niște bani în plus și aparatură performantă.	fem	Neti Sandu	pozitiv
329_5.wav	Rac, ați putea pleca spre o destinație de vacanță dacă e cineva care o să insiste că aveți și voi nevoie de o pauză de muncă.	fem	Neti Sandu	pozitiv
329_6.wav	Leu, vi se fac promisiuni de avansare în carieră și o să câștigați mai mulți bani și atunci vedeți ce alegeți.	fem	Neti Sandu	pozitiv
329_7.wav	Fecioara, o să recuperați niște bani cu care ați putea da o fugă prin țară, pe undeva să le faceți o vizită unor rude sau prieteni.	fem	Neti Sandu	pozitiv
329_8.wav	Balanța, se perindă niște oferte de job, dar trebuie să vă gândiți dacă e momentul unei astfel de schimbări.	fem	Neti Sandu	negativ
329_9.wav	Scorpion, vă puteți găsi un partener de afaceri și să aveți o experiență profesională care să vă dea și mai multă încredere în voi.	fem	Neti Sandu	pozitiv
334_1.wav	O zi cu reușite. O să avem motive de bucurie, o să le oferim și noi altora mici surprize care să le ridice moralul și va fi așa un schimb reciproc avantajos.	fem	Neti Sandu	pozitiv
334_11.wav	Scorpion. Se poate să faceți rezervare pentru mâine, poimâine într-o stațiune de agrement ca să vă duceți la relaxare, la un schi, eventual, mai e zăpadă, nu?	fem	Neti Sandu	pozitiv
334_12.wav	Săgetător. O să vă puteți exprima un punct de vedere într-un mediu diferit de cel în care activați în mod obișnuit și să adunați lumea în jurul vostru.	fem	Neti Sandu	pozitiv
334_13.wav	Capricorn. Se încheie niște lucrări în locuință, vă reinstalați după o perioadă în care oți fi locuit altundeva, ceva e diferit, dar bun.	fem	Neti Sandu	pozitiv
334_14.wav	Vărsător. Poate organizați o ieșire cu grupul la final de săptămână și vă alegeți cu grijă anturajul ca să vă distrați.	fem	Neti Sandu	pozitiv
334_15.wav	O zi cu reușite!	fem	Neti Sandu	pozitiv
334_4.wav	Berbec. Se poate rezolva o problemă de sănătate, un tratament își face efectul și o să dați randament și mai bun la tot ce veți face.	fem	Neti Sandu	pozitiv
334_5.wav	Taur. Se poate să luați niște bani în plus că ați servit pe cineva, poate să fie un job particular și o să fie o rotunjire de buget. Gemeni.	fem	Neti Sandu	pozitiv
334_6.wav	Poate faceți o rezervare ca să plecați în vacanță și banii îi dați când ajungeți la destinație.	fem	Neti Sandu	pozitiv
334_7.wav	Rac. Vine cineva care vrea să vă cunoașteți mai bine și dacă e loc liber în inima voastră, o să vreți și voi să aflați ce și cum.	fem	Neti Sandu	pozitiv
334_8.wav	Leu. Poate faceți cuiva o promisiune că vă duceți în vizită în altă țară să vă mai relaxați după multă încordare.	fem	Neti Sandu	pozitiv
334_9.wav	Fecioara. Vin acei bani pentru care ați făcut demersuri serioase și o să vă uitați după mobilă și aparatură de uz casnic.	fem	Neti Sandu	pozitiv
337_11.wav	Balanța. Poate vă convinge cineva să intrați într-o combinație partenerială care să vă ridice cota valorică, să vă depășiți pe voi înșivă.	fem	Neti Sandu	pozitiv
337_12.wav	Scorpion. O să apară și pentru voi cineva care să vă completeze frumos și să construiți așa o relație care să vă împlinească sufletește.	fem	Neti Sandu	pozitiv
337_14.wav	Capricorn. Poate vă duceți la un interviu, c-oți fi găsit o oportunitate de a vă face cunoscute marile calități.	fem	Neti Sandu	pozitiv
337_2.wav	E așa cum am zis, vibrația zilei este unu și e bine să începem ceva care să ne facă fericiți.	fem	Neti Sandu	pozitiv
337_4.wav	Se poate să primiți ceva în dar și să vă bucurați că e cineva căruia îi pasă de voi și față de care și voi sunteți mereu atenți.	fem	Neti Sandu	pozitiv
337_5.wav	Berbec. Se anunță o reușită în familie, poate se căsătorește cineva, are loc un botez și toată lumea o să pună umărul la câte-o treabă.	fem	Neti Sandu	pozitiv
337_7.wav	Gemeni. O să faceți echipă cu cineva care vrea să profite de experiența voastră ca să iasă ceva de calitate din punct de vedere profesional.	fem	Neti Sandu	pozitiv
337_9.wav	Leu. O să primiți un semn de viață de la cineva care vă place și poate se construiește frumos o relație.	fem	Neti Sandu	pozitiv
339_1.wav	E momentul să acționăm cu adresă așa, ca să nu pierdem timp, energie și să nu ne pierdem cheful de a obține o victorie.	fem	Neti Sandu	pozitiv
339_10.wav	Fecioara. Ați putea reînnoi un contract de muncă și o să vă asigurați că o să puteți acoperi cheltuielile masive cu casa, cu școala. Balanța.	fem	Neti Sandu	pozitiv
339_11.wav	O să recuperați o sumă de bani și toate problemele stringente dispar, că o să fiți mai precauți cu banii.	fem	Neti Sandu	pozitiv
339_14.wav	Capricorn. O să reamenajați interiorul locuinței, că aveți un eveniment în viitorul apropiat.	fem	Neti Sandu	pozitiv
339_15.wav	Vărsător. Preocupările de grup o să vă aducă satisfacții profesionale, o să lucrați bine în echipă și o să aveți o stimă de sine crescută. Surprize azi.	fem	Neti Sandu	pozitiv
339_2.wav	Vibrația zilei este unu și să o luăm de la început dacă primim o a doua șansă.	fem	Neti Sandu	pozitiv
339_4.wav	Se adună bani și din alte surse decât de la serviciu și o să vă ocupați de cerințele familiei, că s-au adunat cam multe.	fem	Neti Sandu	pozitiv
339_5.wav	Berbec. Se anunță un câștig în plan emoțional și o să puteți întâlni pe cineva care să vă fie partener de viață și să fiți și fericiți.	fem	Neti Sandu	pozitiv
339_6.wav	Taur. O să puteți folosi experiența ca să lucrați la un proiect de proporții și care o să vă asigure un venit constant.	fem	Neti Sandu	pozitiv
339_7.wav	Gemeni. Relația cu partenerul de cuplu poate fi mai așezată, așa cu condiția să deveniți mai calmi și mai empatici.	fem	Neti Sandu	pozitiv
339_8.wav	Rac. Vi se propune o funcție și dacă aveți suficient curaj o să vă dați acceptul, dacă nu, veți rămâne într-un con de umbră.	fem	Neti Sandu	negativ
341_10.wav	Leu, o să primiți o invitație la cineva care locuiește departe, în alt oraș și să vă organizați în așa fel încât să vă duceți în weekend.	fem	Neti Sandu	pozitiv
341_11.wav	Fecioara, vi se propune o funcție care v-ar pune în valoare calitățile de buni profesioniști, poate și pe cele de lideri, vedem, poate le îmbinați pe cele două.	fem	Neti Sandu	pozitiv
341_13.wav	Scorpion, vă mai puteți comanda diverse lucruri pentru casă, în special pentru camera copiilor, de studiu, de joacă, poate vreți o reamenajare.	fem	Neti Sandu	pozitiv
341_15.wav	Capricorn, poate faceți o rezervare pentru weekend într-o stațiune de agrement ca să vă rupeți de stresul cotidian, să vă destindeți.	fem	Neti Sandu	pozitiv
341_16.wav	Vărsător, voi vă puteți face cadou un telefon, ori alt gadget care să vă ușureze munca, să vă și relaxeze în același timp.	fem	Neti Sandu	pozitiv
341_2.wav	Apar niște provocări care să ne forțeze puțin mâna să ne mobilizăm mai serios ca să ne atingem obiectivele.	fem	Neti Sandu	negativ
341_3.wav	Și să luăm decizii majore. Vibrația zilei este nouă și o să atingem acel nivel superior pentru care am muncit.	fem	Neti Sandu	pozitiv
341_5.wav	E posibil să apară cineva care vrea să formați un cuplu și să descoperiți un numitor comun și chiar să meargă.	fem	Neti Sandu	pozitiv
341_6.wav	Berbec, simțiți nevoia să abordați un alt stil vestimentar, o coafură nouă, dați refresh total că poate v-ați îndrăgostit, mai știi?	fem	Neti Sandu	pozitiv
341_8.wav	Poate faceți un efort financiar să vă luați mașină sau diverse lucruri utile pentru casă și ai voștri.	fem	Neti Sandu	pozitiv
341_9.wav	Rac, vi se oferă șansa de a conduce un departament, să ocupați o funcție, să căpătați un titlu.	fem	Neti Sandu	pozitiv
344_0.wav	Vești amestecate. O să ne bucurăm că apar elemente surpriză la tot pastul și avem și noi multe de oferit.	fem	Neti Sandu	pozitiv
344_10.wav	Scorpion, poate primiți un mesaj de confirmare din partea unui angajator că job-ul e al vostru.	fem	Neti Sandu	pozitiv
344_12.wav	Capricorn, o să puneți mare preț pe sinceritate la întâlnirea de suflet cu omul pe care îl vreți pentru totdeauna în viața voastră.	fem	Neti Sandu	pozitiv
344_13.wav	Vărsător, o să cheltuiți, se pare, cu multă ușurință, banii și o să le faceți mici surprize a lor voștri pentru că merită.	fem	Neti Sandu	pozitiv
344_2.wav	Poate vă duceți la o cununie religioasă și o să revedeți rude și prieteni și o să fie acolo un balsam sufletesc.	fem	Neti Sandu	pozitiv
344_3.wav	Berbec, o să întâlniți cu cineva care vă îmbie cu un job și o să faceți rapid așa un raționament să vedeți dacă vă încumetați sau nu.	fem	Neti Sandu	pozitiv
344_4.wav	Taur, prezența cuiva o să vă lase muți de uimire că n-ați fi crezut să vă întâlniți cu această persoană care era de negăsit până acum.	fem	Neti Sandu	pozitiv
344_5.wav	Gemeni, e un grup care vrea să colaborați. Poate plecați într-o excursie sau practicați un sport, ori aveți altă preocupare comună.	fem	Neti Sandu	pozitiv
344_6.wav	Rac, ați putea evada un pic așa și să dați o fugă la prietenii din alt cartier să mai schimbați o impresie.	fem	Neti Sandu	pozitiv
344_7.wav	Leu, o să fiți mai selectivi cu prietenii, unii dintre ei v-au trădat și atunci poate că ar trebui să renunțați la ei, vă gândiți.	fem	Neti Sandu	negativ
344_9.wav	Balanța, o reuniune cu lume importantă și o să vă simțiți și bine că or să fie oameni pe placul vostru.	fem	Neti Sandu	pozitiv
348_1.wav	O zi cu rezolvări. O să facem și treabă să încheiem diverse socoteli, o să ne și distrăm că e nevoie și de puțin antren.	fem	Neti Sandu	pozitiv
348_10.wav	Balanța. Se poate să întâlniți la o întrunire amicală pe cineva care să vă propună un business. E de analizat oferta.	fem	Neti Sandu	pozitiv
348_11.wav	Scorpion. Poate o să aveți o discuție între patru ochi cu cineva care e nehotărât în privința relației pe care o aveți sau ați putea-o avea.	fem	Neti Sandu	negativ
348_12.wav	Săgetător. Se poate să faceți cunoștință cu cineva cu care să vă înțelegeți, să vă iubească și să faceți casă bună împreună.	fem	Neti Sandu	pozitiv
348_13.wav	Capricorn. O să primiți confirmări, vi se dă ok-ul pentru o muncă de care sunteți încântați și nici banii nu vor fi puțini.	fem	Neti Sandu	pozitiv
348_2.wav	Vibrația zilei este șase și o să facem tot posibilul să evităm conflictele.	fem	Neti Sandu	pozitiv
348_3.wav	Vedem ce se întâmplă în fiecare dintre zodii. Pești. Vin de undeva niște bani și o să aveți pentru cheltuielile curente, dar și pentru o plecare în excursie, dacă vă hotărâți.	fem	Neti Sandu	pozitiv
348_4.wav	Berbec. Voi aveți energie, idei, suport din partea altora și o să dați drumul proiectelor care o să vă aducă succes.	fem	Neti Sandu	pozitiv
348_6.wav	Gemeni. Sunt chestiuni care se cer urgent rezolvate, pe care le-ați tot amânat și o să primiți penalizări dacă nu le faceți.	fem	Neti Sandu	negativ
348_8.wav	Leu. O să vă bucurați de niște avantaje care să vă ușureze munca și o să aveți spor la treabă.	fem	Neti Sandu	pozitiv
348_9.wav	Fecioara. O veste bună de la cineva plecat care vă cheamă acolo ca să luați parte la o zi de naștere, de căsătorie.	fem	Neti Sandu	pozitiv
34_1.wav	Uite, o zi condimentată, că am spus, e o interacțiune acolo. O să ne pliem pe cerințele momentului pentru că apar situații neprevăzute,	fem	Neti Sandu	negativ
34_13.wav	Capricorn. Se poate să vă invite cineva într-o plimbare la sfârșit de săptămână și să lăsați deoparte toate obligațiile și o să vă duceți.	fem	Neti Sandu	pozitiv
34_14.wav	Vărsător. Se anunță un succes de grup și poate fi și în particular, că aveți preocupări comune, hobby-uri.	fem	Neti Sandu	pozitiv
34_5.wav	Leu. Poate abia acum vină răspunsul autorităților, vi se dă acceptul pentru o investiție sau pentru o funcție, o titulatură.	fem	Neti Sandu	pozitiv
350_0.wav	Bună dimineața!	fem	Neti Sandu	pozitiv
350_1.wav	Cod QR, știți bine, în primul rând de scanat cu telefonul mobil ca să aflăm detaliile în plus ale horoscopului despre care vorbim chiar acum o zi, reușită!	fem	Neti Sandu	pozitiv
350_10.wav	Fecioara, o să primiți acei bani de care aveți nevoie și o să cumpărați ce v-ați propus pentru casă și copii.	fem	Neti Sandu	pozitiv
350_13.wav	Săgetător, vi se dă mână liberă, să vă puneți în valoare creativitatea ca să prezentați o nouă fațetă a stilului vostru foarte special.	fem	Neti Sandu	pozitiv
350_14.wav	Capricorn, poate o să obțineți niște bani în plus la salariu, n-ar fi exclus să aveți o colaborare care să mai atragă și altele.	fem	Neti Sandu	pozitiv
350_15.wav	Vărsător, se anunță succes la școală, la examene, la vorbitul în public, poate faceți o carieră de acest gen.	fem	Neti Sandu	pozitiv
350_16.wav	E momentul vostru de glorie, să știți. O zi reușită!	fem	Neti Sandu	pozitiv
350_6.wav	Taur, poate vă invită cineva la un spectacol și o să vă prindă bine să mai faceți și altceva, să vă încărcați emoțional de aici de colo.	fem	Neti Sandu	pozitiv
350_7.wav	Gemeni, o să aveți succes la examene după o perioadă în care nu v-a fost ușor să învățați, nu v-a ajuns timpul, n-oți fi avut chef.	fem	Neti Sandu	pozitiv
350_8.wav	Rac, e posibil să fie o atenționare în sfera sănătății și dacă nu vă îngrijiți se poate acutiza problema și atunci ia vedeți ce e acolo.	fem	Neti Sandu	negativ
352_10.wav	Balanța. E o perioadă aglomerată la serviciu, nu e o singură treabă de făcut, ci sunt mai multe, dar voi o să vă descurcați frumos.	fem	Neti Sandu	pozitiv
352_4.wav	Berbec. O invitație la un eveniment poate să fie un spectacol și să vă încărcați frumos. Sufletește e acțiune multă la voi acolo, ceva bun și frumos.	fem	Neti Sandu	pozitiv
352_5.wav	Taur. Se poate să treceți cu brio de un examen, să căpătați poate o funcție și să vă plasați la un nivel superior ierarhic.	fem	Neti Sandu	pozitiv
352_6.wav	Gemeni. O să vă asociați cu niște oameni ca să dați drumul unui proiect posibil de timp liber și să vă petreceți un timp de calitate împreună.	fem	Neti Sandu	pozitiv
352_7.wav	Rac. Se poate să faceți o investiție serioasă, vă luați fie casă, fie mașină, familia hotărăște.	fem	Neti Sandu	pozitiv
352_9.wav	Fecioara. Aici o reușită. Poate semnați un contract, poate să fie și de colaborare și să luați niște bani în plus ca să vă rotunjiți bugetul.	fem	Neti Sandu	pozitiv
355_0.wav	Noutăți de tot felul. Așteptăm un om, o veste, o încurajare ca să ne împlinim un vis.	fem	Neti Sandu	pozitiv
355_11.wav	Scorpion. Vă scoate cineva la cafea ca să vă cunoașteți mai bine în vederea unei relații, poate să fie și o cină romantică.	fem	Neti Sandu	pozitiv
355_12.wav	Săgetător. O să vă găsiți și voi perechea de suflet și viața voastră o să fie mult mai luminoasă, o să vă simțiți împliniți sufletește.	fem	Neti Sandu	pozitiv
355_13.wav	Capricorn. Comunicarea cu anturajul colegial, amical, e la nivel superior c-ați socializat mai mult în ultima vreme.	fem	Neti Sandu	pozitiv
355_14.wav	Vărsător. Voi stați bine la capitolul studii și o să perfectați și niște acte ca să faceți progrese pe mai multe planuri, am zis, noutăți de tot felul azi.	fem	Neti Sandu	pozitiv
355_3.wav	Relația sentimentală se poate rescrie filă cu filă așa și o să vă bucurați de un trai fericit că ați așteptat destul momentul.	fem	Neti Sandu	pozitiv
355_8.wav	Leu. O persoană șarmantă vă face curte și dacă sunteți disponibili o să vreți să aflați ce fel de om e ca să știți dacă vă potriviți.	fem	Neti Sandu	pozitiv
358_11.wav	Săgetător. Se poate să știți să vă îndrăgostiți lulea dacă nu sunteți în vreo relație și să vă placă să pluțiți așa în starea asta de reverie.	fem	Neti Sandu	pozitiv
358_3.wav	Berbec. Apare cineva care o să vă încălzească sufletul și o să aveți mai mult spor și la serviciu și acasă o să fiți fericiți.	fem	Neti Sandu	pozitiv
358_5.wav	Gemeni. Se poate să faceți o achiziție de valoare, poate dați avansul pentru o casă, ori poate vă luați o mașină chiar și la mâna a doua.	fem	Neti Sandu	pozitiv
358_6.wav	Rac. E posibil să fiți puși într-o postură în care să aveți mai multă vizibilitate, că munca voastră vorbește de la sine.	fem	Neti Sandu	pozitiv
358_8.wav	Fecioara. Se poate să faceți cunoștință cu cineva care vă place așa cum sunteți și o să vă destindeți dacă o să vă simțiți iubiți.	fem	Neti Sandu	pozitiv
358_9.wav	Balanța. Se prea poate să vă tenteze cineva cu un job și să vă încânte ideea că or să fie mai mulți bani.	fem	Neti Sandu	pozitiv
359_4.wav	Se poate să întâlniți pe cineva care să vă completeze frumos și să faceți echipă la bine și la greu.	fem	Neti Sandu	pozitiv
359_5.wav	Taur. O invitație prin târg, pe la mondenități și o să vă faceți noi relații și cunoștințe, cât se poate de utile, dar și de suflet.	fem	Neti Sandu	pozitiv
359_6.wav	Gemeni. Va căuta cineva care v-a dus dorul și poate faceți cumva să vă vedeți mai des, să aveți o relație constantă.	fem	Neti Sandu	pozitiv
359_7.wav	Rac. Familia vrea să vă întâlniți și, dacă nu se poate, o să o faceți cât de curând posibil, că e nevoie.	fem	Neti Sandu	pozitiv
359_8.wav	Leu. Se poate să aflați despre o afacere la care v-ați putea aduce și voi contribuția și să câștigați bani.	fem	Neti Sandu	pozitiv
361_1.wav	O zi frumoasă!	fem	Neti Sandu	pozitiv
361_10.wav	Fecioara. O întâlnire oficială. Poate să fie o gală de premiere, ori poate o competiție sportivă și o să fie o atmosferă fierbinte.	fem	Neti Sandu	pozitiv
361_11.wav	Balanța. O revenire a cuiva care nu v-a putut uita și o să faceți o introspecție așa să vedeți dacă pentru voi mai înseamnă ceva.	fem	Neti Sandu	pozitiv
361_13.wav	Săgetator. Se poate să faceți cunoștință cu cineva care chiar rezonează cu voi și o să aveți multe de share-uit.	fem	Neti Sandu	pozitiv
361_15.wav	Vărsător. O să vă meargă bine în formula de grup și o să petreceți frumos timpul liber, că v-a lipsit relaxarea, ați fost încordați.	fem	Neti Sandu	pozitiv
361_2.wav	Vești bune, oameni cu care avem ce împărți așa ca să ne simțim bine și o să avem parte de o zi de mare încărcătură emoțională.	fem	Neti Sandu	pozitiv
361_4.wav	Pești. E cineva care vrea să vă vadă, că i-ați lipsit, și dacă și voi simțiți același lucru, o să ieșiți la o parolă.	fem	Neti Sandu	pozitiv
361_5.wav	Berbec. O răscolire interioară și poate o să aveți o discuție între patru ochi cu acel cineva care v-a produs un disconfort și vă recalibrați.	fem	Neti Sandu	negativ
361_6.wav	Taur. Vă invită cineva la un party, o fi un spectacol, și o să vă bucurați de revederea unor oameni la care țineți.	fem	Neti Sandu	pozitiv
361_7.wav	Gemeni. O plecare în alt oraș, la invitația unor prieteni, va fi sursa voastră de bună dispoziție.	fem	Neti Sandu	pozitiv
361_8.wav	Rac. E posibil să întâlniți pe cineva care să vă cânte în strună că vă place și să răspundeți la fel.	fem	Neti Sandu	pozitiv
361_9.wav	Leu. Vă puteți întâlni omul visurilor voastre și să vă simțiți împliniți sufletește după o perioadă de tristețe poate și de lipsă de armonie în relație.	fem	Neti Sandu	pozitiv
365_11.wav	Balanța. Ar avea de unde să vă intre niște bani și să le faceți mici surprize alor voștri zilele astea.	fem	Neti Sandu	pozitiv
365_12.wav	Scorpion. E o acalmie în sfera sentimentală și o să ieșiți mai des la plimbare să fiți departe de sursele de stres.	fem	Neti Sandu	pozitiv
365_13.wav	Săgetător. Se poate să întâlniți pe cineva care să vă atragă prin felul de a fi și să funcționeze atracția, să formați un cuplu.	fem	Neti Sandu	pozitiv
365_14.wav	Capricorn. Vă scoate cineva la plimbare și o să vă facă plăcere să mai faceți și altceva decât muncă și iar muncă.	fem	Neti Sandu	pozitiv
365_3.wav	Vărăsător. Se parafează un act și o să puteți avansa cu acele demersuri importante: să luați un credit bancar, să vă luați o casă, o mașină.	fem	Neti Sandu	pozitiv
365_5.wav	Berbec. Poate organizați o petrecere zilele astea ca să vă bucurați împreună cu prietenii de o reușită, ca ați atins o vârstă, o performanță poate.	fem	Neti Sandu	pozitiv
365_6.wav	Taur. O invitație la spectacol, la restaurant, că or fi: zi de naștere, de comunie civilă, pare să fi un prilej festiv.	fem	Neti Sandu	pozitiv
365_7.wav	Gemeni. E cineva care vrea să faceți echipă la bine și la greu și poate o să fiți de acord să vă căsătoriți.	fem	Neti Sandu	pozitiv
365_8.wav	Rac. O reuniune cu un prilej anume și o să vă faceți noi cunoștințe și o să ieșiți poate mai des la socializare.	fem	Neti Sandu	pozitiv
365_9.wav	Leu. O să recuperați niște bani care o să vă prindă bine să le împliniți niște dorințe alor voștri.	fem	Neti Sandu	pozitiv
367_1.wav	O zi cu rezolvări. O să ne orientăm spre lucrurile cu adevărat valoroase ca să atingem esența, să căpătăm stabilitate.	fem	Neti Sandu	pozitiv
367_10.wav	Fecioara. O prietenie care se pierduse pe drum revine cu forțe proaspete și o să vă fie un foarte bun suport.	fem	Neti Sandu	pozitiv
367_11.wav	Balanța. O chestiune de suflet vă macină și poate stați de vorbă la cafea cu persoana în cauză.	fem	Neti Sandu	pozitiv
367_14.wav	Săgetător. Apar niște confirmări și o să puneți ordine în lucrurile pe care le aveți de făcut că e deja trasat drumul.	fem	Neti Sandu	pozitiv
367_15.wav	Capricorn. E cineva care se întoarce după ce a lipsit o vreme din viața voastră și o să faceți tot posibilul ca relația să și funcționeze de data asta.	fem	Neti Sandu	pozitiv
367_16.wav	O zi cu rezolvări.	fem	Neti Sandu	pozitiv
367_6.wav	Taur. O să luați bani și o să tot aveți de dat că sunt multe de plătit și poate organizați vreun party în weekend.	fem	Neti Sandu	negativ
367_7.wav	Gemeni. Apare cineva care vrea cu tot dinadinsul să vă cucerească și dacă găsiți elemente comune și nu sunteți într-o relație, vedeți ce îi ziceți.	fem	Neti Sandu	pozitiv
367_8.wav	Rac. E cineva de departe care vă cheamă și vă duceți de mâine sau când o să vă luați concediu.	fem	Neti Sandu	pozitiv
36_1.wav	Pentru astăzi, o zi reușită. O să avem grijă de noi, de familie și de ce am putea face și pentru cei din jur,	fem	Neti Sandu	pozitiv
36_11.wav	Săgetător. Poate rezolvați o chestiune importantă cu banca. Să cereți fie un împrumut, fie o amânare a ratelor	fem	Neti Sandu	pozitiv
36_14.wav	Vărsător. Prezența cuiva o să vă aducă vești colorate și poate despindeți de acolo o idee de afaceri	fem	Neti Sandu	pozitiv
36_16.wav	Pești. Poate o să ajungeți la o mai bună comunicare cu partenerul de cuplu	fem	Neti Sandu	pozitiv
375_0.wav	Bună dimineața! Cod QR de scanat cu telefonul mobil și găsim detalii suplimentare ale horoscopului despre care vorbim chiar acum, o zi cu surprize.	fem	Neti Sandu	pozitiv
375_1.wav	Ies la iveală lucruri și ies și oameni care au avut ceva de spus la un moment dat dar n-au făcut-o și acum se pot schimba multe.	fem	Neti Sandu	negativ
375_11.wav	Fecioara, o să vă caute cineva care vrea să vă încercați șansele de a fi împreună și o să vă evaluați și voi starea de spirit. Balanța.	fem	Neti Sandu	pozitiv
375_13.wav	Scorpion, e cineva care s-ar putea să vă stârnească interesul pentru o relație și o să tatonați terenul să vedeți dacă vă regăsiți în această combinație.	fem	Neti Sandu	pozitiv
375_16.wav	O zi cu surprize, o să revin puțin mai târziu. Vă aștept!	fem	Neti Sandu	pozitiv
375_4.wav	O să puteți repara o relație de dragoste care intrase în colaps, că o să găsiți resursele necesare să o resuscitați.	fem	Neti Sandu	pozitiv
375_6.wav	Berbec, se poate să prindeți din zbor o ofertă de afaceri și să nu stați prea mult pe gânduri să vă dați acceptul.	fem	Neti Sandu	pozitiv
375_7.wav	Taur, e de mers la un botez sau o fi o aniversare, e ceva festiv și care v-ar unge pe suflet dacă ați fi și voi de față.	fem	Neti Sandu	pozitiv
375_8.wav	Gemeni, se prea poate să întâlniți pe cineva care să umple golul sufletesc, care v-a făcut să vă izolați și să simțiți și voi căldură sufletească.	fem	Neti Sandu	pozitiv
375_9.wav	Rac, o reuniune cu rudele cu care vă înțelegeți bine și o să vă aducă acel ceva care să vă încarce frumos sufletește.	fem	Neti Sandu	pozitiv
377_0.wav	O zi cu de toate. O să ne bucurăm de oameni dragi care ne trec pragul. Ori poate ne sună, ne dau vești care mai de care și o să ne fie bine.	fem	Neti Sandu	pozitiv
377_10.wav	Balanța. O întâlnire cu rudele v-ar pune în temă cu ce aveți de făcut în vederea evenimentului care va avea loc în curând.	fem	Neti Sandu	pozitiv
377_13.wav	Capricorn. Vi se lansează invitația să mergeți la un film, la un spectacol, să vă bucurați și de prezența persoanei care vă invită.	fem	Neti Sandu	pozitiv
377_2.wav	Sa vedem ce se întâmplă în fiecare dintre zodii. Vărsător. Relația cu partenerul de cuplu are nevoie de prospețime și poate plecați într-un weekend romantic să dați refresh stării de spirit.	fem	Neti Sandu	pozitiv
377_3.wav	Pești. O sa fiți mult mai receptivi la interacțiunea cu colegii, cu prietenii și o să aveți preocupări comune ori de câte ori o să aveți timp.	fem	Neti Sandu	pozitiv
377_7.wav	Rac. Vin niște bani dintr-o datorie mai veche și o să vă puteți mișca pentru că ați descoperit o destinație de vacanță sau mini-vacanță.	fem	Neti Sandu	pozitiv
377_8.wav	Leu. E cineva care speră să vă convingă să ieșiți la un tête-à-tête ca să vă demonstreze că este cea mai potrivită persoană pentru voi.	fem	Neti Sandu	pozitiv
379_0.wav	O zi cu vești bune. Aflăm în sfârșit care e piesa lipsă dintr-un puzzle.	fem	Neti Sandu	pozitiv
379_12.wav	Poate vă pregătiți de o sărbătoare în familie și faceți aprovizionarea. Cereți confirmări din partea invitaților să fiți siguri că vin.	fem	Neti Sandu	pozitiv
379_14.wav	Vă scoate cineva la cafea, la plimbare să vă cunoașteți mai bine dacă nu sunteți într-o relație și să vedeți dacă există compatibilitate.	fem	Neti Sandu	pozitiv
379_16.wav	O să vă ocupați de treburile gospodărești, dar și de voi să mai ieșiți pe la modenități că aveți nevoie de relaționare cu oamenii.	fem	Neti Sandu	negativ
379_17.wav	Săgetător. E cineva care vă curtează și dacă n-aveți pe nimeni o să intrați în jocul ăsta al seducției că o să vă prindă mai mult ca sigur.	fem	Neti Sandu	pozitiv
379_19.wav	O zi cu vești bune.	fem	Neti Sandu	pozitiv
379_4.wav	Poate vă ajung să plătiți pe undeva, să vă mai spălați gândurile, să fiți și voi creativi. E de plecat pe undeva.	fem	Neti Sandu	negativ
379_5.wav	Pești. Vă reușeșc demersurile care țin de acte, de sferă învățământ și o să duceți la bun sfârșit ce v-ați propus. Berbec.	fem	Neti Sandu	pozitiv
379_6.wav	Dați dovadă de o energie debordantă și poate o să dați o raită prin împrejurimi să mai aflați noutăți de pe la prieteni. Taur.	fem	Neti Sandu	pozitiv
379_7.wav	Vă invită niște prieteni la casa lor de pe alte meleaguri și s-ar putea să vă lăsați convins și să vă duceți. Gemeni.	fem	Neti Sandu	pozitiv
379_8.wav	O să reglați niște aspecte care țin de viața de cuplu și o să fie liniște și pace acasă că ați aplanat conflictele, tensiunile.	fem	Neti Sandu	pozitiv
381_0.wav	O zi reușită. O să cântărim bine situațiile înainte de a lua o decizie ca să nu greșim.	fem	Neti Sandu	pozitiv
381_1.wav	Avem viziune, resurse și o să mergem direct la țintă.	fem	Neti Sandu	pozitiv
381_10.wav	Rac. Vă dați întâlnire cu cineva care vrea să lucrați la un proiect care promite bani și succes.	fem	Neti Sandu	pozitiv
381_11.wav	Leu. Se poate să vă consultați cu un avocat care să vă pledeze cauza, să aveți parte de un verdict pozitiv, să obțineți ce-i al vostru.	fem	Neti Sandu	pozitiv
381_16.wav	Săgetător. Se pare că o să întâlniți pe cineva de calibrul vostru dacă o să ieșiți pe la mondenități și o să vă extindeți aria de influență.	fem	Neti Sandu	pozitiv
381_17.wav	Capricorn. Se poate să interacționați cu niște oameni care au nevoie de experiența voastră și poate și de nume și o să fie o colaborare de succes.	fem	Neti Sandu	pozitiv
381_7.wav	Taur. Se vine cu o propunere de afaceri și nu o să ziceți nu, că aveți așa rezistență la efort și de bani nu s-ar zice că nu aveți nevoie.	fem	Neti Sandu	pozitiv
381_9.wav	Gemeni. O să puteți repara o relație sentimentală care își pierduse vibe-ul și o să luptați pentru consolidarea ei.	fem	Neti Sandu	pozitiv
383_0.wav	Este o zi reușită. O să ne achităm de obligații materiale, morale, o să dăm drumul proiectelor noi ca să punem în valoare potențialul.	fem	Neti Sandu	pozitiv
383_10.wav	Fecioara. E posibil să prindeți din zbor o ofertă de vacanță sau un city break și care să vă încarce frumos energetic.	fem	Neti Sandu	pozitiv
383_11.wav	Balanța. E posibil să vă caute cineva din trecutul sentimental pentru încă o șansă și numai voi știți cum stați, ce simțiți.	fem	Neti Sandu	negativ
383_12.wav	Scorpion. O să puteți rezolva niște probleme legate de școală, de examene, poate vă duceți la un interviu și o să fie cu succes.	fem	Neti Sandu	pozitiv
383_13.wav	Săgetător. Se poate să luați acei bani pe care i-ați tot cerut și s-au invocat diverse motive ca să nu-i luați, dar acum nu se poate.	fem	Neti Sandu	negativ
383_14.wav	Capricorn. O să ieșiți mai des la socializare c-aveți nevoie să împărtășiți experiențe de viață, să cereți o părere, un feedback. O zi reușită.	fem	Neti Sandu	pozitiv
383_3.wav	Vărsător. O reușită după lungi așteptări și o să luați și bani, o să vă puteți asocia cu niște oameni bine cotați, niște profesioniști.	fem	Neti Sandu	pozitiv
385_0.wav	O zi mai piperată. Să dăm zor să ne achităm, ar fi bine, de obligații, în special de restanțe.	fem	Neti Sandu	negativ
385_1.wav	Ca să ne putem restarta frumos. Vibrația zilei este șapte și o să se vadă c-am atins acel prag al înțelepciunii.	fem	Neti Sandu	pozitiv
385_11.wav	Fecioara, prezența cuiva o să fie benefică pentru voi și o să luați de acolo o energie care să vă imprime forță, creativitate.	fem	Neti Sandu	pozitiv
385_5.wav	Berbec, o să vi se mulțumească într-un cadru public, poate fi și online, pentru ce ați muncit și pentru succesul pe care l-ați avut.	fem	Neti Sandu	pozitiv
387_0.wav	O să avem parte de o zi destul de bună. O să putem face multe lucruri dacă accesăm toate resursele interioare și e bine să fim consecvenți.	fem	Neti Sandu	pozitiv
387_1.wav	Vibrația zilei este șase și o să avem parte de armonie și e bine să o păstrăm ca să fim în acord cu noi înșine.	fem	Neti Sandu	pozitiv
387_11.wav	Fecioara. Poate faceți o investiție serioasă și vă consultați neapărat și cu familia ca să vă puneți de acord că sunt bani mulți acolo.	fem	Neti Sandu	pozitiv
387_13.wav	Scorpion. O să puteți găsi ceva de lucru în particular și o să vă puteți rotunji veniturile.	fem	Neti Sandu	pozitiv
387_15.wav	Capricorn. O să trebuiască să dați un răspuns cu privire la o combinație de afaceri pe care o să vreți să o faceți sau poate că nu.	fem	Neti Sandu	negativ
387_3.wav	E bine să vă îngrijiți și de sănătate ca să fiți în formă pentru noile proiecte și de viață personală și de servici. Pești.	fem	Neti Sandu	negativ
387_4.wav	Relația de cuplu se poate stabiliza și poate o să petreceți mai mult timp împreună pentru consolidare.	fem	Neti Sandu	pozitiv
387_7.wav	Taur. Se poate să găsiți ceva mai interesant de lucru și să vă canalizați toate eforturile în acea direcție ca să aveți parte de reușite.	fem	Neti Sandu	pozitiv
387_8.wav	Gemeni. E cineva care nu poate trăi fără voi și vă spune ca să luați și voi o hotărâre cât mai curând și poate vă căsătoriți.	fem	Neti Sandu	pozitiv
387_9.wav	Rac. O să reglați comunicarea cu colectivul de la slujbă și o să faceți o echipă de succes.	fem	Neti Sandu	pozitiv
390_0.wav	Lună plină cu de toate. E o efervescență pe care am putea-o folosi ca să ne rezolvăm niște lucruri, să ne apropiem de niște oameni care se distanțaseră de noi.	fem	Neti Sandu	pozitiv
390_1.wav	Vibrația zilei este cinci și o să ne folosim curajul să ne schimbăm viața în bine, să vedem pe rând ce se întâmplă în fiecare dintre zodii. Vărsător.	fem	Neti Sandu	pozitiv
390_10.wav	Balanța. Se poate să vi se recunoască niște merite, să vindeți niște produse pe care le-oți fi lucrat și să adunați ceva bani.	fem	Neti Sandu	pozitiv
390_13.wav	Capricorn. Vă dați întâlnire cu copii, nepoți, cu tineret care vrea să facă mișcare și să guste un pic de adrenalină.	fem	Neti Sandu	pozitiv
390_2.wav	O să ieșiți la masă cu cei dragi dacă nu plecați din localitate și o să fie un bun prilej să povestiți ce ați mai făcut.	fem	Neti Sandu	pozitiv
390_4.wav	Berbec. Se poate să întâlniți la o reuniune mondenă, o persoană șarmantă care să vă atragă ca un magnet și poate vă înțelegeți.	fem	Neti Sandu	pozitiv
390_6.wav	Gemeni. O să vă puteți duce la prieteni care locuiesc în alt oraș, să le faceți o vizită, poate le faceți o surpriză, mai știi?	fem	Neti Sandu	pozitiv
390_8.wav	Leu. Vine cineva după o lungă absență și o să lămuriți niște aspecte care v-au dat de furcă și să intrați în normal.	fem	Neti Sandu	pozitiv
390_9.wav	Fecioara. Poate vă duceți chiar și cu trenul la părinți, la bunici în vizită, prin alte zone ale țării ca să le spuneți o vorbă bună, să le duceți ceva.	fem	Neti Sandu	pozitiv
394_0.wav	Să vedem ce avem pentru azi, o zi a surprizelor.	fem	Neti Sandu	pozitiv
394_1.wav	O să ne trezim cu vești, cu oameni care ne pot schimba brusc starea de spirit și poate va trebui să luăm și niște decizii.	fem	Neti Sandu	negativ
394_10.wav	Fecioara, se pare că n-o să vă mai uitați la bani când vine vorba despre mulțumit familia că merită și ai voștri o răsplată măcar un weekend.	fem	Neti Sandu	pozitiv
394_12.wav	Scorpion, e cineva căruia e dor de voi și vrea să vă scoate la plimbare și poate fi continuarea unei povești de dragoste dacă n-aveți pe nimeni.	fem	Neti Sandu	pozitiv
394_3.wav	Vărsător, o să vă oferiți un moment de respiro, vă duceți la aer curat undeva să vă bucurați de libertate, să vă relaxați alături de familie și de prieteni. Pești.	fem	Neti Sandu	pozitiv
394_4.wav	Poate vă faceți remarcați prin ceva anume într-un cadru public și o să mai urcați o treaptă socială.	fem	Neti Sandu	pozitiv
394_5.wav	Berbec, se poate să întâlniți pe cineva care să umple golul sufletesc și să vă inspire încredere că o să puteți fi și voi fericiți.	fem	Neti Sandu	pozitiv
394_6.wav	Taur, se pare că o să vi se ceară ajutor, sunt niște oameni care nu se descurcă fără voi și o să îi susțineți cumva.	fem	Neti Sandu	pozitiv
394_8.wav	Rac, o să aveți grijă și de voi, și de familie să refaceți armonia de care aveți atâta nevoie să fiți fericiți cu toții.	fem	Neti Sandu	pozitiv
396_1.wav	E o zi lejeră. O să avem grijă și de noi să ne mai tragem sufletul înainte de a porni iar într-un tur de forță de luni încolo.	fem	Neti Sandu	pozitiv
396_11.wav	Balanța. Poate reînnoiește cineva oferta de job și dacă aveți vreo nemulțumire la actualul serviciu, poate vă dați acceptul.	fem	Neti Sandu	pozitiv
396_12.wav	Scorpion. E cineva care speră să vă capteze interesul și să vă evaluați și voi sentimentele, să vedeți cam cum stați.	fem	Neti Sandu	pozitiv
396_4.wav	Pești. V-ați putea încumeta la un credit bancar și să luați suma necesară cu care să achiziționați o casă ori o mașină.	fem	Neti Sandu	pozitiv
396_5.wav	Berbec. Se poate să plecați cu prietenii pe undeva și să vă deconectați, c-ați acumulat și voi prea mult stres.	fem	Neti Sandu	pozitiv
396_7.wav	Gemeni. Vă intră bani și o să aveți de ieșit pe undeva cu prietenii, să faceți mișcare, să lăsați deoparte grijile de tot felul.	fem	Neti Sandu	pozitiv
398_10.wav	Fecioara, se poate să aveți o discuție între patru ochi cu cineva care nu vrea să vă piardă dar tot nu reușește să-și tempereze pornirile agresive.	fem	Neti Sandu	negativ
398_11.wav	Balanța, rămâne să vă hotărâți dacă vă angajați într-o nouă aventură profesională sau vă rezumați la jobul pe care îl aveți, ca să nu vă complicați.	fem	Neti Sandu	negativ
398_14.wav	Capricorn, se poate să perfectați niște arte care țin de școală, vă transferați în altă grupă ori la altă școală, par să fie niște schimbări.	fem	Neti Sandu	pozitiv
398_15.wav	O zi destinsă!	fem	Neti Sandu	pozitiv
398_5.wav	Berbec, e cineva care vă caută în intenția de a petrece un weekend împreună, poate pentru că vă aflați la început de drum și vrea să vă cunoașteți.	fem	Neti Sandu	pozitiv
398_7.wav	Gemeni, poate o să luați parte la o competiție și să ieșiți învingători. E posibil să fie un concurs ori poate e un meci al copiilor.	fem	Neti Sandu	pozitiv
39_10.wav	Scorpion. Poate vă cheamă cineva la o sindrofie la sfârșit de săptămână,	fem	Neti Sandu	pozitiv
39_12.wav	Săgetător. Vă faceți niște calcule financiare ca să știți ce sumă alocați vacanței	fem	Neti Sandu	pozitiv
39_14.wav	Capricorn. Se poate să vă cheme șefii la o discuție referitoare	fem	Neti Sandu	negativ
39_16.wav	Vărsător. Relația de cuplu traversează o perioadă mai delicată	fem	Neti Sandu	negativ
39_19.wav	Berbec. Poate veți lua o decizie referitoare la locuință, că o să vreți să vă mutați într-o casă mai mare,	fem	Neti Sandu	pozitiv
39_5.wav	Leu. Vă scoate cineva la plimbare și poate o să vă cunoașteți mai bine că până acum v-ați văzut poate doar în cadrul unui grup.	fem	Neti Sandu	pozitiv
39_6.wav	Fecioara. Poate organizați împreună cu prietenii o ieșire la sfârșit de săptămână,	fem	Neti Sandu	pozitiv
402_12.wav	Leu. În moment bun de succes în plan personal, la slujbă, la școală, poate primiți o funcție. Fecioara.	fem	Neti Sandu	pozitiv
402_13.wav	Se poate să aveți un șef nou și care să vă remarce calitățile și cu care să faceți echipă bună la treabă. Balanța.	fem	Neti Sandu	pozitiv
402_17.wav	O să fiți mult mai expeditivi cu treburile de tot felul și poate vă rămâne timp să ieșiți la plimbare, la un spectacol. O zi cu energie!	fem	Neti Sandu	pozitiv
402_6.wav	Bateți palma pentru un contract care va reduce bani și se poate să și vindeți ceva ca să faceți rost de bani. Pești.	fem	Neti Sandu	pozitiv
402_7.wav	O să vă bucurați de o prezență agreabilă care vă poate face viața mai frumoasă dacă o să o luați mai în serios pe această persoană.	fem	Neti Sandu	pozitiv
402_8.wav	Berbec. Apar noutăți incitante și o să dați dovadă de curaj să începeți niște afaceri care să vă aducă beneficii certe.	fem	Neti Sandu	pozitiv
404_1.wav	E o zi cu reușite. O să fim expeditivi cu treburile curente și o să le acordăm maximum de atenție lucrurilor complicate,	fem	Neti Sandu	pozitiv
404_16.wav	Scorpion, vă scoate cineva la o cafea să reînnoiască o cerere de prietenie sau poate e una sentimentală	fem	Neti Sandu	pozitiv
404_5.wav	Pești, se poate să mai cumpărați câte ceva pentru casă și să vă duceți și mașina la o verificare în service	fem	Neti Sandu	pozitiv
406_1.wav	Or să apară situații neașteptate și o să fim prompți în replică să extragem profitul.	fem	Neti Sandu	pozitiv
406_10.wav	Leu, se poate să vă dea cineva înapoi niște bani și să aveți de ieșit la o cafea, la un film, un spectacol.	fem	Neti Sandu	pozitiv
406_13.wav	Scorpion, o să faceți cunoștință cu cineva care o să vă cucerească instantaneu, cu șarmul care o să vă seducă fără drept de apel.	fem	Neti Sandu	pozitiv
406_14.wav	Săgetător, e momentul să dați dovadă de sinceritate, să spuneți lucrurilor pe nume ca să salvați o căsnicie, ori o relație sentimentală.	fem	Neti Sandu	negativ
406_2.wav	Vibrația zilei este unsprezece și o să valorificăm un rezultat pentru care am muncit, nu glumă.	fem	Neti Sandu	pozitiv
406_4.wav	Vărsător, se poate să vă invite cineva într-o plimbare și să vă prindă bine, să faceți câțiva pași pe afară.	fem	Neti Sandu	pozitiv
406_7.wav	Taur, se poate să primiți ceva în dar cu un prilej anume și să începeți săptămâna cu un tonus ridicat.	fem	Neti Sandu	pozitiv
409_0.wav	O zi condimentată. O să mai facem și treabă pe acasă, o să ne și distrăm ca să simțim că e weekend și că avem și noi nevoie de o recreație mare.	fem	Neti Sandu	pozitiv
409_1.wav	Vibrația zilei este unu și o să ne restartăm ca să începem o viață nouă și frumoasă.	fem	Neti Sandu	pozitiv
409_11.wav	Scorpion. Aveți toate șansele să vă intersectați drumurile cu cineva care v-ar putea suscita un interes pentru o relație de cuplu. Vedeți ce și cum.	fem	Neti Sandu	pozitiv
409_12.wav	Săgetător. Se poate să nimeriți într-un mediu de afaceri pe la reuniunile voastre și să vă treziți cu o ofertă de job, vă gândiți dacă vă convine sau nu.	fem	Neti Sandu	pozitiv
409_2.wav	Vărsător. O ieșire în oraș o să fie un bun prilej să cunoașteți un posibil partener de afaceri într-un cerc de prieteni undeva.	fem	Neti Sandu	pozitiv
409_3.wav	Pești. Se poate să vă implicați în pregătirea unui eveniment și să puneți tot talentul la bătăie ca să vă asigurați că va fi pe placul celor prezenți.	fem	Neti Sandu	pozitiv
409_7.wav	Rac. E posibil să apară cineva care să se apropie din ce în ce de voi și să vă facă plăcere să fiți împreună.	fem	Neti Sandu	pozitiv
409_8.wav	Leu. O veste bună de la cineva care vrea să vă întâlniți, vă scoate în oraș și o să descoperiți multe puncte comune.	fem	Neti Sandu	pozitiv
40_1.wav	O să le dăm de capăt lucrurilor importante și să ne vedem în continuare de obiectivele majore, să avem grija de sănătate și de ai noștri.	fem	Neti Sandu	pozitiv
40_11.wav	Pești. O să vă bucurați de revederea cuiva care vine cu o veste bună, că poate o să dați și voi de o colaborare.	fem	Neti Sandu	pozitiv
40_12.wav	Berbec. Se poate să primiti o invitație la un eveniment la care veți cunoaște niște posibili parteneri de afaceri cu care veți colabora în cei mai buni termeni.	fem	Neti Sandu	pozitiv
40_15.wav	Gemeni. Își face apariția cineva care a lipsit o vreme din viață voastră și o să vrea să vă recucerească și vă reuși se pare.	fem	Neti Sandu	pozitiv
40_16.wav	Lună plină cu de toate.	fem	Neti Sandu	pozitiv
40_3.wav	Rac. O să aflați un adevăr care vă poate ajuta să reparați o relație care se pierduse pe drum așa și să fiți fericiți.	fem	Neti Sandu	pozitiv
40_4.wav	Leu. Se pare că o să primiți în sfârșit un răspuns afectiv din partea cuiva care nu v-a uitat și puteți spera la o revenire spectaculoasă.	fem	Neti Sandu	pozitiv
40_5.wav	Fecioara. Vă invită cineva din țară sau din străinătate să petreceți un concediu acolo și o să se și poată, o să vedeți.	fem	Neti Sandu	pozitiv
40_6.wav	Balanța. O să vă găsiți o oră, doua libere pentru activitatea preferată și o să vă destindeți, poate-i cooptați și pe ai voștri, pe cei mici.	fem	Neti Sandu	pozitiv
40_8.wav	Săgetător. E posibil să vă parvină niște bani din colaborări și o să aveți cu ce să vă plimbați, vă duceți în concediu.	fem	Neti Sandu	pozitiv
40_9.wav	Capricorn. O să vă caute cineva care speră să formați un cuplu și dacă sunteți singuri o să vă arătați și voi disponibilitatea.	fem	Neti Sandu	pozitiv
411_0.wav	O zi, vă spun, chiar frumoasă. O stare de bine. O să fim parcă și mai empatici cu cei din jur și o să ne bucurăm de tot ce am agonisit material, spiritual.	fem	Neti Sandu	pozitiv
411_10.wav	Fecioara. Se întâmplă ceva care să vă strânească o curiozitate legată de un proiect care v-ar aduce bani și o să vă aflați toate detaliile.	fem	Neti Sandu	pozitiv
411_11.wav	Balanța. E posibil să întâlniți în grupul de prieteni pe cineva care să fie nedezlipit de voi și o să vedeți în ce măsură vă armonizați.	fem	Neti Sandu	pozitiv
411_12.wav	Scorpion. Poate le-ați rămas datori copiilor, nepoților, cu o plimbare în parcul de distracții, la patinoar sau acolo unde le place lor.	fem	Neti Sandu	pozitiv
411_13.wav	Săgetător. O să revină cineva care nu poate fără voi și o să aveți de ales să-i mai dați o șansă sau vă vedeți de viața voastră.	fem	Neti Sandu	pozitiv
411_3.wav	O să vedeți mesajul pe care vreți să-l transmiteți, ideile. Pești.	fem	Neti Sandu	pozitiv
411_4.wav	O să dați zor să rezolvați problemele casnice, să o puteți zbughi spre o zonă de agrement, atenție la drum, să respirați alt aer, să admirați niște peisaje.	fem	Neti Sandu	pozitiv
411_6.wav	Taur. Se poate să vă facă cineva o vizită și vă dați întâlnire și cu alți prieteni, dacă e zilele astea să stați la povești. Gemeni.	fem	Neti Sandu	pozitiv
411_7.wav	Poate plecați cu trenul dacă mașina voastră e în service, ori cu prietenii care conduc ei mașina și o să fie distracție.	fem	Neti Sandu	pozitiv
411_9.wav	Leu. O să apară cineva care vrea să petreceți un timp împreună ca să vă cunoașteți că se poate să formați un cuplu.	fem	Neti Sandu	pozitiv
413_13.wav	Săgetător, e posibil să vă iasă în cale cineva care să corespunde idealului vostru și să formați un cuplu dacă vă simțiți compatibili.	fem	Neti Sandu	pozitiv
413_15.wav	Reușite azi!	fem	Neti Sandu	pozitiv
413_2.wav	Vărsător, vă cooptează cineva într-un proiect care v-ar aduce și faimă și bani și vedeți totuși cum arată.	fem	Neti Sandu	pozitiv
413_3.wav	Pești, vă caută niște parteneri de afaceri ca să interacționați și o să negociați timp și bani	fem	Neti Sandu	pozitiv
413_7.wav	Gemeni, o să atrageți atenția prin ceva și se poate să primiți o subvenție, voucher compensatoriu, o recompensă.	fem	Neti Sandu	pozitiv
413_8.wav	Rac, e cineva care vrea să fiți împreună și dacă nu sunteți implicați într-o relație o să îi răspundeți persoanei, da, nu. Leu.	fem	Neti Sandu	negativ
413_9.wav	E cineva atrăgător care vrea să vă cucerească și dacă găsiți compatibilitate o să decurgă totul frumos.	fem	Neti Sandu	pozitiv
415_0.wav	E o zi cu rezolvări. O să ne bucurăm de veștile bune, de gesturile unor oameni care ne apreciează și o să putem bifa un succes.	fem	Neti Sandu	pozitiv
415_10.wav	Balanța! O să fiți cooptați de un grup, o fundație ca să susțineți o cauză, să vă implicați cu ce se poate, că e mare nevoie de voi.	fem	Neti Sandu	pozitiv
415_11.wav	Scorpion! La voi a susținut scadența și atunci trebuie să vă achitați de niște obligații ca să puteți începe alte proiecte în scurt timp.	fem	Neti Sandu	negativ
415_13.wav	Capricorn! E posibil să fie un volum mare de muncă la serviciu și să vă descurcați frumos și să luați și bani mai mulți. O zi cu rezolvări, am zis, de la noi.	fem	Neti Sandu	pozitiv
415_2.wav	Vărsător. O să aveți o apariție în public, poate o campanie, un serial, ceva, pregătiți voi ceva care o să vă pună în valoare.	fem	Neti Sandu	pozitiv
415_4.wav	Berbec. E posibil să întâlniți în cercul de prieteni un proaspăt sosit care să se simte atras de voi și să fie o atracție reciprocă.	fem	Neti Sandu	pozitiv
415_6.wav	Gemeni. Se poate să vă invite cineva la sfârșit de săptămână la o cabană, undeva să vă odihniți, să faceți și un pic de mișcare la aer curat.	fem	Neti Sandu	pozitiv
415_8.wav	Leu! O ieșire diseară cu cineva de care vă era dor, o să vă redea tonusul sufletesc de care aveți nevoie ca să străluciți în lumea voastră.	fem	Neti Sandu	pozitiv
417_0.wav	O zi reușită! Avem energie, viziune ca să știm încotro ne îndreptăm și o să știm ce să facem, cum să procedăm ca să avem succes.	fem	Neti Sandu	pozitiv
417_10.wav	Balanța. O să mai descoperiți un extra job, o colaborare de pe urma căreia o să faceți rost de bani.	fem	Neti Sandu	pozitiv
417_11.wav	Scorpion. O să vă străduiți să fiți ceva mai economi, să puneți deoparte niște bani ca să le faceți o surpriză alor voștri. Sagetator.	fem	Neti Sandu	pozitiv
417_13.wav	Capricorn. Se poate să vă ocupați de școală, de examene și să fiți la înălțime, că sunteți bine pregătiți.	fem	Neti Sandu	pozitiv
417_2.wav	E posibil să primiți o recompensă și să dați restart muncii voastre, care v-a consacrat, ca să vă bucurați de un succes de proporții.	fem	Neti Sandu	pozitiv
417_3.wav	Pești. O să puneți în practică o idee de timp liber și vor fi și niște prieteni cu care veți face echipă.	fem	Neti Sandu	pozitiv
417_4.wav	Berbec. Se poate să vă luați o casă ori să vă mutați deja că ați semnat contractul și o să urmeze instalarea în noua locuință.	fem	Neti Sandu	pozitiv
417_5.wav	Taur. E o oarecare agitație la serviciu dar va fi o scenă foarte bună pentru voi și să câștigați bani, un titlu.	fem	Neti Sandu	pozitiv
417_6.wav	Gemeni. Relația cu partenerul de cuplu are în continuare suișuri și coborâșuri dar de voi depinde să atingeți echilibrul.	fem	Neti Sandu	negativ
417_7.wav	Rac. E cineva tânăr care se oferă să vă întindă o mână de ajutor, poate și pentru că și voi la rândul vostru ați ajutat-o pe această persoană.	fem	Neti Sandu	pozitiv
417_8.wav	Leu. Poate legalizați un act după mai multe încercări, că vă lipseau niște dovezi, adeverințe și o să faceți progrese.	fem	Neti Sandu	pozitiv
420_10.wav	Balanța. E posibil să vă contacteze un partener de afaceri care vrea să lucrați împreună, dacă și voi o să fiți de acord.	fem	Neti Sandu	pozitiv
420_12.wav	Săgetător. Întâlnire cu cineva care vrea să vă desfășurați activități recreative împreună și poate vă faceți timp ca să vă deconectați.	fem	Neti Sandu	pozitiv
420_13.wav	Capricorn. Poate o să vă puneți casa la punct, vă bucurați și de ajutor din partea lor voștri și o să vă oferiți un alt decor, o ambianță plăcută, un mediu atrăgător.	fem	Neti Sandu	pozitiv
420_14.wav	Vești bune azi!	fem	Neti Sandu	pozitiv
420_2.wav	Vărstător. O să vă scoată cineva la cafea, că aveți de luat o decizie, nu știu, vorbiți despre o colaborare care o să vă țină în priză.	fem	Neti Sandu	pozitiv
420_3.wav	Pești. Vi se poate împlini un vis mai vechi, să vă luați o casă, ori o mașină, să vă schimbați serviciul.	fem	Neti Sandu	pozitiv
420_4.wav	Berbec. O să puteți continua niște cursuri, să dați examene, poate vă pregătiți și pentru luat carnetul de conducere.	fem	Neti Sandu	pozitiv
420_6.wav	Gemeni. Relația cu partenerul de cuplu are un tempo cam alert și e bine să mențineți un ritm constant, ca să nu vă destabilizați.	fem	Neti Sandu	negativ
420_7.wav	Rac. O să vi se propună o funcție să vă ocupați de un departament anume și să vă lansați pe o nouă orbită profesională.	fem	Neti Sandu	pozitiv
420_8.wav	Leu. Sfera sentimentală se nuanțează frumos și o să fiți mai receptivi la semnele din jurul vostru, e cineva care vă curtează.	fem	Neti Sandu	pozitiv
420_9.wav	Fecioara. Vă mai gândiți, îi întrebați și pe ai voștri dacă sunt de acord cu un împrumut bancar sau mai amânați, să vedeți ce bani strângeți.	fem	Neti Sandu	negativ
422_0.wav	O zi cu surprize, o stare de bine, de la asta plecăm și o să simțim nevoia să fim buni cu toată lumea și o să avem un gest frumos pentru cei pe care îi întâlnim.	fem	Neti Sandu	pozitiv
422_11.wav	Balanța. Sfera sentimentală se activează și o să puteți întâlni pe cineva cu care să faceți casă bună pentru că vă completați, vă potriviți și ce mai.	fem	Neti Sandu	pozitiv
422_12.wav	Scorpion. Vă caută cineva care vrea să îngropați un conflict, că prietenia voastră e prea valoroasă și nu vreți să se piardă.	fem	Neti Sandu	pozitiv
422_13.wav	Săgetător. Lumea vă caută, că sunteți excelenți interlocutori, și o să fie o zi plină de evenimente.	fem	Neti Sandu	pozitiv
422_14.wav	Capricorn. E posibil să vă dea cineva înapoi o datorie și să aveți bani de buzunar ca să faceți doi pași pe afară.	fem	Neti Sandu	pozitiv
422_6.wav	Taur. O invitație de onoare la un spectacol, la teatru, la operă, la un concert în aer liber. E ceva antrenant.	fem	Neti Sandu	pozitiv
422_8.wav	Rac. E cineva care vă curtează și vă scoate la evenimente că o să vrea probabil să vă impresioneze și o să și reușească, te pomeni.	fem	Neti Sandu	pozitiv
424_10.wav	Fecioara. Vă simțiți atașați de familie și o să vă faceți programul în funcție de ei ca să vă tihnească tuturor.	fem	Neti Sandu	pozitiv
424_11.wav	Balanța. Aveți toate șansele să refaceți punctea de comunicare cu cineva care se distanțase, dar iubirea vă apropiat iarăși.	fem	Neti Sandu	pozitiv
424_12.wav	Scorpion. Poate le faceți o vizită unor rude apropiate, c-or sărbători ceva sau pur și simplu vreți să vă vedeți.	fem	Neti Sandu	pozitiv
424_14.wav	Capricorn. Vă invită cineva la un spectacol, la un concert, poate să fie și o cununie religioasă și o să fie emoționant.	fem	Neti Sandu	pozitiv
424_15.wav	Lună nouă cu recuperări. O să revin puțin mai târziu. Vă aștept!	fem	Neti Sandu	pozitiv
424_3.wav	Vărsător. Se poate să apară un context special și să apăreți și în public c-aveți ceva important de spus sau de făcut.	fem	Neti Sandu	pozitiv
424_5.wav	Berbec. E un moment bun să faceți cunoștință cu cineva care să facă parte din viața voastră și o să vă completați frumos.	fem	Neti Sandu	pozitiv
424_7.wav	Gemeni. Se încearcă, o să vedeți cooptarea voastră într-o echipă care să desfășoare activității recreative, că aveți disponibilitate pentru așa ceva.	fem	Neti Sandu	pozitiv
424_8.wav	Rac. Poate vă cheamă cineva la un party, o fi un botez sau o aniversare și o să vă simțiți cât se poate de bine.	fem	Neti Sandu	pozitiv
430_10.wav	Gemeni, se poate să vă găsiți ceva nou de lucru și să dați zor să acoperiți toate cerințele și la serviciu și acasă.	fem	Neti Sandu	pozitiv
430_11.wav	Rac, e posibil să vi se dea ceva nou de lucru, să fie un proiect care promite bani frumoși de care ați avea nevoie în perioada următoare.	fem	Neti Sandu	pozitiv
430_12.wav	Leu, poate vă pregătiți de o plecare la sfârșit de săptămână și o să îi mobilizați și pe prieteni să fie un grup mai mare.	fem	Neti Sandu	pozitiv
430_13.wav	Fecioara, se poate să renegociați un contract și să cereți mai mulți bani, c-aveți alte cheltuieli față de anul trecut.	fem	Neti Sandu	negativ
430_14.wav	Balanța, apare cineva care vă poate fi partener de viață dacă nu sunteți căsătoriți și viața voastră o să arate mult mai bine.	fem	Neti Sandu	pozitiv
430_16.wav	Săgetător, se poate să vă descoperiți un hobby care să vă acapareze interesul și să vă pună în valoare niște calități.	fem	Neti Sandu	pozitiv
430_17.wav	O zi reușită!	fem	Neti Sandu	pozitiv
430_9.wav	Taur, se poate să vă găsiți de lucru în afară, în țară sau în străinătate, ori poate vă duceți la studii ca să-i însoțiți pe copii.	fem	Neti Sandu	pozitiv
433_1.wav	E o zi cu rezolvări, că Mercur nu mai e retrograd.	fem	Neti Sandu	pozitiv
433_10.wav	Sunteți cu gândul la o plecare și o să vă faceți niște pregătiri, strângeți bani, verificați valabilitatea actelor, faceți rezervări.	fem	Neti Sandu	pozitiv
433_13.wav	E posibil să vă iasă în care cineva care să aibă un magnetism aparte și să nu vă puteți lua gândul de la acea persoană.	fem	Neti Sandu	pozitiv
433_14.wav	Leu. Voi o să vă extindeți influența în cercul de prieteni și poate o să vă implicați în niște colaborări bănoase.	fem	Neti Sandu	pozitiv
433_18.wav	O să mai cheltuiți niște bani cu casa și o să vă drămuiți în rest banii să vă ajungă pentru cheltuielile acestei perioade.	fem	Neti Sandu	negativ
433_3.wav	Vibrația zilei este nouă și o să știm ce avem de făcut de aici înainte. Vedem acum ce se întâmplă în fiecare dintre zodii. Capricorn.	fem	Neti Sandu	pozitiv
433_4.wav	Zi încărcată cu solicitări din toate direcțiile, dar o să fiți expeditivi cu treburile de tot felul și o să vă rămână un pic de timp și pentru voi.	fem	Neti Sandu	pozitiv
433_7.wav	Pești. Se poate să vă interesați la bancă de un credit pentru diverse lucruri, printre care și o mașină s-ar putea. Berbec.	fem	Neti Sandu	pozitiv
433_8.wav	Poate vă alegeți alt loc de muncă și o să câștigați mai mulți bani și o să vă permiteți și lucruri mai scumpe, nu ca până acum.	fem	Neti Sandu	pozitiv
434_1.wav	Putem începe lucruri noi, dacă le-am încheiat pe cele vechi, ca să nu tragem după noi restanțe.	fem	Neti Sandu	pozitiv
434_11.wav	Rac. O să întâlniți pe cineva care să fie pe calapodul vostru și o să construiți o relație care să vă aducă fericirea.	fem	Neti Sandu	pozitiv
434_17.wav	Scorpion. Se poate să vă spuneți părerea cu privire la un proiect cu care vă tentează niște angajatori,	fem	Neti Sandu	pozitiv
434_2.wav	Vibrația zilei este opt și o să avem grijă de bani, să nu îi cheltuim fără cap. Să vedem ce se întâmplă în fiecare dintre zodii. Capricorn.	fem	Neti Sandu	negativ
434_7.wav	Berbec. E posibil să întâlniți pe cineva care să fie partenerul vostru de viață și să vă meargă bine în relație.	fem	Neti Sandu	pozitiv
434_8.wav	Taur. Se poate să luați mai mulți bani de la serviciu, ori poate colaborările din particular,	fem	Neti Sandu	pozitiv
440_10.wav	Fecioara. Sufletește, pare să vă meargă mai bine, că s-au evaporat tensiunile și o să vă puteți înțelege în sfârșit.	fem	Neti Sandu	pozitiv
440_11.wav	Balanța. Poate să încheie o vânzare-cumpărare și o să știți cu ce bani rămâneți, că aveți multe acolo pe lista de lucruri obligatorii.	fem	Neti Sandu	pozitiv
440_13.wav	Săgetător. Se poate să urmați o specializare pentru că vreți un salariu mai mare, o funcție, niște avantaje. Se poate.	fem	Neti Sandu	pozitiv
440_3.wav	Vărsător. Se poate să vă alăturați unui grup și să dați drumul unei activități care să fie și folosul vostru, dar și al altora.	fem	Neti Sandu	pozitiv
440_7.wav	Gemeni. O invitație prin țară pe undeva și petreceți un weekend că aveți niște parteneri care vă așteaptă pe la ei și o să vă facă plăcere să vă duceți.	fem	Neti Sandu	pozitiv
440_8.wav	Rac. E cineva care ține să vă întâlniți și dacă o să simțiți și voi la fel o să dați curs invitației. Totul e să nu fiți căsătoriți.	fem	Neti Sandu	negativ
440_9.wav	Am zis. Leu. Poate vă faceți o rezervare pentru concediu, că ați găsit ceva ieftin sau oricum convenabil ca să plecați cu ai voștri la odihnă.	fem	Neti Sandu	pozitiv
443_0.wav	Iată o zi destinsă. O să dăm curs invitațiilor pe la evenimente și vom da uitării stres, boală, neînțelegere, de toate.	fem	Neti Sandu	pozitiv
446_10.wav	Leu, sfera deplasări e animată și poate vă duceți într-o vizită prin țară sau în străinătate în weekend.	fem	Neti Sandu	pozitiv
446_11.wav	Fecioara, o să detectați o sursă de bani și vă puteți mișca în weekend să luați aer, mai vedeți pe-acolo alte locuri, să vă recreați.	fem	Neti Sandu	pozitiv
446_12.wav	Balanța, vești bune, vine cineva care vrea să petreceți mai mult timp împreună și o să vedeți în ce măsură vă mai armonizați.	fem	Neti Sandu	pozitiv
446_14.wav	Săgetător, să adună bani și o să aveți pentru ieșit cu prietenii că v-au lipsit excursiile sau măcar să vă plimbați prin oraș.	fem	Neti Sandu	pozitiv
446_6.wav	Berbec, o reușită în plan birocratic. Poate abia acum vi s-au semnat niște acte, cereri pe care le așteptați de anul trecut.	fem	Neti Sandu	pozitiv
446_7.wav	Taur, vin bani, posibil dintr-o sursă colaterală și o să aveți pentru cheltuielile acestei perioade.	fem	Neti Sandu	pozitiv
446_9.wav	Rac, răspunsul pe care l-așteptați de la cineva apropiat sosește și o să aflați cât de importanți sunteți în viața celuilalt.	fem	Neti Sandu	pozitiv
450_0.wav	E o zi cu rezolvări. Se deblochează niște trasee care ne oferă scurtături așa spre succes și o să economisim energie și o să avem o stare emoțională bună.	fem	Neti Sandu	pozitiv
450_10.wav	Fecioara, aveți idei care o să fie bine apreciate de către șefi și o să se observe și un surplus salarial în scurt timp.	fem	Neti Sandu	pozitiv
450_11.wav	Balanța, vine o confirmare de la drum din partea unei instituții și o să fie cazul să și călătoriți, că aveți treabă, dar e interes turistic.	fem	Neti Sandu	pozitiv
450_13.wav	Săgetător, sunt cheltuieli pe care le puteți evita și pe altele nu, dar e bine să gestionați cu grijă bugetul o vreme.	fem	Neti Sandu	negativ
450_14.wav	Rezolvări azi!	fem	Neti Sandu	pozitiv
450_2.wav	O să mai cheltuiți niște bani cu casa, poate vă schimbați telefonul, vă luați alt televizor, o să tot scoateți bani din buzunar. Vărsător.	fem	Neti Sandu	negativ
450_3.wav	O să lucrați într-un grup care vă împărtășește ideile și o să vă bucurați de succes, o să fie un progres în plan profesional.	fem	Neti Sandu	pozitiv
450_5.wav	Berbec, o să puteți da lovitura în afaceri dacă vă folosiți flerul și o să vă surprindă cât de bine o să vă iasă toate.	fem	Neti Sandu	pozitiv
450_6.wav	Taur, v-ați putea face o rezervare să vă duceți pe undeva o zi, două la sfârșit de săptămână și să vă relaxați.	fem	Neti Sandu	pozitiv
450_7.wav	Gemeni, problemele de sănătate mai erodează așa pe ici, pe colo și atunci trebuie făcut ceva ca să le eliminați.	fem	Neti Sandu	negativ
450_8.wav	Rac, se face lumină într-o chestiune de ordin sentimental, că a fost o defazare în sfera comunicării și relația de doi pare să se fi recalibrat.	fem	Neti Sandu	pozitiv
450_9.wav	Leu, poate reușiți să vă redresați cu banii și o să vă limitați totodată și cheltuielile.	fem	Neti Sandu	pozitiv
454_0.wav	Bună dimineața, cod QR, să știți, de scanat cu telefonul mobil și veți găsi detalii în plus despre horoscopul despre care vorbim chiar acum. E o zi cu rezolvări.	fem	Neti Sandu	pozitiv
454_1.wav	O să ne bucurăm de răspunsurile favorabile, de un accept, o revenire asupra unei decizii care nu era bună și uite cum se îndreaptă niște situații.	fem	Neti Sandu	pozitiv
454_10.wav	Leu, e de legalizat un act și o să aveți de căutat prin arhive, dar se rezolvă online ca să nu mai bateți drumurile.	fem	Neti Sandu	pozitiv
454_11.wav	Fecioara, poate o să cereți un credit bancar ca să vă puneți casa la punct, să schimbați mobila, aparatura, ca să fie totul funcțional acasă.	fem	Neti Sandu	negativ
454_13.wav	Scorpion, o să lucrați cu spor într-o echipă și rezultatele o să vedeți că nu o să întârzie să apară, or să fie cu succes.	fem	Neti Sandu	pozitiv
454_15.wav	Ce ziceți? O zi cu rezolvări.	fem	Neti Sandu	pozitiv
454_2.wav	Vibrația zilei este unsprezce, număr maestru, că se dublează unu și o să ne găsim rostul nostru, să vedem ce se întâmplă în fiecare dintre zodii, Capricorn.	fem	Neti Sandu	pozitiv
454_3.wav	Se poate să aflați un adevăr care vă poate schimba viața în bine și o să vă bucurați de un trai mai bun.	fem	Neti Sandu	pozitiv
454_6.wav	Berbec, încep să se adune mai mulți bani în casă, poate ați vândut ceva care vă ajută să strângeți acolo un capital, să aveți de rezervă.	fem	Neti Sandu	pozitiv
454_9.wav	Rac, se rezolvă chestiuni mai vechi care țin de serviciu și o să vă puteți pune în aplicare un proiect cu bătaie lungă.	fem	Neti Sandu	pozitiv
457_10.wav	Leu. Se poate să faceți cunoștință cu cineva care vrea să vă cunoașteți mai bine și să vă lămuriți dacă sunteți făcuți unul pentru celălalt.	fem	Neti Sandu	pozitiv
457_11.wav	Fecioara. Poate aveți de făcut niște demersuri juridice ca să recuperați bani, o proprietate, să reconfigurați un statut.	fem	Neti Sandu	negativ
457_12.wav	Balanța. Ca să scutiți timp, bani și nervi, poate reluați un parcurs birocratic online de data asta și mergeți la sigur.	fem	Neti Sandu	pozitiv
457_13.wav	Scorpion. Se poate să vă implicați într-un eveniment care v-ar aduce un plus de vizibilitate în rândul celor care contează pentru voi.	fem	Neti Sandu	pozitiv
457_14.wav	Săgetător. Apare cineva care n-o să vă slăbească din priviri pentru că vede în voi persoana ideală care o poate completa și să fiți fericiți împreună. Casa sentimentelor e activată.	fem	Neti Sandu	pozitiv
457_3.wav	Capricorn. Se conturează niște bani care or să vă ajute să le împliniți o dorință alor voștri, în special copiilor, că le-o ți fi promis, na.	fem	Neti Sandu	pozitiv
457_6.wav	Berbec. E momentul să reparați o relație de cuplu, ori să începeți un an nou dacă n-aveți pe nimeni că astrele țin cu voi.	fem	Neti Sandu	pozitiv
457_7.wav	Taur. Se poate să vă pregătiți de examene, poate vă duceți la un interviu pentru un job, mai știi, se poate și așa.	fem	Neti Sandu	pozitiv
457_8.wav	Gemeni. O să apară o ofertă de lucru, dacă nu cumva e una veche și o să vă faceți niște socoteli înainte de a accepta.	fem	Neti Sandu	pozitiv
457_9.wav	Rac. O să vi se mulțumească pentru o muncă de durată și poate veni o promovare dacă și voi vă doriți acest lucru.	fem	Neti Sandu	pozitiv
461_10.wav	Rac. Ați tot amânat o întâlnire cu cineva care vrea să știe pe ce poziție se află în relația voastră și o să știți ce răspuns să-i dați.	fem	Neti Sandu	negativ
461_16.wav	Săgetător. Se poate să aflați vestea că veți avea un copil sau că se va naște în familia voastră un copil. O zi cu surprize.	fem	Neti Sandu	pozitiv
461_6.wav	Pești. Întrevedere cu cineva care v-a promis că vă scoate la o discuție pe marginea unei afaceri și o să vedeți ce vă propune.	fem	Neti Sandu	pozitiv
461_8.wav	Taur. Numai dacă nu plecați pe nicăieri o să chemați niște prieteni pe la voi și o să stați la povești până târziu.	fem	Neti Sandu	pozitiv
461_9.wav	Gemeni. O să vă alăturați unui grup și ieșiți la o plimbare. Poate luați masa la un restaurant sau vă duceți la o cafea, stați la o șuetă.	fem	Neti Sandu	pozitiv
465_10.wav	Gemeni. Se poate să vă dați acordul pentru o colaborare care v-ar aduce bani și faimă.	fem	Neti Sandu	pozitiv
465_11.wav	Rac. Apare acel cineva care vi se potrivește și puteți fi un cuplu pe viață,	fem	Neti Sandu	pozitiv
465_13.wav	Leu. Intenționați să dați o fugă prin țară, pe undeva, ca să revedeți niște oameni	fem	Neti Sandu	pozitiv
465_18.wav	Scorpion. Ați plănuit o plecare și poate lipsiți o zi, două de acasă, că sunteți sătui de treabă, mai vreți și distracție.	fem	Neti Sandu	pozitiv
465_6.wav	Pești. O să vă întrețineți cu oameni dragi. Poate vă vedeți fie la unul dintre voi acasă, ori vă duceți în oraș împreună.	fem	Neti Sandu	pozitiv
467_12.wav	Taur, se poate să constatați că vă ajung banii pentru o plecare la sfârșit de săptămână	fem	Neti Sandu	pozitiv
467_19.wav	Balanța, o să fie lumea mai generoasă ca de obicei în jurul vostru și o să vă fie mai ușor cu toate,	fem	Neti Sandu	pozitiv
467_4.wav	Capicorn, o să vă descoperiți o nouă vocație de buni oratori,	fem	Neti Sandu	pozitiv
467_6.wav	Vărsător, vouă vă parvin niște răspunsuri din străinătate,	fem	Neti Sandu	pozitiv
467_9.wav	O să dați curs ofertei, altminteri doar în regim de colaborare.	fem	Neti Sandu	negativ
470_0.wav	Vedem. O zi frumoasă, bună dimineața. O să ne bucurăm de veștile bune, mai vine câte cineva de care ne-a fost dor și o să ne simțim împliniți, sufletește.	fem	Neti Sandu	pozitiv
470_10.wav	Leu. Vă invită cineva prin țară sau prin lume și o să faceți tot ce depinde de voi să ajungeți că și voi vă doriți această revedere.	fem	Neti Sandu	pozitiv
470_12.wav	Balanța. E posibil să apară cineva pe care de anul trecut voiați să-l întâlniți, dar au fost niște piedici și abia acum s-a deblocat situația.	fem	Neti Sandu	pozitiv
470_14.wav	Săgetător. Aveți inspirație și poate puneți în practică o idee că există o conjunctură favorizantă.	fem	Neti Sandu	pozitiv
470_2.wav	E posibil să luați undeva niște bani și să vă oferiți o plecare în weekend, la prieteni, la rude, în vizită, e sărbătoare, Sfântul Ion, știți.	fem	Neti Sandu	pozitiv
470_5.wav	Berbec. Poate abia acum vă e clar cu cine vreți să vă continuați restul vieții și o să faceți ceva în sensul ăsta, dacă nu sunteți căsătoriți, să ne înțelegem.	fem	Neti Sandu	pozitiv
470_7.wav	Gemeni. O problemă să știți că erodează, o problemă de sănătate erodează pe acolo și dacă nu interveniți la timp o să vă inoportuneze și nu aveți nevoie de așa ceva.	fem	Neti Sandu	negativ
472_12.wav	Leu, poate luați legătura cu prietenii de prin țară și le faceți o vizită dacă mai aveți o zi, două, libere. Dacă nu, în weekend.	fem	Neti Sandu	pozitiv
472_13.wav	Fecioara, începe să se contureze o relație care poate duce la căsătorie, dacă va fi o reciprocitate afectivă.	fem	Neti Sandu	pozitiv
472_14.wav	O să vă lămuriți. Balanța, o să vă treziți cu niște bani despre care poate că nu știați	fem	Neti Sandu	pozitiv
472_17.wav	Săgetător, e posibil să vi se mulțumesc pentru o muncă de durată, să primiți o recompensă, bani, un voucher, produse, ceva.	fem	Neti Sandu	pozitiv
472_2.wav	Vibrația zilei este trei și să spunem lucrurilor pe nume ca să ne eliberăm. Capricorn, o să dați drumul unui proiect particular	fem	Neti Sandu	pozitiv
472_5.wav	Pești, e posibil să primiți abia acum banii pe care trebuia să-i luați la sfârșitul lui decembrie	fem	Neti Sandu	negativ
472_9.wav	Gemeni, ați pornit în forță și vă pregătiți de o relansare că ați demarat de pe la jumătatea anului trecut	fem	Neti Sandu	pozitiv
489_0.wav	Ajung cu vești bune. O să dăm deoparte supărări, neîmpliniri, tristețe și să ne bucurăm de spiritul sărbătorilor, de bunătate, de dragoste, de daruri și să fim fericiți.	fem	Neti Sandu	pozitiv
489_11.wav	Balanța. Se poate să vină momentul marii împăcări cu cineva care a lipsit o vreme din viața voastră și iubirea iartă totul.	fem	Neti Sandu	pozitiv
489_2.wav	O să aveți prilejul să faceți niște gesturi deosebite față de acei oameni care v-au făcut fericiți.	fem	Neti Sandu	pozitiv
489_3.wav	Vărsător. Poate ați plecat sau o să o faceți puțin mai târziu așa ca să vă bucurați de revederea unor apropiați care înseamnă enorm pentru voi.	fem	Neti Sandu	pozitiv
489_4.wav	Pești. O să vă puneți de acord cu partenerul de cuplu în privința organizării mesei festive și a invitaților că sunt oameni pe care îi aveți la suflet.	fem	Neti Sandu	pozitiv
489_6.wav	Taur. Vi se fac promisiuni de revăzut oameni dragi și care pot veni pe la voi sau vă duceți voi într-o plimbare pe la ei.	fem	Neti Sandu	pozitiv
489_7.wav	Gemeni. Surprizele se țin lanț la voi. O să primiți cadouri care să vă lase muți de uimire pentru că lumea vă iubește.	fem	Neti Sandu	pozitiv
489_8.wav	Rac. E cineva care știe cu ce vă poate surprinde și o să vă facă o vizită diseară sau vă trimite prin curier cadouri.	fem	Neti Sandu	pozitiv
489_9.wav	Leu. Poate vă mobilizați instantaneu. Uite așa mâine să plecați undeva în plimbare, în vizită, la rude sau la prieteni.	fem	Neti Sandu	pozitiv
492_9.wav	Leu, se încearcă, o să vedeți, cooptarea voastră într-un proiect care să vă aducă glorie și bani și decizia va fi în ianuarie.	fem	Neti Sandu	pozitiv
4_1.wav	Lună nouă, cu vești amestecate, așa e mai condimentată puțin.	fem	Neti Sandu	negativ
4_10.wav	Scorpion. O să aveți prilejul să aplanați niște neînțelegeri și viața de cuplu să devină armonioasă.	fem	Neti Sandu	pozitiv
4_16.wav	Pești. E cineva care se simte atras de voi și o să vă evaluați și voi sentimentele	fem	Neti Sandu	pozitiv
4_2.wav	Noroc cu echilibrul interior pe care îl avem și în felul ăsta o să facem față schimbărilor de ritm de pe parcursul zilei.	fem	Neti Sandu	pozitiv
4_20.wav	Gemeni. Se pare că s-au adunat cam multe plăți, sau le-ați lăsat pe cele consistente acum, dar o să vă descurcați.	fem	Neti Sandu	negativ
4_7.wav	Fecioara. Relația cu partenerul de cuplu se poate reașeza pe alte baze,	fem	Neti Sandu	negativ
4_9.wav	Balanța. O să strângeți rândurile ca să fiți din nou cu prietenii și să ieșiți pe la mondenități și poate în câteva reprize de concediu.	fem	Neti Sandu	pozitiv
6_1.wav	Vorbim chiar acum. E o zi cu vești bune.	fem	Neti Sandu	pozitiv
6_11.wav	Vărsator. O reușită în planul comunicării la voi și o să strângeți în jurul vostru niște oameni care pot lupta pentru o cauză nobilă în cadrul unei fundații. Pești.	fem	Neti Sandu	pozitiv
6_13.wav	Mai așteptați! Berbec, o să va bucurați de vizită cuiva care vrea să vă vedeți mai des că aveți multe în comun pentru o relație.	fem	Neti Sandu	pozitiv
6_15.wav	Gemeni. Se poate să luați o decizie legată de domiciliu, dacă să îl schimbați sau să faceți doar niște reparații, să mai construiți ceva, nu știu, înăuntru sau pe lângă.	fem	Neti Sandu	pozitiv
6_2.wav	O să ne bucuram de prezența celor dragi, de gesturile de omenie, de generozitate și o să facem plinul energetic pentru perioada care urmează.	fem	Neti Sandu	pozitiv
6_4.wav	Rac. Familia are nevoie de voi, poate doar așa ca să stați la masă împreună că oți fi lipsit o vreme și trebuie să recuperați.	fem	Neti Sandu	negativ
6_5.wav	Leu. Voi ați tot amânat o discuție între patru ochi cu cineva care spera să fiți un cuplu și o să trebuiască să aveți răspunsul la purtător.	fem	Neti Sandu	negativ
6_6.wav	Fecioara. S-ar putea să luați o decizie legată de familie și să vă mutați altundeva, poate pentru că apare un copilaș în familia voastră. Balanța.	fem	Neti Sandu	negativ
6_7.wav	O veste bună de la drum lung, poate se anunță în vizită cineva căruia i-oți fi dus dorul și o să puteți resuscita o relație care se cam răcise.	fem	Neti Sandu	pozitiv
86_13.wav	Vărsător. O să ieșiți cu grupul de prieteni pe undeva și o să fie cu cheltuială, dar aveți și voi nevoie de un respiro	fem	Neti Sandu	pozitiv
86_17.wav	Taur. Se poate să faceți o tratație la voi acasă și să vă simțiți cât se poate de bine înconjurați de prieteni. O zi a visării.	fem	Neti Sandu	pozitiv
86_2.wav	Vibrația zilei este unsprezece și o să fie acolo un rafinament sufletesc.	fem	Neti Sandu	pozitiv
88_1.wav	O ieșire cu prietenii în oraș, într-un parc de agrement, va revigora și o să aveți alt vibe de mâine încolo că o să vă refaceți potențialul energetic.	fem	Neti Sandu	pozitiv
88_13.wav	Taur. Vouă vă place să fiți gazde primitoare și o să-i chemați pe prieteni, pe rude, pe la voi la un grătar, o cafea și o să vă destindeți pe cât posibil.	fem	Neti Sandu	pozitiv
88_2.wav	Rac. E cineva care speră să formați un cuplu dacă n-aveți companion de viață și o să vedeți și voi dacă există compatibilitate sau nu, dar se pare că o să o simțiți.	fem	Neti Sandu	pozitiv
88_4.wav	Fecioara. Sfera deplasării. E luminată frumos și poate ajungeți și voi acolo unde v-ați dorit de multă vreme, vă cheamă cineva prin lume să-i faceți o vizită, în vacanță.	fem	Neti Sandu	pozitiv
88_6.wav	Scorpion. Se pare că vă lăsați curtați de cineva care vede în voi un partener de viață la care visează de multă vreme și o să vă meargă bine împreună, o să vedeți.	fem	Neti Sandu	pozitiv
88_7.wav	Săgetător. Păreți a fi pe picior de plecare și chiar o să vă facă bine să schimbați aerul, peisajul și să vă întoarceți revigorați.	fem	Neti Sandu	pozitiv
89_1.wav	Ce avem pentru azi? O zi frumoasă!	fem	Neti Sandu	pozitiv
89_11.wav	Săgetător. Poate vă invită cineva în străinătate și o să vă mobilizați rapid ca să faceți pregătirile din mers că astea vă plac cu adrenalină.	fem	Neti Sandu	pozitiv
89_12.wav	Capricorn. Revine cineva după o mai lungă absență și o să vă recalibrați relația ca să puteți conviețui în termenii cei mai buni.	fem	Neti Sandu	pozitiv
89_13.wav	Vărsător. Poate v-ați luat un sejur pe undeva la odihnă, la distracție și o să fiți înconjurați de prieteni.	fem	Neti Sandu	pozitiv
89_16.wav	Taur. O să aveți chef să faceți mișcare, să vă dezmorțiți și să mai luați pe lângă voi și niște prieteni pentru socializare.	fem	Neti Sandu	pozitiv
89_2.wav	O să ne bucurăm de revederea unor oameni care înseamnă ceva pentru noi și o să ne facem planuri de viață și mai bună.	fem	Neti Sandu	pozitiv
89_3.wav	Vibrația zilei este unu și e bine să o luăm de la început cu acel lucru pe care ni-l dorim enorm.	fem	Neti Sandu	pozitiv
89_6.wav	Rac. O să vă bucurați de revederea unor oameni speciali și poate puneți la cale o ieșire, la aer, pe undeva, la mare, la munte.	fem	Neti Sandu	pozitiv
89_7.wav	Leu. Se poate să faceți cunoștință pe la sintrofiile la care veți ajunge cu cineva care vă poate deveni partener de cuplu.	fem	Neti Sandu	pozitiv
89_9.wav	Balanța. O să bifați câteva evenimente prin oraș și o să dați de oameni influenți cu care veți putea colabora la un moment dat.	fem	Neti Sandu	pozitiv
91_2.wav	Vibrația zilei este nouă și o să prindem din zbor așa o idee salvatoare.	fem	Neti Sandu	pozitiv
91_3.wav	Vedem ce se întâmplă în fiecare dintre zodii. Gemeni. Se poate să fiți pe picior de plecare, să vă duceți într-o excursie și să vă bucurați de o găzduire bună, că o să alegeți bine destinația.	fem	Neti Sandu	pozitiv
91_5.wav	Leu. O să gestionați cu cap banii ca să vă ajungă pentru cheltuielile curente și ca să vă mișcați, să ieșiți la cafea, la un film, un spectacol.	fem	Neti Sandu	pozitiv
91_6.wav	Fecioara. Poate aveți de dat un examen, un test, prezentați o lucrare, o fi un speech motivațional și o să iasă frumos. Balanța.	fem	Neti Sandu	pozitiv
91_9.wav	Săgetător. Poate pregătiți casa pentru musafirii de mâine, poimâine și puneți totul la punct, așa că o fi un eveniment festiv cu pretenții.	fem	Neti Sandu	pozitiv
93_0.wav	Bună dimineața! Cod QR de scanat cu telefonul mobil ca să vedem ce se întâmplă la horoscop. E o zi a deciziilor.	fem	Neti Sandu	pozitiv
93_10.wav	O să vă descurcați cu actele pe care le duceți la semnat și o să mergeți mai departe cu demersurile care țin de o angajare.	fem	Neti Sandu	pozitiv
93_11.wav	Săgetător. E undă verde la călătorie și poate plecați în vacanță, fie vă duceți într-o stațiune turistică, fie la prietenii care vă tot invită prin lume.	fem	Neti Sandu	pozitiv
93_12.wav	Capricorn. Poate va fi nevoie să faceți niște investigații medicale ca să vă asigurați că sunteți sănătoși, iar dacă apar probleme să le puteți rezolva.	fem	Neti Sandu	negativ
93_13.wav	Vărsător. Apare cineva care vă poate capta atenția în vederea unei relații sentimentale, dar numai dacă nu aveți pe nimeni.	fem	Neti Sandu	pozitiv
93_15.wav	Berbec. E cineva dintr-o relație mai veche care vă mai cere niște explicații, poate vrea să vă împăcați și trebuie văzut ce e de făcut.	fem	Neti Sandu	negativ
93_2.wav	Vibrația zilei este opt și o să ne asigurăm că suntem economi cu bani, nu risipitori.	fem	Neti Sandu	pozitiv
93_6.wav	Rac. O să vină bani din mai multe surse și o să cheltuiți din ei, dar o să și puneți ceva deoparte ca să aveți un budget de rezervă.	fem	Neti Sandu	pozitiv
93_7.wav	Leu. O să fiți solicitați în mai multe direcții să vă implicați în diverse proiecte care o să vă aducă un plus de vizibilitate.	fem	Neti Sandu	pozitiv
93_8.wav	Fecioara. Vă bate gândul să vă așezați la casa voastră și să vă întemeiați o familie, dar nu fără să alegeți pe cineva care să vi se potrivească mănușa.	fem	Neti Sandu	pozitiv
93_9.wav	Balanța. Poate vi s-a aprobat un credit bancar sau poate un salariu, două în avans până o să vă redresați cu banii. Scorpion.	fem	Neti Sandu	pozitiv
96_10.wav	Scorpion. Se poate să întâlniți pe cineva care să se plieze frumos pe felul vostru de a fi și să fiți un cuplu.	fem	Neti Sandu	pozitiv
96_11.wav	Săgetător. Șefii au nevoie de ideile, de strategiile voastre ca să fie asigurată reușita în afaceri, că s-au investit mulți bani și pretențiile sunt mari.	fem	Neti Sandu	negativ
96_13.wav	Vărsător. O să faceți rost de un surplus financiar ca să aveți cu ce să vă duceți în mai multe locuri în concediu.	fem	Neti Sandu	pozitiv
96_14.wav	Pești. Se poate să primiți o invitație prin țară, fie cu treabă, fie ca să mai respirați așa alt aer, de vacanță, măcar în weekend și vă gândiți dacă vă permiteți sau nu.	fem	Neti Sandu	pozitiv
96_16.wav	Taur. Un reviriment pe mai multe planuri și o să dați cursul unor oportunități care să vă aducă glorie și bani.	fem	Neti Sandu	pozitiv
96_17.wav	Cu zi cu vești bune!	fem	Neti Sandu	pozitiv
96_2.wav	O să ne iasă pasiențele că ne-am achitat de responsabilități și o să acordăm și în continuare maximum de atenție treburilor și de serviciu și personale.	fem	Neti Sandu	pozitiv
96_5.wav	O să vă cam surprindă vizita cuiva care vrea să repare o prietenie care a cam avut de suferit. Vedeți ce se poate face.	fem	Neti Sandu	pozitiv
96_7.wav	Leu. Poate plecați într-o mini vacanță să vă mai destindeți un pic că ați acumulat prea mult stres.	fem	Neti Sandu	pozitiv
96_9.wav	Balanța. Are de unde să vă meargă mai bine că ați muncit destul, acum trebuie văzut în ce o să investiți banii.	fem	Neti Sandu	pozitiv
98_10.wav	Balanța. Se poate să vi se aprobe un împrumut și să dați avansul pentru o casă	fem	Neti Sandu	pozitiv
98_14.wav	Săgetător. Se poate să luați niște bani din surse colaterale	fem	Neti Sandu	pozitiv
98_16.wav	Capricorn. Poate v-ați luat cu munca și n-ați apucat să vă grijiți și dacă o să continuați așa o să aveți de tras,	fem	Neti Sandu	negativ
98_21.wav	Berbec. Vă invită cineva în oraș, la o cafea, la un spectacol și o să vă destindeți că o să aflați vești bune.	fem	Neti Sandu	pozitiv
98_5.wav	Rac. Apare cineva care v-a dus dorul și o să vă scanați și voi sentimentele	fem	Neti Sandu	pozitiv
9_0.wav	O zi reușită. Avem chef de plimbare, de revăzut prieteni, rude, o să ieșim pe la evenimente mondene, mai o ceremonie, mai o expoziție și o să ne facem plinul energetic, emoțional.	fem	Neti Sandu	pozitiv
9_1.wav	Vibrația zilei este șase și o să ne bucurăm de prezența celor dragi. Vedem acum ce se întâmplă în fiecare dintre zodii.	fem	Neti Sandu	pozitiv
9_11.wav	Berbec. Se poate să întâlniți pe cineva care să vă schimbe viața în bine, dacă erați în căutarea unei persoane care să vă completeze sufletește.	fem	Neti Sandu	pozitiv
9_13.wav	Gemeni. Prezența cuiva o să vă imprime un vibe pozitiv și o să uitați de toată oboseala acumulată că o să vă hrăniți cu endorfine.	fem	Neti Sandu	pozitiv
9_2.wav	Rac. Aveți nevoie de relaxare și poate dați o petrecere să stați la șuetă cu prietenii, cu rudele, să o luați de la început de luni, așa cu forțe proaspete.	fem	Neti Sandu	pozitiv
9_3.wav	Leu. Se va găsi cineva care să vă scoată la plimbare, poate chiar la malul mării și o să fie ceva cheltuială, așadar nu o să rămâneți pe zero.	fem	Neti Sandu	pozitiv
9_4.wav	Fecioara. Poate mai lăsați deoparte munca, grijile și vă luați și voi o porție de relaxare cu ai voștri, ieșiți la o plimbare, vă duceți la piscină.	fem	Neti Sandu	pozitiv
9_5.wav	Balanța. O să luați parte la un eveniment și o să aveți partea voastră de glorie, poate pentru că o să vă fie apreciată munca.	fem	Neti Sandu	pozitiv
9_6.wav	Scorpion. Se poate să dați o fugă la malul mării sau să urcați pe poteci de munte ca să respirați alt aer. E nevoie de așa ceva.	fem	Neti Sandu	pozitiv
9_7.wav	Săgetător. Vă așteaptă cineva la un grătar și dacă n-aveți urgențe pe acasă, vă duceți.	fem	Neti Sandu	pozitiv
9_8.wav	Capricorn. Poate plecați într-o excursie chiar de o zi și se poate să faceți cunoștință cu cineva care să se plieze așa pe felul vostru de a fi.	fem	Neti Sandu	pozitiv
9_9.wav	Vărsător. Poate dați o fugă în stațiunea preferată ca să luați aer curat, să vă hrăniți cu alimente fără chimicale și să vă odihniți.	fem	Neti Sandu	pozitiv
100_10.wav	Capricorn. Se poate să vă implicați într-o activitate care să vă pună în valoare și să vă deschidă o altă perspectivă în mai multe direcții.	fem	Neti Sandu	pozitiv
100_15.wav	O zi cu energie.	fem	Neti Sandu	pozitiv
100_8.wav	Scorpion. Vin ceva bani și o să vă puteți permite o plecare în weekend pe undeva dacă n-aveți niște obligații zilele astea.	fem	Neti Sandu	pozitiv
11_0.wav	Am zis că o să fim atrași de tot ce e nou și pe care vrem să-l experimentăm, că simțim nevoia să atingem un alt nivel de viață.	fem	Neti Sandu	pozitiv
11_12.wav	Vărsător. O să vă asigurați că nu le lipsește nimic alor voștri și că puteți pleca pentru două, trei zile undeva pentru sufletul vostru.	fem	Neti Sandu	pozitiv
11_16.wav	Taur. Poate o să luați niște bani în plus de pe urma unor colaborări și o să aveți bani de buzunar pentru zilele astea.	fem	Neti Sandu	pozitiv
11_17.wav	Gemeni. Prezența cuiva o să vă aducă acel supliment de optimism care să vă ajute să munciți și mai mult și mai bine.	fem	Neti Sandu	pozitiv
11_4.wav	Leu. Poate începeți niște cursuri, cultivați un hobby și o să vă ocupați timpul liber cu ceva care să vă facă plăcere.	fem	Neti Sandu	pozitiv
120_10.wav	Capricorn. Poate o să fiți mai atenți cu alimentația, țineți un strop de dietă, mai faceți și un pic de mișcare și o să fie perfect.	fem	Neti Sandu	pozitiv
120_2.wav	Vibrația zilei este nouă și o să înțelegem dintr-o privire cine e sincer cu noi și cine nu. Gemeni.	fem	Neti Sandu	pozitiv
127_5.wav	Rac. O să reluați o preocupare de grup ca să strângeți relațiile cu niște oameni care lucrează la fel de bine ca și voi.	fem	Neti Sandu	pozitiv
127_8.wav	Balanța. Promisiunea de viață făcută în doi persistă și o să reluați exercițiul de conviețuire și poate de data asta o să și reușească.	fem	Neti Sandu	pozitiv
129_2.wav	Așa, vedem ce avem pentru azi. E o zi a provocărilor. E bine să fim pe recepție, să nu treacă o șansă uriașă pe lângă noi,	fem	Neti Sandu	negativ
135_11.wav	Vărsător. În relația cu partenerul de cuplu e bine să nu lașați loc de echivoc.	fem	Neti Sandu	negativ
135_17.wav	O zi frumoasa!	fem	Neti Sandu	pozitiv
135_6.wav	Fecioara. Aveți chef de plimbare, aveți cu cine să plecați unde și dispuneți și de niste bani.	fem	Neti Sandu	pozitiv
139_12.wav	Capricorn. Vă puneți o dorință și vă conectați la ea atât mental cât și emoțional, sufletește și o să se împlinească.	fem	Neti Sandu	pozitiv
139_7.wav	Leu. O să vă invite cineva la un concert, la un spectacol. E ceva care să vă prindă bine după o perioadă cu destul de mult stres.	fem	Neti Sandu	pozitiv
139_8.wav	Fecioara. Răspunsul pe care l-așteptați de la un examen, un interviu, ar putea fi unul pozitiv și o să și sărbătoriți cumva.	fem	Neti Sandu	pozitiv
142_12.wav	Poate v-ați decis cum să reamenajați interiorul locuinței, ce să mai cumpărați ca să fie frumos și funcțional,	fem	Neti Sandu	pozitiv
142_19.wav	Surprize astăzi	fem	Neti Sandu	pozitiv
142_7.wav	O plecare într-o mini-vacanță și o să vă luați de acolo o energie necesară să munciți cu și mai mult spor. Fecioara.	fem	Neti Sandu	pozitiv
148_15.wav	Vărsător. E o persoană care vrea să vă ajute pentru că n-a putut cu ceva timp în urmă și va fi o prezență salvatoare.	fem	Neti Sandu	pozitiv
148_4.wav	Bine ar fi să vă îngrijiți de sănătate, ca să nu vă treziți cu vreo problemă, pentru că n-ați luat măsuri la timp.	fem	Neti Sandu	negativ
14_13.wav	Berbec. O să recuperați niște bani care întârziau și o să vă luați diverse lucruri pentru voi și pentru interiorul locuinței.	fem	Neti Sandu	pozitiv
14_14.wav	Taur. Or să vă treacă niște bani prin mână și o să vă luați tot ce vă trebuie, ba chiar o să mai puneți și ceva deoparte.	fem	Neti Sandu	pozitiv
14_2.wav	O să ne confruntăm cu tot felul de situații și se pare că o să avem suficientă energie să răzbim.	fem	Neti Sandu	pozitiv
153_9.wav	Capricorn. Poate ați chema niște prieteni pe la voi dacă n-aveți chef de ieșit pe afară și o să petreceți frumos.	fem	Neti Sandu	pozitiv
155_12.wav	Capricorn. O să vina cineva din țară sau din străinătate și o să vă facă surpriza că a preferat să țină secret sosirea.	fem	Neti Sandu	pozitiv
155_13.wav	Vărsător. Poate vă invită cineva la o casă de vacanță dacă voi n-aveți și o să respirați alt aer pentru vreo doua zile.	fem	Neti Sandu	pozitiv
155_14.wav	Pesti. E posibil să vă dea cineva înapoi o datorie și să aveți de buzunar dacă aveți de gând să ieșiți în oraș.	fem	Neti Sandu	negativ
155_7.wav	Leu. O invitație la un concert, poate copiii au meci, o să fie cu adrenalină, dacă o să vă implicați și voi, mai știi.	fem	Neti Sandu	pozitiv
158_0.wav	E o zi cu surprize, așa am zis. O să ne achităm de obligațiile de serviciu și o să ne rezervăm și nouă un timp să respirăm,	fem	Neti Sandu	pozitiv
158_14.wav	Vărsător. Se poate să se autoinvite cineva pe la voi diseară și dacă nu plecați în excursie, o să vă întrețineți de minune.	fem	Neti Sandu	pozitiv
158_9.wav	Balanța. Vin de undeva niște bani și poate vă permiteți o escapadă turistică de azi până duminică.	fem	Neti Sandu	pozitiv
163_14.wav	Berbec, se poate să reluați subiectul mutat în altă casă și dacă or să fie și ai voștri de acord, o să faceți pasul cu un credit bancar eventual. Rezolvări azi.	fem	Neti Sandu	pozitiv
167_7.wav	Balanța, o să recuperați acei bani pentru care vă zbateți de ceva vreme și o să faceți plăți.	fem	Neti Sandu	pozitiv
173_14.wav	Berbec, poate dați o fugă într-o stațiune turistică să schimbați puțin decorul, că aveți nevoie de un plus de culoare și de altă energie.	fem	Neti Sandu	pozitiv
173_5.wav	Rac, poate vă sfătuiți cu rudele în privința unui eveniment care va avea loc în curând în familia voastră și o să puneți totul la punct.	fem	Neti Sandu	pozitiv
173_7.wav	Fecioara, e cineva care nu îndrăznește să vă abordeze, că simte că n-are șanse să vă cucerească, dar nu e chiar așa, șanse sunt dacă nu aveți pe nimeni.	fem	Neti Sandu	negativ
175_14.wav	Ca să vă cunoașteți și să vă convingă că puteți fi într-o relație.	fem	Neti Sandu	pozitiv
175_15.wav	Capricorn, o să reapară acea persoană cu care ați avut o relație, dar o fi intervenit ceva și nu v-ați mai văzut, și acum o să fie bine.	fem	Neti Sandu	pozitiv
175_17.wav	Sau cu trenul în excursie. Pești, se poate să aveți ceva de comunicat în public.	fem	Neti Sandu	negativ
175_5.wav	Și să vă completați golurile din gospodărie, faceți niște achiziții.	fem	Neti Sandu	pozitiv
179_13.wav	Berbec, se poate să vă iasă în cale cineva care vede în voi un posibil partener de cuplu dacă n-aveți pe nimeni.	fem	Neti Sandu	pozitiv
179_3.wav	Se poate să bateți palma pentru un proiect care v-ar aduce mai mulți bani decât v-ați așteptat și o să faceți niște investiții.	fem	Neti Sandu	pozitiv
179_4.wav	Rac, întrevedere cu un partener de afaceri ca să fixați datele unui contract ca să vă puteți lua niște măsuri prealabile.	fem	Neti Sandu	pozitiv
17_4.wav	Vibrația zilei este trei și comunicarea face minuni într-o astfel de zi. Vedem ce se întâmplă în fiecare dintre zodii. Rac.	fem	Neti Sandu	pozitiv
181_2.wav	Vibrația zilei este doi și o să perfecționăm comunicarea cu cel de lângă noi.	fem	Neti Sandu	pozitiv
181_7.wav	Leu. La voi, relația cu partenerul de cuplu va căpăta o nouă dimensiune și o să lăsați deoparte supărările,	fem	Neti Sandu	pozitiv
185_11.wav	Săgetător! Cineva care v-a rămas dator cu o cafea, o masă la restaurant, vă invită la prânz sau la cină în oraș.	fem	Neti Sandu	pozitiv
185_8.wav	Fecioara! O să primiți ceva în dar și o să împărtășiți bucuria cu prietenii care au nevoie de prezența voastră.	fem	Neti Sandu	pozitiv
188_13.wav	Vărsător. Se detensionează atmosfera de acasă și o să vă puteți face planuri de petrecut timpul liber împreună, într-o mini-vacanță.	fem	Neti Sandu	pozitiv
188_15.wav	Berbec. O să cheltuiți niște bani, că o să vă duceți la o nuntă, ori poate o fi un botez și or să fie cu cheltuială, că nu se poate altfel.	fem	Neti Sandu	negativ
191_10.wav	Scorpion, cineva care nu poate trăi fără voi vă caută și o să vă evaluați și voi sentimentele, să știți dacă vă mai vedeți împreună așa în viitor.	fem	Neti Sandu	pozitiv
191_15.wav	Berbec, poate dați o fugă cu mașina în service ca să vă asigurați că e totul funcțional, să n-aveți surprize de la volan dacă plecați la drum.	fem	Neti Sandu	negativ
191_2.wav	Vibrația zilei este unu și scăpăm de restanțe ca să începem proiecte noi, că vine Jupiter în Taur, acum se schimbă totul.	fem	Neti Sandu	pozitiv
191_5.wav	Gemeni, vă mai gândiți până luni, dacă sunteți dispuși să prelungiți o colaborare sau să vă orientați spre altceva care va fi mai rentabil.	fem	Neti Sandu	negativ
191_6.wav	Rac, o să dați zor să vă achitați de obligațiile familiale ca să puteți ieși pe undeva în plimbare la un film, la un spectacol.	fem	Neti Sandu	negativ
191_9.wav	Balanța, e momentul să vă îngrijiți și de voi, să alegeți o plimbare în parc, înotul la piscină, să vă detensionați cumva.	fem	Neti Sandu	pozitiv
194_10.wav	Poate o să lucrați ceva. Balanța. Poate v-au rămas niște aspecte legate de sănătate pe care ar fi bine să le luați în serios. Ia vedeți.	fem	Neti Sandu	negativ
194_13.wav	Capricorn. E cineva din trecutul sentimental care mai are ceva de adăugat sau de întrebat și o să ieșiți la o cafea sau vorbiți doar la telefon.	fem	Neti Sandu	negativ
194_14.wav	Vărsător. Apar niște semne de epuizare și fie vă duceți la medic, fie vă menajați un pic așa și vă refaceți din mers.	fem	Neti Sandu	negativ
194_2.wav	Vibrația zilei este nouă și e bine să avem așa o privire de ansamblu asupra unei situații.	fem	Neti Sandu	pozitiv
194_7.wav	Rac. O să faceți curățenie la prieteni și o să-i păstrați pe cei care se țin de cuvânt când promit ceva. Aia sunt buni.	fem	Neti Sandu	pozitiv
194_8.wav	Leu. Sefii sunt pretențioși, vă monitorizează și o să vă străduiți să țineți pasul cu ce vă cer și o să vă puteți înțelege.	fem	Neti Sandu	negativ
197_13.wav	E posibil să recuperați niște bani și să faceți niște achiziții care să-i bucure și și pe ai voștri că își doreau de multă vreme câte ceva.	fem	Neti Sandu	pozitiv
201_13.wav	Săgetător, cineva cu care v-ați tot văzut multă vreme a dispărut din peisaj	fem	Neti Sandu	negativ
201_16.wav	Vărsător, sfera sentimentală e frumos luminată și o să primiți răspunsul afectiv pe care-l așteptați	fem	Neti Sandu	pozitiv
203_13.wav	Vărsător, o să vă bucurați de prezența unor oameni care vor să vă facă o urare, să vă felicite pentru ceea ce ați realizat în ultima vreme.	fem	Neti Sandu	pozitiv
203_14.wav	Pesti, v-o fi rămas un prieten dator cu o explicație și vă dați întâlnire la o cafea să povestiți cum s-au petrecut lucrurile la un moment dat și să vedeți ce e de făcut.	fem	Neti Sandu	pozitiv
203_16.wav	O zi cu bucurii! O să revin puțin mai târziu. Vă aștept!	fem	Neti Sandu	pozitiv
205_10.wav	Capricorn. Poate plecați într-o excursie chiar și de o zi ca să-i duceți pe copii într-un parc de aventură, la un escape room să se distreze.	fem	Neti Sandu	pozitiv
205_11.wav	Vărsător. Se poate să reluați o preocupare de timp liber și să vă întrețineți și cu prietenii, să petreceți un timp de calitate împreună.	fem	Neti Sandu	pozitiv
213_8.wav	Leu. Se poate să vă implicați în pregătirea unui eveniment care v-ar aduce în centrul atenției și v-ar deschide niște uși.	fem	Neti Sandu	pozitiv
215_10.wav	Fecioara. Vi se poate aproba un împrumut sau dizolvați un deposit bancar și faceți cumpărături pentru casă și familie.	fem	Neti Sandu	pozitiv
215_13.wav	Scorpion. Apare cineva care se arată interesat de voi și o să fiți și voi pe recepție	fem	Neti Sandu	pozitiv
215_16.wav	Capricorn. Poate faceți o rezervare pentru weekend și vă duceți într-o stațiune de agrement ca să vă reveniți după o perioadă de stres.	fem	Neti Sandu	pozitiv
219_11.wav	Și vă luați o mașină, o aparatură, cine știe de care, convenabil totul, ca preț. Leu.	fem	Neti Sandu	pozitiv
219_6.wav	Se poate să recuperați niște bani, ori să vi se aprobe un credit bancar	fem	Neti Sandu	pozitiv
21_9.wav	Săgetător. Invitație fie în țară, fie în afară că să va distrați și să lăsați deoparte grijile zilnice care v-au consumat în ultima vreme.	fem	Neti Sandu	pozitiv
221_1.wav	E o zi frumoasă de sărbătoare, avem o conjuncție Lună-Neptun.	fem	Neti Sandu	pozitiv
221_18.wav	Se poate să apare cineva care să vă fascineze, de-a dreptul și să vă puteți găsi companion de viață, dacă n-aveți pe nimeni.	fem	Neti Sandu	pozitiv
225_13.wav	Săgetător! E posibil și să apară o surpriză, să aterizeze omul visurilor voastre și să fiți și voi în sfârșit fericiți.	fem	Neti Sandu	pozitiv
225_15.wav	Vărsător! Un răspuns afectiv din partea cuiva care v-a simtit lipsa și o să vrea să vă vedeți zilele astea, dar și după de aici încolo.	fem	Neti Sandu	pozitiv
225_7.wav	Gemeni! O să tot primiți invitații pentru petrecut Paștele împreună dar nu o să schimbați destinația că vreți să fiți fideli anturajului.	fem	Neti Sandu	pozitiv
231_1.wav	Vedem ce avem pentru azi. O zi cu dezvăluiri.	fem	Neti Sandu	pozitiv
231_10.wav	Balanța, se poate să adunați niște bani din particular și o să acoperiți cheltuielile acestei perioade deloc puține.	fem	Neti Sandu	pozitiv
231_2.wav	O să aflăm dedesubturile unor situații care ne-au pus cândva în dificultate și o să tragem concluzii ca să putem schimba în bine ce ne dorim.	fem	Neti Sandu	pozitiv
231_5.wav	Taur, se rezolvă din mers o chestiune care ține de școală, de cursuri, examene ale voastre sau ale copiilor.	fem	Neti Sandu	pozitiv
231_7.wav	Rac, poate renunțați la un contract în favoarea altuia ca să lucrați cu spor, că niște lucruri poate n-au mers bine până acum.	fem	Neti Sandu	negativ
231_8.wav	Leu, e o șansă de a câștiga dintr-o afacere și să aveți continuitate, că o să meargă totul șnur.	fem	Neti Sandu	pozitiv
235_1.wav	Vedem acum ce avem pentru azi. O zi specială. Întâlnirea Soarelui cu Jupiter. Ne poate schimba fiecăruia viața.	fem	Neti Sandu	pozitiv
235_21.wav	Poate e cineva nou apărut în peisaj și o să fie o resuscitare totală dacă nu aveți pe nimeni. Pești. Vă găsiți ceva de lucru.	fem	Neti Sandu	pozitiv
235_22.wav	Poate bateți palma pentru un contract care va asigura stabilitate financiară. O zi  specială.	fem	Neti Sandu	pozitiv
237_8.wav	Balanța! Poate vă duceți la interviu sau măcar vă înscrieți și o să vă prezentați după ce trec sărbătorile ca să aveți o stare bună.	fem	Neti Sandu	pozitiv
23_12.wav	Capricorn. Se observă o cheltuială, poate pentru că trebuie să duceți mașina în service dacă sunteți pe picior de plecare în concediu.	fem	Neti Sandu	negativ
23_6.wav	Leu. Se anunță succes și nu o să lăsați să vă stea nimic în cale, că o să puneți la bătaie toate resursele ca să răzbiți.	fem	Neti Sandu	pozitiv
240_13.wav	Vărsător! Poate-i chemați la masă pe prieteni, pe rude că sunt Florii, dezlegare la pește și mai pune țara la cale în stilul vostru, așa.	fem	Neti Sandu	pozitiv
240_5.wav	Gemeni! E un grup care vrea să vă ia pe sus într-o excursie de o zi așa și poate să fie un cadou excelent.	fem	Neti Sandu	pozitiv
240_8.wav	Fecioara! Se poate să treacă pe la voi cineva care vine de departe și o să alocați și voi câteva ore ca să vă plimbați împreună, ieșiți la masă.	fem	Neti Sandu	pozitiv
242_1.wav	Vibrația zilei este opt și o să ne ferim de cheltuieli excesive ca să fim cumpătați cu banii, asta e ideea.	fem	Neti Sandu	pozitiv
242_3.wav	Se poate să fiți invitați la un party și să fie lume multă și distracție pe gustul vostru și o să vă revigorați.	fem	Neti Sandu	pozitiv
244_6.wav	Rac, o să puteți porni la drum, să le faceți o vizită unor rude și să stați cât vă mai permite programul că o să aveți niște treabă pe acasă.	fem	Neti Sandu	pozitiv
244_8.wav	Fecioara, poate ați făcut rezervare pe undeva prin țară să dați o fugă de pe o zi pe alta așa că aveți nevoie de un respiro, asta e.	fem	Neti Sandu	pozitiv
250_18.wav	Pești, vin mai mulți bani pe aici pe colo și o să vă orientați spre lucrurile absolut utile și obligatorii	fem	Neti Sandu	pozitiv
250_3.wav	Berbec, apare cineva care vrea să fiți împreună și o să vă scanați profunzimile sufletești	fem	Neti Sandu	pozitiv
250_8.wav	Rac, întrevedere cu un om de afaceri care vă propune ceva care v-ar aduce bani, dar trebuie văzut cum stați cu timpul.	fem	Neti Sandu	pozitiv
252_10.wav	Săgetător. Se poate să luați o decizie referitoare la viața de cuplu și o să vă consultați și cu partenerul de cuplu să vă puneți de acord.	fem	Neti Sandu	pozitiv
252_13.wav	Pești. V-ați propus, poate să faceți niște achiziții pentru casă și o să vă puneți casa la punct. O zi cu energie!	fem	Neti Sandu	pozitiv
252_4.wav	Gemeni. Se poate să bateți palma pentru un contract, dacă or să vi se respecte condițiile pe care le-ați negociat, ca să fie răsplătită munca.	fem	Neti Sandu	pozitiv
252_6.wav	Leu. O să fiți cooptați într-un grup ca să desfășurați o activitate care să vă pună și fizicul și emoționalul în mișcare.	fem	Neti Sandu	pozitiv
252_9.wav	Scorpion. O să faceți rost de bani de unde vă așteptați cel mai puțin și o să aveți de cheltuială de aici încolo.	fem	Neti Sandu	pozitiv
254_10.wav	Leu. Vin bani de la serviciu, dar se poate și din sursele particulare că ați tot muncit.	fem	Neti Sandu	pozitiv
254_16.wav	Capricorn. Poate faceți comandă de lucruri utile pentru interiorul locuinței și or să fie toți ai voștri mulțumiți.	fem	Neti Sandu	pozitiv
254_8.wav	Gemeni. Poate vă interați de reparația mașinii și dacă nu se mai poate face nimic, poate vă luați una nouă, în rate, vedeți voi cum o să puteți.	fem	Neti Sandu	pozitiv
259_21.wav	Se poate să vă descoperiți o îndeletnicire de timp liber care v-ar destresa și v-ați lua de acolo o doză de bună dispoziție.	fem	Neti Sandu	pozitiv
259_25.wav	Cineva care contează pe voi vă caută și o să-i spuneți tot ce aveți pe suflet ca să puteți merge mai departe cu relația.	fem	Neti Sandu	pozitiv
259_5.wav	Taur! O stare de bine, poate vă mai gândiți și la voi să fiți buni, zdraveni, să vă bucurați de niște privilegii, că lumea e generoasă cu voi.	fem	Neti Sandu	pozitiv
25_4.wav	Fecioara. O să vă dați întâlnire cu prietenii la vreo nuntă sau la un botez și o să vă distrați, reactualizați în cazul asta toate relațiile.	fem	Neti Sandu	pozitiv
25_5.wav	Balanța. Se poate să aflați o veste bună despre un job pe care s-ar putea să îl începeți în curând.	fem	Neti Sandu	pozitiv
25_7.wav	Săgetător. O să vă dați întâlnire cu cineva care se poate să fi bătut cale lungă până la voi și o să fie un schimb emoțional.	fem	Neti Sandu	pozitiv
261_3.wav	Poate faceți o selecție printre prieteni și o să ieșiți cu cei care nu se eschivează de la ce i-ați rugat și care au o scuză plauzibilă.	fem	Neti Sandu	pozitiv
262_9.wav	Leu. Vine cineva care vă poate scoate la o plimbare într-o excursie prin țară în principiu, dar se poate și în străinătate, la fel de bine.	fem	Neti Sandu	pozitiv
268_9.wav	Leu, o să apară cineva care vrea să formați un cuplu și o să vă puteți înțelege cu condiția să fiți singuri.	fem	Neti Sandu	pozitiv
270_1.wav	E bine să dăm dovadă de prudență și să nu ne hazardăm prea tare să facem lucruri sub impulsul momentului.	fem	Neti Sandu	negativ
276_7.wav	Și o să vă bucurati de un plus de vizibilitate. Rac. Poate vă ocupați de mașină să o reparați, vă luați alta.	fem	Neti Sandu	pozitiv
278_10.wav	Balanța. Se poate să faceți cunoștință cu cineva care să fie pe genul vostru și să vă simțiți atrași ca de un magnet.	fem	Neti Sandu	pozitiv
278_15.wav	Pești. Poate plecați cu grupul într-un dus întors, să ziceți un la mulți ani cuiva, să vă distrați ca să vă scuturați de stres.	fem	Neti Sandu	pozitiv
278_3.wav	O să ajungeți și la un sărbătorit dacă nu sunteți chiar voi protagonistul și o să se simtă toată lumea cât se poate de bine.	fem	Neti Sandu	pozitiv
278_4.wav	Taur. Poate o să vă mai ocupați și de voi, vă duceți la spa, la cosmetică, la tuns, la stilist, să dați refresh total.	fem	Neti Sandu	pozitiv
278_7.wav	Rac. E o reuniune cu rude, cu prieteni, poate e un eveniment festiv și o să vă prindă bine să vă rupeți câteva ore de rutina zilnică.	fem	Neti Sandu	pozitiv
278_8.wav	Leu. Întrevedere cu cineva care e pe lungimea voastră de unde și s-ar putea să vă armonizați până chiar la unirea destinelor.	fem	Neti Sandu	pozitiv
27_12.wav	Vărsător. Intrați la cheltuială, dar aveați bani puși deoparte acolo ca să ieșiți la cafea, la plimbare cu prietenii	fem	Neti Sandu	pozitiv
280_10.wav	Săgetător. Poate vă vedeți cu cineva care vine în țară de undeva dacă nu vă faceți voi drum spre o stațiune de agrement.	fem	Neti Sandu	pozitiv
280_6.wav	Leu. Se poate să vă duceți pentru două zile într-o stațiune de agrement ca să luați aer și să vă dezmorțiți.	fem	Neti Sandu	pozitiv
280_8.wav	Balanța. Cineva apropiat vă satisface un capriciu și vă duce în plimbare în stațiunea preferată și poate o să înoptați acolo.	fem	Neti Sandu	pozitiv
284_10.wav	E cineva interesat de voi, simte un potențial de relație și o să vă evaluați și voi sentimentele	fem	Neti Sandu	pozitiv
284_6.wav	Poate vă depuneți CV-ul pentru o altă firmă ori vă înscrieți la un concurs, că apare un post bine plătit și e de încercat. Leu.	fem	Neti Sandu	pozitiv
286_13.wav	Vărsător, o să vă pregătiți de musafiri, poate în weekend sărbătoriți ceva și e o febră a pregătirilor și chiar o să fie frumos.	fem	Neti Sandu	pozitiv
286_14.wav	Pești, visați la lucruri pe care vi le puteți face cadou și chiar sunt posibile dacă  îmbinați și cu realitatea visul.	fem	Neti Sandu	pozitiv
286_15.wav	O zi frumoasă!	fem	Neti Sandu	pozitiv
286_3.wav	Berbec. Se poate să vă refaceți viața sentimentală și să vă descoperiți acea latură dispusă să faceți echipă cu cel de lângă voi.	fem	Neti Sandu	pozitiv
286_8.wav	Fecioara. Se poate să primiți o invitație în străinătate și să vă organizați timpul și banii, să vă puteți duce la un moment dat.	fem	Neti Sandu	pozitiv
288_8.wav	Fecioara. Vă scoate cineva la cafea să încropiți acolo o colaborare sau doar să stați la povești.	fem	Neti Sandu	pozitiv
291_0.wav	O zi cu lună nouă și surprize. Se poate să luăm decizii și să primim confirmări din partea unor autorități.	fem	Neti Sandu	pozitiv
291_17.wav	Se poate să vă îndrăgostiți cineva care să fie și persoana potrivită pentru voi și să devină partenerul vostru de viață.	fem	Neti Sandu	pozitiv
294_2.wav	E o mulțumire sufletească, vi s-au restituit bani bunuri după un divorț, partaj sau pur și simplu ați primit ce-i al vostru.	fem	Neti Sandu	pozitiv
294_3.wav	Berbec. E posibil să câștigați bani din surse colaterale și să lărgiți aria de cumpărături și cu lucruri care vă plac,	fem	Neti Sandu	pozitiv
296_1.wav	Vibrația zilei este unu și e bine să o luăm de la început, dar cu mai mult elan, să vedem ce se întâmplă în fiecare dintre zodii. Pești.	fem	Neti Sandu	pozitiv
296_3.wav	Berbec, o să le faceți o surpriză copiilor, poate le-ați promis ceva, că îi duceți într-un anume loc de joacă și o să vă conformați.	fem	Neti Sandu	pozitiv
296_8.wav	Fecioara, se poate să faceți cunoștință cu cineva care e pe lungimea voastră de undă și să construiți o relație frumoasă.	fem	Neti Sandu	pozitiv
2_11.wav	Pești. O negociere v-ar pune în temă cu oferta financiară pe care o avansează un om de afaceri și poate faceți cumva să cădeți la pace.	fem	Neti Sandu	negativ
2_12.wav	Berbec. Se vine cu propunere de afaceri la voi și dacă vă mai rămâne timp în particular, o să vă angajați într-o cursă de succes.	fem	Neti Sandu	pozitiv
300_0.wav	Reușite azi. O să luăm decizii după ce vom ține cont de toți factorii care intră în joc și o să ne reorganizăm pe viitor să ne meargă și mai bine.	fem	Neti Sandu	pozitiv
300_12.wav	Săgetător. Noutăți de la drum în sfera sentimentală acolo și o să puteți întâlni pe cineva care să declanșeze toate endorfinele și să vă îndrăgostiți.	fem	Neti Sandu	pozitiv
300_14.wav	Vărsător. Se poate să vă găsiți ceva de lucru și în particular și să o duceți mult mai bine din punct de vedere financiar, că tot aveți multe cheltuieli.	fem	Neti Sandu	pozitiv
304_12.wav	Balanta, o să ieșiți la socializare, mai luați în discuție problemele de afaceri și vă alegeți niște colaboratori.	fem	Neti Sandu	pozitiv
304_15.wav	Capricorn, se poate să primiți o invitație la un spectacol sau e o zi de naștere care o să vă inspire așa o stare de bună dispoziție.	fem	Neti Sandu	pozitiv
304_7.wav	Taur, o să aveți diverse activități de grup și o să vă destindeți. O să faceți tot ce depinde de voi să scăpați de stres.	fem	Neti Sandu	pozitiv
308_10.wav	Balanță. O apariție surprinzătoare și viața voastră sentimentală poate lua o turnură fericită dacă n-aveți pe nimeni.	fem	Neti Sandu	pozitiv
308_12.wav	Săgetător. O să primiți un semn de viață de la cineva care vrea să știe dacă relația voastră poate continua sau s-a încheiat.	fem	Neti Sandu	negativ
308_14.wav	Vărsător. E bine să vă îngrijiți și de sănătate ca să dați randament și mai bun la slujbă și să fiți creativi.	fem	Neti Sandu	pozitiv
312_11.wav	Fecioara, vă invită cineva în oraș și dacă nu aveți alt program o să ieșiți la o plimbare să vedeți și alți prieteni, să mai stați la povești.	fem	Neti Sandu	pozitiv
317_10.wav	Fecioara. O să dați de lume cooperantă și nu o să vă lăsați până n-o să scăpați de toate obligațiile.	fem	Neti Sandu	pozitiv
317_15.wav	Capricorn. Se poate să vă contacteze cineva pentru un job și să vă pregătiți de o nouă experiență profesională.	fem	Neti Sandu	pozitiv
317_4.wav	Berbec. Apare cineva pe la întrunirile cu grupul și poate o să faceți cumva să vă puneți în valoare toate calitățile.	fem	Neti Sandu	pozitiv
317_8.wav	Rac. Vi se răplătește o muncă, rezultatele vorbesc de la sine și n-or să aibă încotro șefii.	fem	Neti Sandu	pozitiv
31_15.wav	Gemeni. O să vă faceți cunoscute părerile, poate lansați la apă un produs care să devină marca voastră, emblema. O zi echilibrată.	fem	Neti Sandu	pozitiv
320_13.wav	Scorpion. Se poate să vă mai luaţi ceva în plus de lucru şi să faceţi rost de acei bani pentru ieşirile la plimbare din weekend.	fem	Neti Sandu	pozitiv
320_6.wav	Rac. Vine cineva în vizită şi o să aflaţi noutăţi care vă pot transfera.	fem	Neti Sandu	pozitiv
322_2.wav	Vibrația zilei este șapte și o să dăm dovadă de înțelepciune.	fem	Neti Sandu	pozitiv
324_5.wav	Gemeni, e posibil să apară cineva care să vă ofere o nouă direcție în viață și să descoperiți altă perspectivă incitantă de data asta.	fem	Neti Sandu	pozitiv
324_6.wav	Rac, e o bună comunicare cu grupul de colegi și o să-i dați de capăt unei chestiuni de serviciu care v-a cam dat de furcă.	fem	Neti Sandu	pozitiv
324_8.wav	Fecioara, o să recuperați o sumă importantă de bani, poate ați câștigat un proces sau e altceva, ori fi bani din colaborării mai vechi.	fem	Neti Sandu	pozitiv
326_4.wav	Taur, e un ecou în inima voastră și o să știți ce răspuns să-i dați acelei persoane care v-a răscolit sufletește.	fem	Neti Sandu	pozitiv
326_8.wav	Fecioara, o să vă depășiți niște temeri și poate faceți pasul cel mare spre căsătorie, că v-ați convins că omul ales e pe viață.	fem	Neti Sandu	pozitiv
328_12.wav	Capricorn. Se poate să primiți ceva în dar și să vă bucurați de acel gest care înseamnă că lumea vă apreciază.	fem	Neti Sandu	pozitiv
328_9.wav	Balanță. Vești bune de la cineva care vă invită la cafea să simtă dacă sunteți interesați de o relație sau nu.	fem	Neti Sandu	pozitiv
334_3.wav	O să apară cineva care să vă țină isonul la plimbare, la cumpărături, la preocupările care țin de un proiect particular, poate să fie și un hobby.	fem	Neti Sandu	pozitiv
339_12.wav	Scorpion. Se poate să le atrageți atenția șefilor cu profesionalismul de care o să dați dovadă până la vară și vin atunci și recompensele.	fem	Neti Sandu	pozitiv
339_13.wav	Săgetător. Sfera sentimentală e și mai animată decât până acum și o să puteți face cunoștință cu cineva care să devină partener de viață.	fem	Neti Sandu	pozitiv
341_1.wav	Se anunță o zi destul de bună.	fem	Neti Sandu	pozitiv
341_7.wav	Taur, se poate să cereți un credit bancar ca să vă luați o casă, poate pentru că vi se mărește familia, o să aveți un copil. Gemeni.	fem	Neti Sandu	pozitiv
344_11.wav	Săgetător, se poate să întâlniți pe cineva care să vă îndrăgească și să puteți începe o relație dacă n-aveți partener de cuplu.	fem	Neti Sandu	pozitiv
344_8.wav	Fecioara, poate faceți o tratație ca să vină rudele în vizită, poate ziua de nașterea unui copil sau poate o zi de botez.	fem	Neti Sandu	pozitiv
348_14.wav	Vărsător. O să vă dedicați studiilor, o să și colaborați pe diverse teme cu colegii și o să vă meargă bine.	fem	Neti Sandu	pozitiv
348_7.wav	Rac. E multă lume care vrea să lucrați împreună și o să vă treziți cu oferte care mai de care.	fem	Neti Sandu	pozitiv
34_11.wav	Săgetător. Poate vi se încredințează noi responsabilități la serviciu	fem	Neti Sandu	pozitiv
34_4.wav	Rac. Se poate să primiți un ajutor nesperat de la niște oameni care vă pot netezi drumul spre succes.	fem	Neti Sandu	pozitiv
350_2.wav	O să ne bucurăm de o șansă care poate fi și a doua, dar pe care s-o primim cu brațele deschise, că doar așa se mai pot repara niște lucruri.	fem	Neti Sandu	pozitiv
350_5.wav	Berbec, o să vă refaceți și voi viața de cuplu și poate o să aduceți pe lume un copil dacă totul se așează frumos așa în relație.	fem	Neti Sandu	pozitiv
350_9.wav	Leu, se finalizează o situație și o să vă puteți muta în altă locuință sau la alt serviciu.	fem	Neti Sandu	pozitiv
352_1.wav	Vedem ce avem pentru azi. Vești bune? Nu-i așa? O să empatizăm cu cei din jur, o să le întindem o mână de ajutor celor care ne-o cer și o să ne lăsăm și noi serviți cu câte ceva dacă oamenii așa simt să facă.	fem	Neti Sandu	pozitiv
352_12.wav	Săgetător. Vine cineva în vizită, poate pentru că are vești importante și vrea să vă bucurați împreună.	fem	Neti Sandu	pozitiv
352_13.wav	Capricorn. Încă vă mai gândiți că ați vrea să vă luați o casă, poate pentru că vreți să vă întemeiați o familie.	fem	Neti Sandu	pozitiv
352_14.wav	Varsător. O să puteți repara o prietenie și să ieșiți la plimbare, să aveți preocupări comune ca să se sudeze relația. Vești bune azi!	fem	Neti Sandu	pozitiv
355_10.wav	Balanța. O să vă înțelegeți mult mai bine cu partenerul de cuplu ca ați învățat din greșelile trecutului și nu vreți să mai riscați să-l pierdeți.	fem	Neti Sandu	pozitiv
355_4.wav	Berbec. O să apară un grup de susținători și poate o să ieșiți mai des pe la mondenități să luați pulsul societății.	fem	Neti Sandu	pozitiv
355_6.wav	Gemeni. Se poate să vă ocupați de școală, de cursuri, de examene sau vă interesați de niște cursuri particulare pentru copii să se instruiască.	fem	Neti Sandu	pozitiv
358_10.wav	Scorpion. O acalmie în sfera sentimentală și o să spuneți cum ați vrea să se comporte ființa iubită cu voi ca să vă armonizați.	fem	Neti Sandu	pozitiv
358_2.wav	O să vă puteți împăca cu acea persoană cu care oți fi avut vreo neînțelegere și o să puteți trăi în foarte bună înțelegere.	fem	Neti Sandu	pozitiv
358_4.wav	Taur. Vi se mulțumește pentru ce ați muncit în ultima vreme și or să fie și bani și vreun voucher, ceva care să vă recompenseze munca.	fem	Neti Sandu	pozitiv
358_7.wav	Leu. E cineva care se regăsește în felul vostru de a fi și o să vrea să încercați o relație ca să experimentați traiul în doi.	fem	Neti Sandu	pozitiv
365_10.wav	Fecioara. Poate le faceți o vizită prietenilor sau unor rude, așa cum le-ați promis și mai rămâneți o zi, două la o adică.	fem	Neti Sandu	pozitiv
365_4.wav	Pești. Vă mai gândiți până luni dacă o să fiți de acord cu semnarea unui contract de muncă sau așteptați ceva mai consistent.	fem	Neti Sandu	negativ
367_2.wav	Vibrația zilei este șapte și o să dăm dovadă de înțelepciune.	fem	Neti Sandu	pozitiv
367_4.wav	Pești. O să dispuneți de niște bani și vă puneți garderoba la punct, mai luați ceva și pentru casă.	fem	Neti Sandu	pozitiv
375_10.wav	Leu, voi o să puteți recupera o relație care a traversat o perioadă mai agitată și o să vă redresați treptat cu bunăvoință de ambele părți.	fem	Neti Sandu	pozitiv
375_14.wav	Săgetător, se poate să vă descoperiți un hobby și să vă umpleți timpul liber cu preocupări deconectante.	fem	Neti Sandu	pozitiv
375_15.wav	Capricorn, o să vă bucurați de atenția unor oameni dragi și o să vă recuperați emoțional, că au fost momente foarte tensionate săptămâna trecută.	fem	Neti Sandu	pozitiv
377_6.wav	Gemeni. Vi se confirmă niște așteptări și o să vă duceți la un tête-à-tête ca să spuneți cum vedeți voi în perspectivă relația.	fem	Neti Sandu	pozitiv
379_1.wav	Ce avem de făcut, cu cine trebuie vorbit ca să încheiem o situație.	fem	Neti Sandu	negativ
379_9.wav	Rac. Se poate să adunați banii din diverse surse și să-i puneți la păstrare pe cât posibil ca să puteți pleca în concediu la vară.	fem	Neti Sandu	pozitiv
381_14.wav	Dacă n-aveți pe nimeni, apare cineva.	fem	Neti Sandu	pozitiv
381_15.wav	Scorpion. Poate vă faceți timp să ieșiți cu partenerul de cuplu pe undeva ca să consolidați relația.	fem	Neti Sandu	pozitiv
381_4.wav	Se poate să primiți o sumă de bani, un cadou, ceva în semn de apreciere pentru o muncă depusă cândva.	fem	Neti Sandu	pozitiv
383_5.wav	Berbec. Sunt acte de semnat și o să obțineți online tot ce aveți nevoie ca să nu mai bateți drumurile și să avansați cu demersurile de orice fel.	fem	Neti Sandu	pozitiv
383_7.wav	Gemeni. O să vă uniți forțele cu ale unor oameni de calibrul vostru ca să lucrați la un proiect; pot fi preocupări comune.	fem	Neti Sandu	pozitiv
383_8.wav	Rac. Poate să fiți și din nou întrebați dacă sunteți de acord cu semnarea unui contract sau vă luați o pauză și mai vedeți după.	fem	Neti Sandu	negativ
383_9.wav	Leu. O să semnați niște acte. Vi se deschid acele uși pe care nu le-ați putut deschide până acum. Va fi un progres.	fem	Neti Sandu	pozitiv
385_13.wav	Scorpion, poate descoperiți o preocupare deconectantă și o să vă petreceți timpul liber făcând lucruri noi care să vă detensioneze.	fem	Neti Sandu	pozitiv
385_14.wav	Săgetător, se poate să câștigați bani din surse colaterale și o să vă destindeți din punctul ăsta de vedere.	fem	Neti Sandu	pozitiv
385_15.wav	Capricorn, o reușită la școală, la un interviu, în sfera comunicării, o să bifați acolo un succes.	fem	Neti Sandu	pozitiv
385_6.wav	Taur, vi se poate semna un act care să vă deschidă niște uși să puteți avansa în carieră.	fem	Neti Sandu	pozitiv
387_16.wav	O zi destul de bună!	fem	Neti Sandu	pozitiv
387_6.wav	Îi mai întrebați și pe ai voștri.	fem	Neti Sandu	negativ
390_5.wav	Taur. Se prea poate să-i chemați pe niște prieteni la masă dacă nu plecați pe nicăieri și să degustați bunătăți preparate de voi.	fem	Neti Sandu	pozitiv
390_7.wav	Rac. Într-un grup undeva o să faceți cunoștință cu cineva care o să vă strânească interesul în vederea unei relații de cuplu. Vedeți ce iese.	fem	Neti Sandu	pozitiv
394_11.wav	Balanța, poate se anunță cineva în vizită și poate chiar vă puteți vedea dacă nu plecați pe nicăieri.	fem	Neti Sandu	pozitiv
394_9.wav	Leu, poate le-ați promis copilor o escapadă turistică într-un parc de aventuri și vă puteți deplasa spre o zonă pentru distracții.	fem	Neti Sandu	pozitiv
396_10.wav	Fecioara. Un ajutor feminin din partea cuiva căreia i-o fi fost dor de voi și o să vă bucurați că vi se iau niște greutăți de pe umeri.	fem	Neti Sandu	pozitiv
396_13.wav	Săgetator. Se poate să întâlniți pe cineva cu care să fiți compatibili și să vă umple frumos viața și voi chiar știți să vă bucurați.	fem	Neti Sandu	pozitiv
396_14.wav	Capricorn. Poate le faceți o surpriză unor prieteni și vă duceți în vizită, că aveți și ceva de făcut pe acolo, o fi vreo preocupare comună.	fem	Neti Sandu	pozitiv
396_2.wav	Vibratia zilei este trei și e undă verde la drum și la comunicare. E bine. Vedem acum ce se întâmplă în fiecare dintre zodii, Vărsător.	fem	Neti Sandu	pozitiv
396_3.wav	O să vă spuneți părerea cu privire la un proiect în public, poate fi și online, și o să fie un bun exercițiu de comunicare.	fem	Neti Sandu	pozitiv
396_6.wav	Taur. Se poate să ieșiți la rampă cu ceva nou care să aibă impact la un public țintă și să vă bucurați de succes.	fem	Neti Sandu	pozitiv
396_9.wav	Leu. Se adună bani în cont acolo și o să vă permiteți și o escapadă turistică la munte undeva sau în afara țării, într-un city break.	fem	Neti Sandu	pozitiv
398_12.wav	Scorpion, o să luptați pentru fiecare lucru pe care vi-l doriți și o să le puteți obține, căci forța voastră e nemărginită.	fem	Neti Sandu	pozitiv
398_3.wav	Poate organizați o petrecere cu prietenii de mâine încolo și faceți toate pregătirile necesare cu rezervări, cu tot. Pești.	fem	Neti Sandu	pozitiv
398_4.wav	O să dați drumul proiectelor noi și poate o să vă focusați pe unul singur care vi se pare mai important.	fem	Neti Sandu	pozitiv
398_8.wav	Rac, se poate să luați bani, luna e la voi acolo, să faceți cumpărături și să achitați taxele obligatorii ca să nu acumulați restanțe.	fem	Neti Sandu	pozitiv
398_9.wav	Leu, o să alegeți o varintă de petrecut timpul liber în compania prietenilor, ca să vă puteți și destinde, că oți fi obosiți și voi.	fem	Neti Sandu	pozitiv
39_1.wav	Și avem o zi cu vești speciale. Se deschide Cutia Pandorei și aflăm lucrurile ascunse	fem	Neti Sandu	pozitiv
39_18.wav	Pești. O să vă asociați cu niște oameni ca să puneți pe roate o afacere particulară din care să aibă toată lumea de câștigat.	fem	Neti Sandu	pozitiv
402_5.wav	Vibrația zilei este patru și o să ne bucurăm de căldura familială. Vărsător. Se anunță o reușită în plan financiar,	fem	Neti Sandu	pozitiv
406_6.wav	Berbec, e posibil să faceți niște achiziții online, c-or fi niște promoții și poate nu o să vă puteți abține, dar vor fi cu folos.	fem	Neti Sandu	pozitiv
409_4.wav	Berbec. O să primiți o invitație la o ceremonie, o fi o nuntă, un botez, o aniversare și mai treceți și voi în revistă prieteni mai vechi, mai noi.	fem	Neti Sandu	pozitiv
40_10.wav	Vărsător. Problemele de sănătate par să se fi rezolvat și o să fiți în formă că aveți planuri pentru perioada care urmează.	fem	Neti Sandu	pozitiv
411_5.wav	Berbec. Se poate să luați niște bani și să vă cumpărați ce aveți nevoie pentru casă și să vă împliniți și pe o dorință mai veche.	fem	Neti Sandu	pozitiv
413_0.wav	Reușite azi. O să ne bucurăm de o veste, de prezența cuiva, poate primim și daruri, ceva bun, tot se întâmplă.	fem	Neti Sandu	pozitiv
413_11.wav	Balanța, se anunță stabilitate în relația de cuplu, iar dacă n-aveți pe nimeni, apare cineva.	fem	Neti Sandu	pozitiv
413_12.wav	Scorpion, întrevedere cu cineva care vine cu o propunere de colaborare și o să vă găsiți timp să mai câștigați niște bani că aveți nevoie pentru diverse.	fem	Neti Sandu	pozitiv
413_5.wav	Berbec, o să apară cineva care să vă suscite interesul și va fi o chimie puternică și care promite să vă țină împreună.	fem	Neti Sandu	pozitiv
413_6.wav	Taur, o problemă de sănătate, s-ar putea să vă dea un pic de furcă, dar se remediază din mers, totul e să vă duceți la medic.	fem	Neti Sandu	negativ
415_3.wav	Pești! O să vă treziți cu o invitație la niște mondenități care v-ar deschide o nouă perspectivă socială, să cunoașteți și altă lume.	fem	Neti Sandu	pozitiv
415_5.wav	Taur. Or să vă reușească inițiativele, or să vă remarce șefii, partenerii de afaceri și o să vă croiți un alt drum în sfera profesională.	fem	Neti Sandu	pozitiv
415_7.wav	Rac. E un eveniment festiv la care o să vă duceți, că aveți ceva de spus, de făcut și o să vă faceți reclamă, să se știe despre voi.	fem	Neti Sandu	pozitiv
415_9.wav	Fecioara! Ați putea încropi un parteneriat de afaceri ca să aduceți mai mulți bani la bugetul familiei să vă permiteți un respiro în weekend.	fem	Neti Sandu	pozitiv
417_12.wav	E cineva care vă scoate la plimbare, că are ceva să vă declare și o să vă emoționeze pentru că vă ia pe nepregătite.	fem	Neti Sandu	pozitiv
417_9.wav	Fecioara. Poate faceți un împrumut să reparați câte ceva prin sau pe lângă casă, mai luați și electrocasnice, ori alte lucruri în rate.	fem	Neti Sandu	negativ
420_0.wav	Vești bune azi. O să ne dăm osteneala să lichidăm toate acele lucruri care nu ne plac, să ne putem bucura de ce o să realizăm de acum înainte.	fem	Neti Sandu	pozitiv
420_11.wav	Scorpion. Poate vă convinge un angajator să lăsați totul și să vă duceți la firma lui, că o să câștigați mai mulți bani, vedeți dacă e serioasă persoana.	fem	Neti Sandu	pozitiv
420_5.wav	Taur. Se observă o cheltuială, c-ați avut probabil niște restanțe și s-au dus acolo niște sume, dar vă echilibrați voi bugetul.	fem	Neti Sandu	negativ
422_4.wav	Pești. E ceva care simte așa compatibilitate, care vă ajută să aveți o relație sudată, numai bună pentru o căsnicie.	fem	Neti Sandu	pozitiv
422_5.wav	Berbec. Poate le faceti o surpriză unor prieteni care au nevoie de prezența voastră și chiar nu vreți să îi dezamăgiți.	fem	Neti Sandu	pozitiv
422_7.wav	Gemeni. Se poate să vă facă o vizită cineva care locuiește departe și o să fie frumoasă revederea, numai să nu fiți voi plecați pe undeva.	fem	Neti Sandu	pozitiv
424_4.wav	Pești. O să vă bucurați de un plus de atenție, de invitații pe la evenimente și o să aveți o zi încărcată cu de toate.	fem	Neti Sandu	pozitiv
424_6.wav	Taur. Se poate să vă duceți la un spectacol și să faceți câțiva pași pe afară să luați aer, că aveți nevoie de un pic de socializare.	fem	Neti Sandu	pozitiv
430_15.wav	Scorpion, e posibil să luați niște bani și să cumpărați ceva nou pentru interiorul locuinței dacă sunt de acord și ai voștri.	fem	Neti Sandu	pozitiv
433_12.wav	Voi o să vorbiți deschis cu partenerul de cuplu ca să faceți din așa fel încât relația voastră să capete prospețime, să fie ca la început. Rac.	fem	Neti Sandu	pozitiv
433_15.wav	Fecioara. Voi o să vă reinventați, poate descoperiți ceva care să vă ducă în lumina reflectoarelor, poate deveniți o persoană influentă.	fem	Neti Sandu	pozitiv
433_6.wav	Se poate să apară cineva care să vă atragă cu felul de a fi și să dați curs unei relații serioase, dacă nu sunteți căsătoriți.	fem	Neti Sandu	pozitiv
434_0.wav	Cod QR de scanat cu telefonul mobil, dacă vrem să aflăm detaliile în plus ale horoscopului despre care vorbim noi acum. E o zi frumoasă.	fem	Neti Sandu	pozitiv
434_12.wav	Leu. Se pare că ați pus deoparte niște bani pentru o ieșire în weekend,	fem	Neti Sandu	pozitiv
434_13.wav	Poate sărbătoriți ceva și o să-i faceți surpriză partenerului. Fecioara.	fem	Neti Sandu	pozitiv
434_14.wav	O să trebuiască probabil să faceți o programare la medic să vedeți care e cauza unor atenționări din sfera sănătății.	fem	Neti Sandu	negativ
434_3.wav	Poate o să cheltuiți niște bani ca să mai ieșiți cu ai voștri pe la spectacole, mai luați masă în oraș, ca să diversificați puțin programul.	fem	Neti Sandu	pozitiv
440_12.wav	Scorpion. Se poate să aveți de pe trecut mai mult timp cu studiul, poate aveți examene sau îi pregătiți pe copii pentru școală, evaluări, diverse.	fem	Neti Sandu	negativ
440_4.wav	Pești. O să dați zor să vă eliberați de greutăți, restanțe și să vă croiți un nou drum care să vă propulseze în carieră.	fem	Neti Sandu	pozitiv
440_6.wav	Taur. E cineva care încearcă să se apropie de voi și dacă sunteți căsătoriți o să vă lăsați purtați de sentimente și o să fie frumos.	fem	Neti Sandu	pozitiv
446_1.wav	O să ne bucurăm de prezența unor oameni care ne-au lipsit și de la care o să primim vești bune și o să ne condimentăm frumos viața în weekend.	fem	Neti Sandu	pozitiv
446_8.wav	Gemeni, relația cu partenerul de cuplu o să ajungă la o acalmie după o perioadă de tensiuni și neînțelegeri care vă destabilizaseră.	fem	Neti Sandu	negativ
450_12.wav	Scorpion, e cineva care e interesat de voi și poate faceți cumva să vă evaluați și voi sentimentele ca să știți cum răspundeți.	fem	Neti Sandu	pozitiv
450_4.wav	Pești, vine cineva care așteaptă de ceva vreme să vă întâlniți și o să vă prindă bine să luați pulsul relației.	fem	Neti Sandu	pozitiv
454_7.wav	Taur, poate știu eu v-au rămas niște aspecte legate de sănătate de trecut în revistă și nu o să evitați mersul la doctor.	fem	Neti Sandu	negativ
454_8.wav	Gemeni, poate plănuiți o plecare în străinătate ca să vă perfecționați într-un domeniu și o să meargă strună.	fem	Neti Sandu	pozitiv
461_13.wav	Balanța. O să întâlniți pe cineva care e pe lungimea voastră de undă și poate evaluați de la bun început cât de bine vă potriviți.	fem	Neti Sandu	pozitiv
461_14.wav	Scorpion. E momentul să respectați promisiunile și să vă duceți cu copiii acolo unde le-ați promis	fem	Neti Sandu	pozitiv
461_3.wav	E posibil să primiți un cadou care v-o fi așteptat de la Crăciun și abia acum o să aflați ce ați primit.	fem	Neti Sandu	pozitiv
461_7.wav	Berbec. Prietenii vă iau pe sus ca să vă duceți într-o zonă de agrement, fie în orașul în care locuiți, fie în altul, în plimbare.	fem	Neti Sandu	pozitiv
465_1.wav	Să evităm excesele în primul rând și, în al doilea rând, să ne dăm întâlnire cu oameni dragi nouă, ca să ne meargă bine tot anul.	fem	Neti Sandu	pozitiv
465_2.wav	Vibrația zilei este șase și să punem la conservă armonia ca să fie cu noi mereu.	fem	Neti Sandu	pozitiv
465_4.wav	O să vă bucurați de o invitație pe undeva prin împrejurimi și o să luați și voi o gură de aer proaspăt, să vă revigorați.	fem	Neti Sandu	pozitiv
465_5.wav	Vărsător. Se poate să vă dați întâlnire cu grupul de prieteni și să treceți în revistă în momentele festive, mondene, din oraș.	fem	Neti Sandu	pozitiv
467_14.wav	Gemeni, bine ar fi să perfectați comunicarea ca să vă înțelegeți și mai bine cu partenerul de cuplu	fem	Neti Sandu	pozitiv
467_16.wav	Rac, se poate să apară cineva și să vă propună o colaborare și dacă aveți un program mai relaxat, vă puteți încumeta.	fem	Neti Sandu	pozitiv
467_17.wav	Leu, sunt niște oameni care v-au dus dorul și poate faceți cumva să vă întâlniți, că aveți multe de povestit.	fem	Neti Sandu	pozitiv
470_11.wav	Fecioara. Sfera sentimentală e într-o renovare și o să reparați ce se poate pe acolo, ce se stricase și vă restartați că ați descoperit ce nu mergea.	fem	Neti Sandu	pozitiv
470_13.wav	Scorpion. Vi se poate semna un act care să vă dea niște libertăți, care să vă aducă mai aproape de un succes profesional.	fem	Neti Sandu	pozitiv
470_3.wav	Vărsător. O să perfectați comunicarea, poate găsiți o altă formulă de exprimare de la o tribună care să vă pună în valoare niște aptitudini, un crez.	fem	Neti Sandu	pozitiv
470_4.wav	Pești. E posibil să revină un angajator care să vă cointereseze așa la un job care v-ar aduce bani și notorietate.	fem	Neti Sandu	pozitiv
470_9.wav	Rac. Vi se recunosc niște merite, poate căpătați un titlu, vă completați CV-ul cu noi performanțe notabile.	fem	Neti Sandu	pozitiv
489_10.wav	Fecioara. O să vă exprimați intențiile la noapte și poate faceți anunțul de căsătorie sau că veți avea un copil.	fem	Neti Sandu	pozitiv
492_13.wav	Scorpion, aveți mare așteptări de la serviciu, ați muncit enorm, dar și conducerea își va spori pretențiile din ianuarie încolo.	fem	Neti Sandu	negativ
492_14.wav	Săgetător, e cineva care o să revină după o absență îndelungată și de aici poate veni stabilitatea voastră în plan afectiv.	fem	Neti Sandu	pozitiv
492_6.wav	Taur, poate vă parvine un rezultat școlar și o să vă organizați timpul liber în funcție de cursuri, examene.	fem	Neti Sandu	pozitiv
6_10.wav	Capricorn. Se poate să primiți o invitație de onoare la o ceremonie și să revedeți prieteni, rude pe care nu le-oți mai fi văzut cine știe de când.	fem	Neti Sandu	pozitiv
6_16.wav	O zi cu vești bune!	fem	Neti Sandu	pozitiv
6_8.wav	Scorpion. O să vă faceți timp să vă vedeți cu rudele și cu prietenii ca să schimbați impresii, să vă puneți în funcțiune intuiția, creativitatea.	fem	Neti Sandu	pozitiv
86_15.wav	Poate vă pică cu tronc cineva care e nou apărut în peisaj și nu o să vă dezmeticiți ușor.	fem	Neti Sandu	negativ
86_16.wav	Berbec. Relația de cuplu devine și mai solidă poate pentru că ați pus punctul pe i și sinceritatea e cea care vă salvează.	fem	Neti Sandu	pozitiv
86_9.wav	Scorpion. Răspunsul pe care l-așteptați de la cineva de care sunteți îndrăgostiți sosește	fem	Neti Sandu	pozitiv
88_14.wav	O zi frumoasă!	fem	Neti Sandu	pozitiv
88_5.wav	Balanța. Se poate să vă invite cineva într-o plimbare sau măcar la o cină romantică și o să vă lăsați curtați de vrajă ca să intrați în atmosfera de vis.	fem	Neti Sandu	pozitiv
89_10.wav	Scorpion. O să faceți cheltuieli suplimentare ca să vă puteți duce în vizită la spectacole. Peste tot, cu alte cuvinte.	fem	Neti Sandu	negativ
89_14.wav	Pești. Se anunță un party care poate avea loc la voi acasă, ori poate vă duceți la un restaurant, o terasă ca să evitați deranjul.	fem	Neti Sandu	pozitiv
91_15.wav	Taur. Se va lua o decizie legată de casă și o să trebuiască să-și spună fiecare părerea și apoi să vedeți ce hotărâți, vă mutați	fem	Neti Sandu	negativ
93_14.wav	Pești. Poate luați o decizie referitoare la căsnicia voastră și nu va fi deloc ușor, dar o să țineți cont de toate implicațiile.	fem	Neti Sandu	negativ
96_1.wav	O zi cu vești bune. Să fixăm de la bun început.	fem	Neti Sandu	pozitiv
96_12.wav	Capricorn. E cineva care vă scoate la plimbare prin oraș, deși voi ați prefera să munciți în timpul liber.	fem	Neti Sandu	negativ
96_15.wav	Berbec. Partenerul de cuplu are mai tot timpul să vă reproșeze câte ceva, dar nu intrați în jocul ăsta periculos, tratați cu puțină indiferență.	fem	Neti Sandu	negativ
98_1.wav	O să ne centrăm pe noi înșine ca să avem putere, să reușim tot ce ne-am propus, că solicitări o să vedeți că vin din toate direcțiile.	fem	Neti Sandu	pozitiv
98_12.wav	Scorpion. O să vă bucurați de revederea unor oameni	fem	Neti Sandu	pozitiv
98_2.wav	Vibrația zilei este șase și armonia ne dă târcoale așa și noi o să o îmbrățișăm.	fem	Neti Sandu	pozitiv
98_22.wav	Taur. Se pare că ați întâlnit pe cineva de care să aveți nevoie și în continuare,	fem	Neti Sandu	pozitiv
98_3.wav	Să vedem ce se întâmplă în fiecare dintre zodii. Gemeni. Se poate să faceți ceva inedit, să vă alăturați unui grup ca să faceți mișcare,	fem	Neti Sandu	pozitiv
9_10.wav	Pești. Vă invită cineva la un eveniment, mai cu pretenții așa, și o să aveți și voi partea voastră de contribuție, poate e o gală.	fem	Neti Sandu	pozitiv
9_12.wav	Taur. O să vă facă plăcere să-i chemați pe la voi pe prieteni ca să le gătiți ceva bun și să stați la povești, la un pahar de vorbă.	fem	Neti Sandu	pozitiv
